[2026-07-24 08:49:43] [DISPATCHER] Dispatcher ready.
[2026-07-24 08:49:44] Logged in as DJdive
[2026-07-24 08:51:32] Switching to #marasshakursamp
[2026-07-24 08:51:35] [DISPATCHER] Switching to #marasshakursamp...
[2026-07-24 08:51:35] [DISPATCHER] Loading stream: #marasshakursamp
[2026-07-24 08:51:35] RAID ANNOUNCEMENT: {'type': 'stream', 'streamer': 'marasshakursamp'}
[2026-07-24 08:51:35] [DISPATCHER] ▶ Watching #marasshakursamp
[2026-07-24 08:51:35] [DISPATCHER] Stream switched successfully to #marasshakursamp.
[2026-07-24 08:51:36] Chat connecting to #marasshakursamp
[2026-07-24 08:51:36] [RAID] Raid monitor started for marasshakursamp
[2026-07-24 08:51:37] [RAID] Connecting to Twitch EventSub for marasshakursamp...
[2026-07-24 08:51:37] [RAID] EventSub WebSocket connected for marasshakursamp
[2026-07-24 08:51:37] [RAID] EventSub session established.
[2026-07-24 08:51:37] [RAID] Resolved marasshakursamp to Twitch ID 867967600
[2026-07-24 08:51:37] [RAID] Creating Twitch raid subscription...
[2026-07-24 08:51:37] [RAID] 🟢 Monitoring raids from #marasshakursamp
[2026-07-24 08:54:36] Switching to #knig04ei
[2026-07-24 08:54:40] [DISPATCHER] Switching to #knig04ei...
[2026-07-24 08:54:40] [DISPATCHER] Loading stream: #knig04ei
[2026-07-24 08:54:40] RAID ANNOUNCEMENT: {'type': 'stream', 'streamer': 'knig04ei'}
[2026-07-24 08:54:40] [DISPATCHER] ▶ Watching #knig04ei
[2026-07-24 08:54:40] [DISPATCHER] Stream switched successfully to #knig04ei.
[2026-07-24 08:54:41] Chat connecting to #knig04ei
[2026-07-24 08:54:41] [RAID] Raid monitor stopped.
[2026-07-24 08:54:41] [RAID] Raid monitor started for knig04ei
[2026-07-24 08:54:42] [RAID] Connecting to Twitch EventSub for knig04ei...
[2026-07-24 08:54:42] [RAID] EventSub WebSocket connected for knig04ei
[2026-07-24 08:54:42] [RAID] EventSub session established.
[2026-07-24 08:54:42] [RAID] Resolved knig04ei to Twitch ID 559167395
[2026-07-24 08:54:42] [RAID] Creating Twitch raid subscription...
[2026-07-24 08:54:42] [RAID] 🟢 Monitoring raids from #knig04ei
[2026-07-24 08:54:46] [RAID] Monitored channel changed.
[2026-07-24 08:54:52] [RAID] Connecting to Twitch EventSub for knig04ei...
[2026-07-24 08:54:52] [RAID] EventSub WebSocket connected for knig04ei
[2026-07-24 08:54:52] [RAID] EventSub session established.
[2026-07-24 08:54:52] [RAID] Resolved knig04ei to Twitch ID 559167395
[2026-07-24 08:54:52] [RAID] Creating Twitch raid subscription...
[2026-07-24 08:54:52] [RAID] 🟢 Monitoring raids from #knig04ei
[2026-07-24 08:58:15] Logged in as DJdive
[2026-07-24 08:58:25] Switching to #marasshakursamp
[2026-07-24 08:58:29] VIDEO ERROR: 'VideoWindow' object has no attribute 'switch_stream'
[2026-07-24 08:58:33] Switching to #andrewpwnzz
[2026-07-24 08:58:36] VIDEO ERROR: 'VideoWindow' object has no attribute 'switch_stream'
[2026-07-24 08:58:53] Logged in as DJdive
[2026-07-24 08:59:03] Switching to #marasshakursamp
[2026-07-24 08:59:06] VIDEO ERROR: 'VideoWindow' object has no attribute 'switch_stream'
[2026-07-24 09:00:52] [DISPATCHER] Dispatcher ready.
[2026-07-24 09:00:53] Logged in as DJdive
[2026-07-24 09:00:59] Switching to #marasshakursamp
[2026-07-24 09:01:03] [DISPATCHER] Switching to #marasshakursamp...
[2026-07-24 09:01:03] [DISPATCHER] Loading stream: #marasshakursamp
[2026-07-24 09:01:03] RAID ANNOUNCEMENT: {'type': 'stream', 'streamer': 'marasshakursamp'}
[2026-07-24 09:01:03] [DISPATCHER] ▶ Watching #marasshakursamp
[2026-07-24 09:01:03] [DISPATCHER] Stream switched successfully to #marasshakursamp.
[2026-07-24 09:01:04] Chat connecting to #marasshakursamp
[2026-07-24 09:01:04] [RAID] Raid monitor started for marasshakursamp
[2026-07-24 09:01:05] [RAID] Connecting to Twitch EventSub for marasshakursamp...
[2026-07-24 09:01:05] [RAID] EventSub WebSocket connected for marasshakursamp
[2026-07-24 09:01:05] [RAID] EventSub session established.
[2026-07-24 09:01:05] [RAID] Resolved marasshakursamp to Twitch ID 867967600
[2026-07-24 09:01:05] [RAID] Creating Twitch raid subscription...
[2026-07-24 09:01:05] [RAID] 🟢 Monitoring raids from #marasshakursamp
[2026-07-24 09:07:15] [STREAM] Dispatcher ready.
[2026-07-24 09:07:16] Logged in as DJdive
[2026-07-24 09:07:17] Resuming last channel: #knig04ei
[2026-07-24 09:07:17] Switching to #knig04ei
[2026-07-24 09:07:21] [STREAM] Switching to #knig04ei...
[2026-07-24 09:07:21] [STREAM] Loading stream: #knig04ei
[2026-07-24 09:07:21] [STREAM] ▶ Watching #knig04ei
[2026-07-24 09:07:21] [STREAM] Stream switched successfully to #knig04ei.
[2026-07-24 09:07:22] Chat connecting to #knig04ei
[2026-07-24 09:07:22] [RAID] Raid monitor started for knig04ei
[2026-07-24 09:07:22] [RAID] Connecting to Twitch EventSub for knig04ei...
[2026-07-24 09:07:23] [RAID] EventSub WebSocket connected for knig04ei
[2026-07-24 09:07:23] [RAID] EventSub session established.
[2026-07-24 09:07:23] [RAID] Resolved knig04ei to Twitch ID 559167395
[2026-07-24 09:07:23] [RAID] Creating Twitch raid subscription...
[2026-07-24 09:07:23] [RAID] 🟢 Monitoring raids from #knig04ei
[2026-07-24 09:18:48] [STREAM] Dispatcher ready.
[2026-07-24 09:18:49] Logged in as DJdive
[2026-07-24 09:18:50] Resuming last channel: #knig04ei
[2026-07-24 09:18:50] Switching to #knig04ei
[2026-07-24 09:18:54] [STREAM] Switching to #knig04ei...
[2026-07-24 09:18:54] [STREAM] Loading stream: #knig04ei
[2026-07-24 09:18:54] [STREAM] ▶ Watching #knig04ei
[2026-07-24 09:18:54] [STREAM] Stream switched successfully to #knig04ei.
[2026-07-24 09:18:54] Chat connecting to #knig04ei
[2026-07-24 09:18:54] [RAID] Raid monitor started for knig04ei
[2026-07-24 09:18:55] [RAID] Connecting to Twitch EventSub for knig04ei...
[2026-07-24 09:18:56] [RAID] EventSub WebSocket connected for knig04ei
[2026-07-24 09:18:56] [RAID] EventSub session established.
[2026-07-24 09:18:56] [RAID] Resolved knig04ei to Twitch ID 559167395
[2026-07-24 09:18:56] [RAID] Creating Twitch raid subscription...
[2026-07-24 09:18:56] [RAID] 🟢 Monitoring raids from #knig04ei
[2026-07-24 09:20:11] Switching to #aleksandria94
[2026-07-24 09:20:13] [STREAM] Switching to #aleksandria94...
[2026-07-24 09:20:13] [STREAM] Loading stream: #aleksandria94
[2026-07-24 09:20:13] RAID ANNOUNCEMENT: {'type': 'stream', 'streamer': 'aleksandria94'}
[2026-07-24 09:20:13] [STREAM] ▶ Watching #aleksandria94
[2026-07-24 09:20:13] [STREAM] Stream switched successfully to #aleksandria94.
[2026-07-24 09:20:14] Chat connecting to #aleksandria94
[2026-07-24 09:20:14] [RAID] Raid monitor stopped.
[2026-07-24 09:20:14] [RAID] Raid monitor started for aleksandria94
[2026-07-24 09:20:15] [RAID] Connecting to Twitch EventSub for aleksandria94...
[2026-07-24 09:20:15] [RAID] EventSub WebSocket connected for aleksandria94
[2026-07-24 09:20:15] [RAID] EventSub session established.
[2026-07-24 09:20:15] [RAID] Resolved aleksandria94 to Twitch ID 866167736
[2026-07-24 09:20:15] [RAID] Creating Twitch raid subscription...
[2026-07-24 09:20:15] [RAID] Monitored channel changed.
[2026-07-24 09:20:15] [RAID] 🟢 Monitoring raids from #aleksandria94
[2026-07-24 09:20:20] [RAID] Connecting to Twitch EventSub for aleksandria94...
[2026-07-24 09:20:20] [RAID] EventSub WebSocket connected for aleksandria94
[2026-07-24 09:20:20] [RAID] EventSub session established.
[2026-07-24 09:20:21] [RAID] Resolved aleksandria94 to Twitch ID 866167736
[2026-07-24 09:20:21] [RAID] Creating Twitch raid subscription...
[2026-07-24 09:20:22] [RAID] 🟢 Monitoring raids from #aleksandria94
[2026-07-24 09:23:49] [STREAM] Dispatcher ready.
[2026-07-24 09:23:50] Logged in as DJdive
[2026-07-24 09:23:51] Resuming last channel: #aleksandria94
[2026-07-24 09:23:51] Switching to #aleksandria94
[2026-07-24 09:23:53] [STREAM] Switching to #aleksandria94...
[2026-07-24 09:23:53] [STREAM] Loading stream: #aleksandria94
[2026-07-24 09:23:54] [STREAM] ▶ Watching #aleksandria94
[2026-07-24 09:23:54] [STREAM] Stream switched successfully to #aleksandria94.
[2026-07-24 09:23:54] Chat connecting to #aleksandria94
[2026-07-24 09:23:54] [RAID] Raid monitor started for aleksandria94
[2026-07-24 09:23:54] [RAID] Connecting to Twitch EventSub for aleksandria94...
[2026-07-24 09:23:56] [RAID] EventSub WebSocket connected for aleksandria94
[2026-07-24 09:23:56] [RAID] EventSub session established.
[2026-07-24 09:23:56] [RAID] Resolved aleksandria94 to Twitch ID 866167736
[2026-07-24 09:23:56] [RAID] Creating Twitch raid subscription...
[2026-07-24 09:23:56] [RAID] 🟢 Monitoring raids from #aleksandria94
[2026-07-24 09:29:21] [STREAM] Dispatcher ready.
[2026-07-24 09:29:22] Logged in as DJdive
[2026-07-24 09:29:23] Resuming last channel: #aleksandria94
[2026-07-24 09:29:23] Switching to #aleksandria94
[2026-07-24 09:29:26] [STREAM] Switching to #aleksandria94...
[2026-07-24 09:29:26] [STREAM] Loading stream: #aleksandria94
[2026-07-24 09:29:26] [STREAM] ▶ Watching #aleksandria94
[2026-07-24 09:29:26] [STREAM] Stream switched successfully to #aleksandria94.
[2026-07-24 09:29:27] Chat connecting to #aleksandria94
[2026-07-24 09:29:27] [RAID] Raid monitor started for aleksandria94
[2026-07-24 09:29:27] [RAID] Connecting to Twitch EventSub for aleksandria94...
[2026-07-24 09:29:28] [RAID] EventSub WebSocket connected for aleksandria94
[2026-07-24 09:29:28] [RAID] EventSub session established.
[2026-07-24 09:29:28] [RAID] Resolved aleksandria94 to Twitch ID 866167736
[2026-07-24 09:29:28] [RAID] Creating Twitch raid subscription...
[2026-07-24 09:29:28] [RAID] 🟢 Monitoring raids from #aleksandria94
[2026-07-24 09:33:14] [STREAM] Dispatcher ready.
[2026-07-24 09:33:14] Logged in as DJdive
[2026-07-24 09:33:15] Resuming last channel: #aleksandria94
[2026-07-24 09:33:15] Switching to #aleksandria94
[2026-07-24 09:33:18] [STREAM] Switching to #aleksandria94...
[2026-07-24 09:33:18] [STREAM] Loading stream: #aleksandria94
[2026-07-24 09:33:18] [STREAM] ▶ Watching #aleksandria94
[2026-07-24 09:33:18] [STREAM] Stream switched successfully to #aleksandria94.
[2026-07-24 09:33:19] Chat connecting to #aleksandria94
[2026-07-24 09:33:19] [RAID] Raid monitor started for aleksandria94
[2026-07-24 09:33:19] [RAID] Connecting to Twitch EventSub for aleksandria94...
[2026-07-24 09:33:20] [RAID] EventSub WebSocket connected for aleksandria94
[2026-07-24 09:33:20] [RAID] EventSub session established.
[2026-07-24 09:33:20] [RAID] Resolved aleksandria94 to Twitch ID 866167736
[2026-07-24 09:33:20] [RAID] Creating Twitch raid subscription...
[2026-07-24 09:33:20] [RAID] 🟢 Monitoring raids from #aleksandria94
[2026-07-24 09:40:14] [STREAM] Dispatcher ready.
[2026-07-24 09:40:14] Logged in as DJdive
[2026-07-24 09:40:16] Resuming last channel: #aleksandria94
[2026-07-24 09:40:16] Switching to #aleksandria94
[2026-07-24 09:40:18] [STREAM] Switching to #aleksandria94...
[2026-07-24 09:40:18] [STREAM] Loading stream: #aleksandria94
[2026-07-24 09:40:18] [STREAM] ▶ Watching #aleksandria94
[2026-07-24 09:40:18] [STREAM] Stream switched successfully to #aleksandria94.
[2026-07-24 09:40:19] Chat connecting to #aleksandria94
[2026-07-24 09:40:19] [RAID] Raid monitor started for aleksandria94
[2026-07-24 09:40:19] [RAID] Connecting to Twitch EventSub for aleksandria94...
[2026-07-24 09:40:20] [RAID] EventSub WebSocket connected for aleksandria94
[2026-07-24 09:40:20] [RAID] EventSub session established.
[2026-07-24 09:40:20] [RAID] Resolved aleksandria94 to Twitch ID 866167736
[2026-07-24 09:40:20] [RAID] Creating Twitch raid subscription...
[2026-07-24 09:40:20] [RAID] 🟢 Monitoring raids from #aleksandria94
[2026-07-24 10:09:47] CHANNEL REFRESH ERROR: Twitch API error 500:
{"error":"Internal Server Error","status":500,"message":""}
[2026-07-24 11:27:27] CHANNEL REFRESH ERROR: Twitch user OAuth token is invalid or expired.

{"error":"Unauthorized","status":401,"message":"Invalid OAuth token"}
[2026-07-24 11:27:29] CHANNEL REFRESH ERROR: Twitch user OAuth token is invalid or expired.

{"error":"Unauthorized","status":401,"message":"Invalid OAuth token"}
[2026-07-24 11:27:31] CHANNEL REFRESH ERROR: Twitch user OAuth token is invalid or expired.

{"error":"Unauthorized","status":401,"message":"Invalid OAuth token"}
[2026-07-24 11:27:33] CHANNEL REFRESH ERROR: Twitch user OAuth token is invalid or expired.

{"error":"Unauthorized","status":401,"message":"Invalid OAuth token"}
[2026-07-24 11:27:35] CHANNEL REFRESH ERROR: Twitch user OAuth token is invalid or expired.

{"error":"Unauthorized","status":401,"message":"Invalid OAuth token"}
[2026-07-24 11:27:37] CHANNEL REFRESH ERROR: Twitch user OAuth token is invalid or expired.

{"error":"Unauthorized","status":401,"message":"Invalid OAuth token"}
[2026-07-24 11:27:39] CHANNEL REFRESH ERROR: Twitch user OAuth token is invalid or expired.

{"error":"Unauthorized","status":401,"message":"Invalid OAuth token"}
[2026-07-24 11:27:41] CHANNEL REFRESH ERROR: Twitch user OAuth token is invalid or expired.

{"error":"Unauthorized","status":401,"message":"Invalid OAuth token"}
[2026-07-24 11:27:43] CHANNEL REFRESH ERROR: Twitch user OAuth token is invalid or expired.

{"error":"Unauthorized","status":401,"message":"Invalid OAuth token"}
[2026-07-24 11:27:45] CHANNEL REFRESH ERROR: Twitch user OAuth token is invalid or expired.

{"error":"Unauthorized","status":401,"message":"Invalid OAuth token"}
[2026-07-24 11:27:47] CHANNEL REFRESH ERROR: Twitch user OAuth token is invalid or expired.

{"error":"Unauthorized","status":401,"message":"Invalid OAuth token"}
[2026-07-24 11:27:49] CHANNEL REFRESH ERROR: Twitch user OAuth token is invalid or expired.

{"error":"Unauthorized","status":401,"message":"Invalid OAuth token"}
[2026-07-24 11:27:51] CHANNEL REFRESH ERROR: Twitch user OAuth token is invalid or expired.

{"error":"Unauthorized","status":401,"message":"Invalid OAuth token"}
[2026-07-24 11:27:53] CHANNEL REFRESH ERROR: Twitch user OAuth token is invalid or expired.

{"error":"Unauthorized","status":401,"message":"Invalid OAuth token"}
[2026-07-24 11:27:55] CHANNEL REFRESH ERROR: Twitch user OAuth token is invalid or expired.

{"error":"Unauthorized","status":401,"message":"Invalid OAuth token"}
[2026-07-24 11:27:57] CHANNEL REFRESH ERROR: Twitch user OAuth token is invalid or expired.

{"error":"Unauthorized","status":401,"message":"Invalid OAuth token"}
[2026-07-24 11:27:59] CHANNEL REFRESH ERROR: Twitch user OAuth token is invalid or expired.

{"error":"Unauthorized","status":401,"message":"Invalid OAuth token"}
[2026-07-24 11:28:01] CHANNEL REFRESH ERROR: Twitch user OAuth token is invalid or expired.

{"error":"Unauthorized","status":401,"message":"Invalid OAuth token"}
[2026-07-24 11:28:03] CHANNEL REFRESH ERROR: Twitch user OAuth token is invalid or expired.

{"error":"Unauthorized","status":401,"message":"Invalid OAuth token"}
[2026-07-24 11:28:05] CHANNEL REFRESH ERROR: Twitch user OAuth token is invalid or expired.

{"error":"Unauthorized","status":401,"message":"Invalid OAuth token"}
[2026-07-24 11:28:07] CHANNEL REFRESH ERROR: Twitch user OAuth token is invalid or expired.

{"error":"Unauthorized","status":401,"message":"Invalid OAuth token"}
[2026-07-24 11:28:09] CHANNEL REFRESH ERROR: Twitch user OAuth token is invalid or expired.

{"error":"Unauthorized","status":401,"message":"Invalid OAuth token"}
[2026-07-24 11:28:11] CHANNEL REFRESH ERROR: Twitch user OAuth token is invalid or expired.

{"error":"Unauthorized","status":401,"message":"Invalid OAuth token"}
[2026-07-24 11:28:13] CHANNEL REFRESH ERROR: Twitch user OAuth token is invalid or expired.

{"error":"Unauthorized","status":401,"message":"Invalid OAuth token"}
[2026-07-24 11:28:15] CHANNEL REFRESH ERROR: Twitch user OAuth token is invalid or expired.

{"error":"Unauthorized","status":401,"message":"Invalid OAuth token"}
[2026-07-24 11:28:17] CHANNEL REFRESH ERROR: Twitch user OAuth token is invalid or expired.

{"error":"Unauthorized","status":401,"message":"Invalid OAuth token"}
[2026-07-24 11:28:19] CHANNEL REFRESH ERROR: Twitch user OAuth token is invalid or expired.

{"error":"Unauthorized","status":401,"message":"Invalid OAuth token"}
[2026-07-24 11:28:21] CHANNEL REFRESH ERROR: Twitch user OAuth token is invalid or expired.

{"error":"Unauthorized","status":401,"message":"Invalid OAuth token"}
[2026-07-24 11:28:23] CHANNEL REFRESH ERROR: Twitch user OAuth token is invalid or expired.

{"error":"Unauthorized","status":401,"message":"Invalid OAuth token"}
[2026-07-24 11:28:25] CHANNEL REFRESH ERROR: Twitch user OAuth token is invalid or expired.

{"error":"Unauthorized","status":401,"message":"Invalid OAuth token"}
[2026-07-24 11:28:27] CHANNEL REFRESH ERROR: Twitch user OAuth token is invalid or expired.

{"error":"Unauthorized","status":401,"message":"Invalid OAuth token"}
[2026-07-24 11:28:29] CHANNEL REFRESH ERROR: Twitch user OAuth token is invalid or expired.

{"error":"Unauthorized","status":401,"message":"Invalid OAuth token"}
[2026-07-24 11:28:31] CHANNEL REFRESH ERROR: Twitch user OAuth token is invalid or expired.

{"error":"Unauthorized","status":401,"message":"Invalid OAuth token"}
[2026-07-24 11:28:33] CHANNEL REFRESH ERROR: Twitch user OAuth token is invalid or expired.

{"error":"Unauthorized","status":401,"message":"Invalid OAuth token"}
[2026-07-24 11:28:35] CHANNEL REFRESH ERROR: Twitch user OAuth token is invalid or expired.

{"error":"Unauthorized","status":401,"message":"Invalid OAuth token"}
[2026-07-24 11:28:37] CHANNEL REFRESH ERROR: Twitch user OAuth token is invalid or expired.

{"error":"Unauthorized","status":401,"message":"Invalid OAuth token"}
[2026-07-24 11:28:39] CHANNEL REFRESH ERROR: Twitch user OAuth token is invalid or expired.

{"error":"Unauthorized","status":401,"message":"Invalid OAuth token"}
[2026-07-24 11:28:41] CHANNEL REFRESH ERROR: Twitch user OAuth token is invalid or expired.

{"error":"Unauthorized","status":401,"message":"Invalid OAuth token"}
[2026-07-24 11:28:43] CHANNEL REFRESH ERROR: Twitch user OAuth token is invalid or expired.

{"error":"Unauthorized","status":401,"message":"Invalid OAuth token"}
[2026-07-24 11:28:45] CHANNEL REFRESH ERROR: Twitch user OAuth token is invalid or expired.

{"error":"Unauthorized","status":401,"message":"Invalid OAuth token"}
[2026-07-24 11:28:47] CHANNEL REFRESH ERROR: Twitch user OAuth token is invalid or expired.

{"error":"Unauthorized","status":401,"message":"Invalid OAuth token"}
[2026-07-24 11:28:49] CHANNEL REFRESH ERROR: Twitch user OAuth token is invalid or expired.

{"error":"Unauthorized","status":401,"message":"Invalid OAuth token"}
[2026-07-24 11:28:51] CHANNEL REFRESH ERROR: Twitch user OAuth token is invalid or expired.

{"error":"Unauthorized","status":401,"message":"Invalid OAuth token"}
[2026-07-24 11:28:53] CHANNEL REFRESH ERROR: Twitch user OAuth token is invalid or expired.

{"error":"Unauthorized","status":401,"message":"Invalid OAuth token"}
[2026-07-24 11:28:55] CHANNEL REFRESH ERROR: Twitch user OAuth token is invalid or expired.

{"error":"Unauthorized","status":401,"message":"Invalid OAuth token"}
[2026-07-24 11:28:57] CHANNEL REFRESH ERROR: Twitch user OAuth token is invalid or expired.

{"error":"Unauthorized","status":401,"message":"Invalid OAuth token"}
[2026-07-24 11:28:59] CHANNEL REFRESH ERROR: Twitch user OAuth token is invalid or expired.

{"error":"Unauthorized","status":401,"message":"Invalid OAuth token"}
[2026-07-24 11:29:01] CHANNEL REFRESH ERROR: Twitch user OAuth token is invalid or expired.

{"error":"Unauthorized","status":401,"message":"Invalid OAuth token"}
[2026-07-24 11:29:03] CHANNEL REFRESH ERROR: Twitch user OAuth token is invalid or expired.

{"error":"Unauthorized","status":401,"message":"Invalid OAuth token"}
[2026-07-24 11:29:05] CHANNEL REFRESH ERROR: Twitch user OAuth token is invalid or expired.

{"error":"Unauthorized","status":401,"message":"Invalid OAuth token"}
[2026-07-24 11:29:07] CHANNEL REFRESH ERROR: Twitch user OAuth token is invalid or expired.

{"error":"Unauthorized","status":401,"message":"Invalid OAuth token"}
[2026-07-24 11:29:09] CHANNEL REFRESH ERROR: Twitch user OAuth token is invalid or expired.

{"error":"Unauthorized","status":401,"message":"Invalid OAuth token"}
[2026-07-24 11:29:11] CHANNEL REFRESH ERROR: Twitch user OAuth token is invalid or expired.

{"error":"Unauthorized","status":401,"message":"Invalid OAuth token"}
[2026-07-24 11:29:13] CHANNEL REFRESH ERROR: Twitch user OAuth token is invalid or expired.

{"error":"Unauthorized","status":401,"message":"Invalid OAuth token"}
[2026-07-24 11:29:15] CHANNEL REFRESH ERROR: Twitch user OAuth token is invalid or expired.

{"error":"Unauthorized","status":401,"message":"Invalid OAuth token"}
[2026-07-24 11:29:17] CHANNEL REFRESH ERROR: Twitch user OAuth token is invalid or expired.

{"error":"Unauthorized","status":401,"message":"Invalid OAuth token"}
[2026-07-24 11:29:19] CHANNEL REFRESH ERROR: Twitch user OAuth token is invalid or expired.

{"error":"Unauthorized","status":401,"message":"Invalid OAuth token"}
[2026-07-24 11:29:21] CHANNEL REFRESH ERROR: Twitch user OAuth token is invalid or expired.

{"error":"Unauthorized","status":401,"message":"Invalid OAuth token"}
[2026-07-24 11:29:23] CHANNEL REFRESH ERROR: Twitch user OAuth token is invalid or expired.

{"error":"Unauthorized","status":401,"message":"Invalid OAuth token"}
[2026-07-24 11:29:25] CHANNEL REFRESH ERROR: Twitch user OAuth token is invalid or expired.

{"error":"Unauthorized","status":401,"message":"Invalid OAuth token"}
[2026-07-24 11:29:27] CHANNEL REFRESH ERROR: Twitch user OAuth token is invalid or expired.

{"error":"Unauthorized","status":401,"message":"Invalid OAuth token"}
[2026-07-24 11:29:29] CHANNEL REFRESH ERROR: Twitch user OAuth token is invalid or expired.

{"error":"Unauthorized","status":401,"message":"Invalid OAuth token"}
[2026-07-24 11:29:31] CHANNEL REFRESH ERROR: Twitch user OAuth token is invalid or expired.

{"error":"Unauthorized","status":401,"message":"Invalid OAuth token"}
[2026-07-24 11:29:33] CHANNEL REFRESH ERROR: Twitch user OAuth token is invalid or expired.

{"error":"Unauthorized","status":401,"message":"Invalid OAuth token"}
[2026-07-24 11:29:35] CHANNEL REFRESH ERROR: Twitch user OAuth token is invalid or expired.

{"error":"Unauthorized","status":401,"message":"Invalid OAuth token"}
[2026-07-24 11:29:37] CHANNEL REFRESH ERROR: Twitch user OAuth token is invalid or expired.

{"error":"Unauthorized","status":401,"message":"Invalid OAuth token"}
[2026-07-24 11:29:39] CHANNEL REFRESH ERROR: Twitch user OAuth token is invalid or expired.

{"error":"Unauthorized","status":401,"message":"Invalid OAuth token"}
[2026-07-24 11:29:41] CHANNEL REFRESH ERROR: Twitch user OAuth token is invalid or expired.

{"error":"Unauthorized","status":401,"message":"Invalid OAuth token"}
[2026-07-24 11:29:43] CHANNEL REFRESH ERROR: Twitch user OAuth token is invalid or expired.

{"error":"Unauthorized","status":401,"message":"Invalid OAuth token"}
[2026-07-24 11:29:45] CHANNEL REFRESH ERROR: Twitch user OAuth token is invalid or expired.

{"error":"Unauthorized","status":401,"message":"Invalid OAuth token"}
[2026-07-24 11:29:47] CHANNEL REFRESH ERROR: Twitch user OAuth token is invalid or expired.

{"error":"Unauthorized","status":401,"message":"Invalid OAuth token"}
[2026-07-24 11:29:49] CHANNEL REFRESH ERROR: Twitch user OAuth token is invalid or expired.

{"error":"Unauthorized","status":401,"message":"Invalid OAuth token"}
[2026-07-24 11:29:51] CHANNEL REFRESH ERROR: Twitch user OAuth token is invalid or expired.

{"error":"Unauthorized","status":401,"message":"Invalid OAuth token"}
[2026-07-24 11:29:53] CHANNEL REFRESH ERROR: Twitch user OAuth token is invalid or expired.

{"error":"Unauthorized","status":401,"message":"Invalid OAuth token"}
[2026-07-24 11:29:55] CHANNEL REFRESH ERROR: Twitch user OAuth token is invalid or expired.

{"error":"Unauthorized","status":401,"message":"Invalid OAuth token"}
[2026-07-24 11:29:57] CHANNEL REFRESH ERROR: Twitch user OAuth token is invalid or expired.

{"error":"Unauthorized","status":401,"message":"Invalid OAuth token"}
[2026-07-24 11:29:59] CHANNEL REFRESH ERROR: Twitch user OAuth token is invalid or expired.

{"error":"Unauthorized","status":401,"message":"Invalid OAuth token"}
[2026-07-24 11:30:01] CHANNEL REFRESH ERROR: Twitch user OAuth token is invalid or expired.

{"error":"Unauthorized","status":401,"message":"Invalid OAuth token"}
[2026-07-24 11:30:03] CHANNEL REFRESH ERROR: Twitch user OAuth token is invalid or expired.

{"error":"Unauthorized","status":401,"message":"Invalid OAuth token"}
[2026-07-24 11:30:05] CHANNEL REFRESH ERROR: Twitch user OAuth token is invalid or expired.

{"error":"Unauthorized","status":401,"message":"Invalid OAuth token"}
[2026-07-24 11:30:07] CHANNEL REFRESH ERROR: Twitch user OAuth token is invalid or expired.

{"error":"Unauthorized","status":401,"message":"Invalid OAuth token"}
[2026-07-24 11:30:09] CHANNEL REFRESH ERROR: Twitch user OAuth token is invalid or expired.

{"error":"Unauthorized","status":401,"message":"Invalid OAuth token"}
[2026-07-24 11:30:11] CHANNEL REFRESH ERROR: Twitch user OAuth token is invalid or expired.

{"error":"Unauthorized","status":401,"message":"Invalid OAuth token"}
[2026-07-24 11:30:13] CHANNEL REFRESH ERROR: Twitch user OAuth token is invalid or expired.

{"error":"Unauthorized","status":401,"message":"Invalid OAuth token"}
[2026-07-24 11:30:15] CHANNEL REFRESH ERROR: Twitch user OAuth token is invalid or expired.

{"error":"Unauthorized","status":401,"message":"Invalid OAuth token"}
[2026-07-24 11:30:17] CHANNEL REFRESH ERROR: Twitch user OAuth token is invalid or expired.

{"error":"Unauthorized","status":401,"message":"Invalid OAuth token"}
[2026-07-24 11:30:19] CHANNEL REFRESH ERROR: Twitch user OAuth token is invalid or expired.

{"error":"Unauthorized","status":401,"message":"Invalid OAuth token"}
[2026-07-24 11:30:21] CHANNEL REFRESH ERROR: Twitch user OAuth token is invalid or expired.

{"error":"Unauthorized","status":401,"message":"Invalid OAuth token"}
[2026-07-24 11:30:23] CHANNEL REFRESH ERROR: Twitch user OAuth token is invalid or expired.

{"error":"Unauthorized","status":401,"message":"Invalid OAuth token"}
[2026-07-24 11:30:25] CHANNEL REFRESH ERROR: Twitch user OAuth token is invalid or expired.

{"error":"Unauthorized","status":401,"message":"Invalid OAuth token"}
[2026-07-24 11:30:27] CHANNEL REFRESH ERROR: Twitch user OAuth token is invalid or expired.

{"error":"Unauthorized","status":401,"message":"Invalid OAuth token"}
[2026-07-24 11:30:29] CHANNEL REFRESH ERROR: Twitch user OAuth token is invalid or expired.

{"error":"Unauthorized","status":401,"message":"Invalid OAuth token"}
[2026-07-24 11:30:31] CHANNEL REFRESH ERROR: Twitch user OAuth token is invalid or expired.

{"error":"Unauthorized","status":401,"message":"Invalid OAuth token"}
[2026-07-24 11:30:33] CHANNEL REFRESH ERROR: Twitch user OAuth token is invalid or expired.

{"error":"Unauthorized","status":401,"message":"Invalid OAuth token"}
[2026-07-24 11:30:35] CHANNEL REFRESH ERROR: Twitch user OAuth token is invalid or expired.

{"error":"Unauthorized","status":401,"message":"Invalid OAuth token"}
[2026-07-24 11:30:37] CHANNEL REFRESH ERROR: Twitch user OAuth token is invalid or expired.

{"error":"Unauthorized","status":401,"message":"Invalid OAuth token"}
[2026-07-24 11:30:39] CHANNEL REFRESH ERROR: Twitch user OAuth token is invalid or expired.

{"error":"Unauthorized","status":401,"message":"Invalid OAuth token"}
[2026-07-24 11:30:41] CHANNEL REFRESH ERROR: Twitch user OAuth token is invalid or expired.

{"error":"Unauthorized","status":401,"message":"Invalid OAuth token"}
[2026-07-24 11:30:43] CHANNEL REFRESH ERROR: Twitch user OAuth token is invalid or expired.

{"error":"Unauthorized","status":401,"message":"Invalid OAuth token"}
[2026-07-24 11:30:45] CHANNEL REFRESH ERROR: Twitch user OAuth token is invalid or expired.

{"error":"Unauthorized","status":401,"message":"Invalid OAuth token"}
[2026-07-24 11:30:47] CHANNEL REFRESH ERROR: Twitch user OAuth token is invalid or expired.

{"error":"Unauthorized","status":401,"message":"Invalid OAuth token"}
[2026-07-24 11:30:49] CHANNEL REFRESH ERROR: Twitch user OAuth token is invalid or expired.

{"error":"Unauthorized","status":401,"message":"Invalid OAuth token"}
[2026-07-24 11:30:51] CHANNEL REFRESH ERROR: Twitch user OAuth token is invalid or expired.

{"error":"Unauthorized","status":401,"message":"Invalid OAuth token"}
[2026-07-24 11:30:53] CHANNEL REFRESH ERROR: Twitch user OAuth token is invalid or expired.

{"error":"Unauthorized","status":401,"message":"Invalid OAuth token"}
[2026-07-24 11:30:55] CHANNEL REFRESH ERROR: Twitch user OAuth token is invalid or expired.

{"error":"Unauthorized","status":401,"message":"Invalid OAuth token"}
[2026-07-24 11:30:57] CHANNEL REFRESH ERROR: Twitch user OAuth token is invalid or expired.

{"error":"Unauthorized","status":401,"message":"Invalid OAuth token"}
[2026-07-24 11:30:59] CHANNEL REFRESH ERROR: Twitch user OAuth token is invalid or expired.

{"error":"Unauthorized","status":401,"message":"Invalid OAuth token"}
[2026-07-24 11:31:01] CHANNEL REFRESH ERROR: Twitch user OAuth token is invalid or expired.

{"error":"Unauthorized","status":401,"message":"Invalid OAuth token"}
[2026-07-24 11:31:03] CHANNEL REFRESH ERROR: Twitch user OAuth token is invalid or expired.

{"error":"Unauthorized","status":401,"message":"Invalid OAuth token"}
[2026-07-24 11:31:05] CHANNEL REFRESH ERROR: Twitch user OAuth token is invalid or expired.

{"error":"Unauthorized","status":401,"message":"Invalid OAuth token"}
[2026-07-24 11:31:07] CHANNEL REFRESH ERROR: Twitch user OAuth token is invalid or expired.

{"error":"Unauthorized","status":401,"message":"Invalid OAuth token"}
[2026-07-24 11:31:09] CHANNEL REFRESH ERROR: Twitch user OAuth token is invalid or expired.

{"error":"Unauthorized","status":401,"message":"Invalid OAuth token"}
[2026-07-24 11:31:11] CHANNEL REFRESH ERROR: Twitch user OAuth token is invalid or expired.

{"error":"Unauthorized","status":401,"message":"Invalid OAuth token"}
[2026-07-24 11:31:13] CHANNEL REFRESH ERROR: Twitch user OAuth token is invalid or expired.

{"error":"Unauthorized","status":401,"message":"Invalid OAuth token"}
[2026-07-24 11:31:15] CHANNEL REFRESH ERROR: Twitch user OAuth token is invalid or expired.

{"error":"Unauthorized","status":401,"message":"Invalid OAuth token"}
[2026-07-24 11:31:17] CHANNEL REFRESH ERROR: Twitch user OAuth token is invalid or expired.

{"error":"Unauthorized","status":401,"message":"Invalid OAuth token"}
[2026-07-24 11:31:19] CHANNEL REFRESH ERROR: Twitch user OAuth token is invalid or expired.

{"error":"Unauthorized","status":401,"message":"Invalid OAuth token"}
[2026-07-24 11:31:21] CHANNEL REFRESH ERROR: Twitch user OAuth token is invalid or expired.

{"error":"Unauthorized","status":401,"message":"Invalid OAuth token"}
[2026-07-24 11:31:23] CHANNEL REFRESH ERROR: Twitch user OAuth token is invalid or expired.

{"error":"Unauthorized","status":401,"message":"Invalid OAuth token"}
[2026-07-24 11:31:25] CHANNEL REFRESH ERROR: Twitch user OAuth token is invalid or expired.

{"error":"Unauthorized","status":401,"message":"Invalid OAuth token"}
[2026-07-24 11:31:27] CHANNEL REFRESH ERROR: Twitch user OAuth token is invalid or expired.

{"error":"Unauthorized","status":401,"message":"Invalid OAuth token"}
[2026-07-24 11:31:29] CHANNEL REFRESH ERROR: Twitch user OAuth token is invalid or expired.

{"error":"Unauthorized","status":401,"message":"Invalid OAuth token"}
[2026-07-24 11:31:31] CHANNEL REFRESH ERROR: Twitch user OAuth token is invalid or expired.

{"error":"Unauthorized","status":401,"message":"Invalid OAuth token"}
[2026-07-24 11:31:33] CHANNEL REFRESH ERROR: Twitch user OAuth token is invalid or expired.

{"error":"Unauthorized","status":401,"message":"Invalid OAuth token"}
[2026-07-24 11:31:35] CHANNEL REFRESH ERROR: Twitch user OAuth token is invalid or expired.

{"error":"Unauthorized","status":401,"message":"Invalid OAuth token"}
[2026-07-24 11:31:37] CHANNEL REFRESH ERROR: Twitch user OAuth token is invalid or expired.

{"error":"Unauthorized","status":401,"message":"Invalid OAuth token"}
[2026-07-24 11:31:39] CHANNEL REFRESH ERROR: Twitch user OAuth token is invalid or expired.

{"error":"Unauthorized","status":401,"message":"Invalid OAuth token"}
[2026-07-24 11:31:41] CHANNEL REFRESH ERROR: Twitch user OAuth token is invalid or expired.

{"error":"Unauthorized","status":401,"message":"Invalid OAuth token"}
[2026-07-24 11:31:43] CHANNEL REFRESH ERROR: Twitch user OAuth token is invalid or expired.

{"error":"Unauthorized","status":401,"message":"Invalid OAuth token"}
[2026-07-24 11:31:45] CHANNEL REFRESH ERROR: Twitch user OAuth token is invalid or expired.

{"error":"Unauthorized","status":401,"message":"Invalid OAuth token"}
[2026-07-24 11:31:47] CHANNEL REFRESH ERROR: Twitch user OAuth token is invalid or expired.

{"error":"Unauthorized","status":401,"message":"Invalid OAuth token"}
[2026-07-24 11:31:49] CHANNEL REFRESH ERROR: Twitch user OAuth token is invalid or expired.

{"error":"Unauthorized","status":401,"message":"Invalid OAuth token"}
[2026-07-24 11:31:51] CHANNEL REFRESH ERROR: Twitch user OAuth token is invalid or expired.

{"error":"Unauthorized","status":401,"message":"Invalid OAuth token"}
[2026-07-24 11:31:53] CHANNEL REFRESH ERROR: Twitch user OAuth token is invalid or expired.

{"error":"Unauthorized","status":401,"message":"Invalid OAuth token"}
[2026-07-24 11:31:55] CHANNEL REFRESH ERROR: Twitch user OAuth token is invalid or expired.

{"error":"Unauthorized","status":401,"message":"Invalid OAuth token"}
[2026-07-24 11:31:57] CHANNEL REFRESH ERROR: Twitch user OAuth token is invalid or expired.

{"error":"Unauthorized","status":401,"message":"Invalid OAuth token"}
[2026-07-24 11:31:59] CHANNEL REFRESH ERROR: Twitch user OAuth token is invalid or expired.

{"error":"Unauthorized","status":401,"message":"Invalid OAuth token"}
[2026-07-24 11:32:01] CHANNEL REFRESH ERROR: Twitch user OAuth token is invalid or expired.

{"error":"Unauthorized","status":401,"message":"Invalid OAuth token"}
[2026-07-24 11:32:03] CHANNEL REFRESH ERROR: Twitch user OAuth token is invalid or expired.

{"error":"Unauthorized","status":401,"message":"Invalid OAuth token"}
[2026-07-24 11:32:05] CHANNEL REFRESH ERROR: Twitch user OAuth token is invalid or expired.

{"error":"Unauthorized","status":401,"message":"Invalid OAuth token"}
[2026-07-24 11:32:07] CHANNEL REFRESH ERROR: Twitch user OAuth token is invalid or expired.

{"error":"Unauthorized","status":401,"message":"Invalid OAuth token"}
[2026-07-24 11:32:09] CHANNEL REFRESH ERROR: Twitch user OAuth token is invalid or expired.

{"error":"Unauthorized","status":401,"message":"Invalid OAuth token"}
[2026-07-24 11:32:11] CHANNEL REFRESH ERROR: Twitch user OAuth token is invalid or expired.

{"error":"Unauthorized","status":401,"message":"Invalid OAuth token"}
[2026-07-24 11:32:13] CHANNEL REFRESH ERROR: Twitch user OAuth token is invalid or expired.

{"error":"Unauthorized","status":401,"message":"Invalid OAuth token"}
[2026-07-24 11:32:15] CHANNEL REFRESH ERROR: Twitch user OAuth token is invalid or expired.

{"error":"Unauthorized","status":401,"message":"Invalid OAuth token"}
[2026-07-24 11:32:17] CHANNEL REFRESH ERROR: Twitch user OAuth token is invalid or expired.

{"error":"Unauthorized","status":401,"message":"Invalid OAuth token"}
[2026-07-24 11:32:19] CHANNEL REFRESH ERROR: Twitch user OAuth token is invalid or expired.

{"error":"Unauthorized","status":401,"message":"Invalid OAuth token"}
[2026-07-24 11:32:21] CHANNEL REFRESH ERROR: Twitch user OAuth token is invalid or expired.

{"error":"Unauthorized","status":401,"message":"Invalid OAuth token"}
[2026-07-24 11:32:24] CHANNEL REFRESH ERROR: Twitch user OAuth token is invalid or expired.

{"error":"Unauthorized","status":401,"message":"Invalid OAuth token"}
[2026-07-24 11:32:25] CHANNEL REFRESH ERROR: Twitch user OAuth token is invalid or expired.

{"error":"Unauthorized","status":401,"message":"Invalid OAuth token"}
[2026-07-24 11:32:27] CHANNEL REFRESH ERROR: Twitch user OAuth token is invalid or expired.

{"error":"Unauthorized","status":401,"message":"Invalid OAuth token"}
[2026-07-24 11:32:30] CHANNEL REFRESH ERROR: Twitch user OAuth token is invalid or expired.

{"error":"Unauthorized","status":401,"message":"Invalid OAuth token"}
[2026-07-24 11:32:31] CHANNEL REFRESH ERROR: Twitch user OAuth token is invalid or expired.

{"error":"Unauthorized","status":401,"message":"Invalid OAuth token"}
[2026-07-24 11:32:33] CHANNEL REFRESH ERROR: Twitch user OAuth token is invalid or expired.

{"error":"Unauthorized","status":401,"message":"Invalid OAuth token"}
[2026-07-24 11:32:36] CHANNEL REFRESH ERROR: Twitch user OAuth token is invalid or expired.

{"error":"Unauthorized","status":401,"message":"Invalid OAuth token"}
[2026-07-24 11:32:38] CHANNEL REFRESH ERROR: Twitch user OAuth token is invalid or expired.

{"error":"Unauthorized","status":401,"message":"Invalid OAuth token"}
[2026-07-24 11:32:39] CHANNEL REFRESH ERROR: Twitch user OAuth token is invalid or expired.

{"error":"Unauthorized","status":401,"message":"Invalid OAuth token"}
[2026-07-24 11:32:42] CHANNEL REFRESH ERROR: Twitch user OAuth token is invalid or expired.

{"error":"Unauthorized","status":401,"message":"Invalid OAuth token"}
[2026-07-24 11:32:43] CHANNEL REFRESH ERROR: Twitch user OAuth token is invalid or expired.

{"error":"Unauthorized","status":401,"message":"Invalid OAuth token"}
[2026-07-24 11:32:45] CHANNEL REFRESH ERROR: Twitch user OAuth token is invalid or expired.

{"error":"Unauthorized","status":401,"message":"Invalid OAuth token"}
[2026-07-24 11:32:48] CHANNEL REFRESH ERROR: Twitch user OAuth token is invalid or expired.

{"error":"Unauthorized","status":401,"message":"Invalid OAuth token"}
[2026-07-24 11:32:49] CHANNEL REFRESH ERROR: Twitch user OAuth token is invalid or expired.

{"error":"Unauthorized","status":401,"message":"Invalid OAuth token"}
[2026-07-24 11:32:51] CHANNEL REFRESH ERROR: Twitch user OAuth token is invalid or expired.

{"error":"Unauthorized","status":401,"message":"Invalid OAuth token"}
[2026-07-24 11:32:54] CHANNEL REFRESH ERROR: Twitch user OAuth token is invalid or expired.

{"error":"Unauthorized","status":401,"message":"Invalid OAuth token"}
[2026-07-24 11:32:55] CHANNEL REFRESH ERROR: Twitch user OAuth token is invalid or expired.

{"error":"Unauthorized","status":401,"message":"Invalid OAuth token"}
[2026-07-24 11:32:57] CHANNEL REFRESH ERROR: Twitch user OAuth token is invalid or expired.

{"error":"Unauthorized","status":401,"message":"Invalid OAuth token"}
[2026-07-24 11:33:00] CHANNEL REFRESH ERROR: Twitch user OAuth token is invalid or expired.

{"error":"Unauthorized","status":401,"message":"Invalid OAuth token"}
[2026-07-24 11:33:01] CHANNEL REFRESH ERROR: Twitch user OAuth token is invalid or expired.

{"error":"Unauthorized","status":401,"message":"Invalid OAuth token"}
[2026-07-24 11:33:03] CHANNEL REFRESH ERROR: Twitch user OAuth token is invalid or expired.

{"error":"Unauthorized","status":401,"message":"Invalid OAuth token"}
[2026-07-24 11:33:06] CHANNEL REFRESH ERROR: Twitch user OAuth token is invalid or expired.

{"error":"Unauthorized","status":401,"message":"Invalid OAuth token"}
[2026-07-24 11:33:07] CHANNEL REFRESH ERROR: Twitch user OAuth token is invalid or expired.

{"error":"Unauthorized","status":401,"message":"Invalid OAuth token"}
[2026-07-24 11:33:09] CHANNEL REFRESH ERROR: Twitch user OAuth token is invalid or expired.

{"error":"Unauthorized","status":401,"message":"Invalid OAuth token"}
[2026-07-24 11:33:12] CHANNEL REFRESH ERROR: Twitch user OAuth token is invalid or expired.

{"error":"Unauthorized","status":401,"message":"Invalid OAuth token"}
[2026-07-24 11:33:13] CHANNEL REFRESH ERROR: Twitch user OAuth token is invalid or expired.

{"error":"Unauthorized","status":401,"message":"Invalid OAuth token"}
[2026-07-24 11:33:15] CHANNEL REFRESH ERROR: Twitch user OAuth token is invalid or expired.

{"error":"Unauthorized","status":401,"message":"Invalid OAuth token"}
[2026-07-24 11:33:17] CHANNEL REFRESH ERROR: Twitch user OAuth token is invalid or expired.

{"error":"Unauthorized","status":401,"message":"Invalid OAuth token"}
[2026-07-24 11:33:19] CHANNEL REFRESH ERROR: Twitch user OAuth token is invalid or expired.

{"error":"Unauthorized","status":401,"message":"Invalid OAuth token"}
[2026-07-24 11:33:21] CHANNEL REFRESH ERROR: Twitch user OAuth token is invalid or expired.

{"error":"Unauthorized","status":401,"message":"Invalid OAuth token"}
[2026-07-24 11:33:24] CHANNEL REFRESH ERROR: Twitch user OAuth token is invalid or expired.

{"error":"Unauthorized","status":401,"message":"Invalid OAuth token"}
[2026-07-24 11:33:25] CHANNEL REFRESH ERROR: Twitch user OAuth token is invalid or expired.

{"error":"Unauthorized","status":401,"message":"Invalid OAuth token"}
[2026-07-24 11:33:27] CHANNEL REFRESH ERROR: Twitch user OAuth token is invalid or expired.

{"error":"Unauthorized","status":401,"message":"Invalid OAuth token"}
[2026-07-24 11:33:30] CHANNEL REFRESH ERROR: Twitch user OAuth token is invalid or expired.

{"error":"Unauthorized","status":401,"message":"Invalid OAuth token"}
[2026-07-24 11:33:31] CHANNEL REFRESH ERROR: Twitch user OAuth token is invalid or expired.

{"error":"Unauthorized","status":401,"message":"Invalid OAuth token"}
[2026-07-24 11:33:33] CHANNEL REFRESH ERROR: Twitch user OAuth token is invalid or expired.

{"error":"Unauthorized","status":401,"message":"Invalid OAuth token"}
[2026-07-24 11:33:36] CHANNEL REFRESH ERROR: Twitch user OAuth token is invalid or expired.

{"error":"Unauthorized","status":401,"message":"Invalid OAuth token"}
[2026-07-24 11:33:38] CHANNEL REFRESH ERROR: Twitch user OAuth token is invalid or expired.

{"error":"Unauthorized","status":401,"message":"Invalid OAuth token"}
[2026-07-24 11:33:40] CHANNEL REFRESH ERROR: Twitch user OAuth token is invalid or expired.

{"error":"Unauthorized","status":401,"message":"Invalid OAuth token"}
[2026-07-24 11:33:42] CHANNEL REFRESH ERROR: Twitch user OAuth token is invalid or expired.

{"error":"Unauthorized","status":401,"message":"Invalid OAuth token"}
[2026-07-24 11:33:43] CHANNEL REFRESH ERROR: Twitch user OAuth token is invalid or expired.

{"error":"Unauthorized","status":401,"message":"Invalid OAuth token"}
[2026-07-24 11:33:45] CHANNEL REFRESH ERROR: Twitch user OAuth token is invalid or expired.

{"error":"Unauthorized","status":401,"message":"Invalid OAuth token"}
[2026-07-24 11:33:48] CHANNEL REFRESH ERROR: Twitch user OAuth token is invalid or expired.

{"error":"Unauthorized","status":401,"message":"Invalid OAuth token"}
[2026-07-24 11:33:49] CHANNEL REFRESH ERROR: Twitch user OAuth token is invalid or expired.

{"error":"Unauthorized","status":401,"message":"Invalid OAuth token"}
[2026-07-24 11:33:51] CHANNEL REFRESH ERROR: Twitch user OAuth token is invalid or expired.

{"error":"Unauthorized","status":401,"message":"Invalid OAuth token"}
[2026-07-24 11:33:54] CHANNEL REFRESH ERROR: Twitch user OAuth token is invalid or expired.

{"error":"Unauthorized","status":401,"message":"Invalid OAuth token"}
[2026-07-24 11:33:55] CHANNEL REFRESH ERROR: Twitch user OAuth token is invalid or expired.

{"error":"Unauthorized","status":401,"message":"Invalid OAuth token"}
[2026-07-24 11:33:57] CHANNEL REFRESH ERROR: Twitch user OAuth token is invalid or expired.

{"error":"Unauthorized","status":401,"message":"Invalid OAuth token"}
[2026-07-24 11:34:00] CHANNEL REFRESH ERROR: Twitch user OAuth token is invalid or expired.

{"error":"Unauthorized","status":401,"message":"Invalid OAuth token"}
[2026-07-24 11:34:01] CHANNEL REFRESH ERROR: Twitch user OAuth token is invalid or expired.

{"error":"Unauthorized","status":401,"message":"Invalid OAuth token"}
[2026-07-24 11:34:03] CHANNEL REFRESH ERROR: Twitch user OAuth token is invalid or expired.

{"error":"Unauthorized","status":401,"message":"Invalid OAuth token"}
[2026-07-24 11:34:06] CHANNEL REFRESH ERROR: Twitch user OAuth token is invalid or expired.

{"error":"Unauthorized","status":401,"message":"Invalid OAuth token"}
[2026-07-24 11:34:07] CHANNEL REFRESH ERROR: Twitch user OAuth token is invalid or expired.

{"error":"Unauthorized","status":401,"message":"Invalid OAuth token"}
[2026-07-24 11:34:09] CHANNEL REFRESH ERROR: Twitch user OAuth token is invalid or expired.

{"error":"Unauthorized","status":401,"message":"Invalid OAuth token"}
[2026-07-24 11:34:12] CHANNEL REFRESH ERROR: Twitch user OAuth token is invalid or expired.

{"error":"Unauthorized","status":401,"message":"Invalid OAuth token"}
[2026-07-24 11:34:14] CHANNEL REFRESH ERROR: Twitch user OAuth token is invalid or expired.

{"error":"Unauthorized","status":401,"message":"Invalid OAuth token"}
[2026-07-24 11:34:16] CHANNEL REFRESH ERROR: Twitch user OAuth token is invalid or expired.

{"error":"Unauthorized","status":401,"message":"Invalid OAuth token"}
[2026-07-24 11:34:18] CHANNEL REFRESH ERROR: Twitch user OAuth token is invalid or expired.

{"error":"Unauthorized","status":401,"message":"Invalid OAuth token"}
[2026-07-24 11:34:20] CHANNEL REFRESH ERROR: Twitch user OAuth token is invalid or expired.

{"error":"Unauthorized","status":401,"message":"Invalid OAuth token"}
[2026-07-24 11:34:21] CHANNEL REFRESH ERROR: Twitch user OAuth token is invalid or expired.

{"error":"Unauthorized","status":401,"message":"Invalid OAuth token"}
[2026-07-24 11:34:24] CHANNEL REFRESH ERROR: Twitch user OAuth token is invalid or expired.

{"error":"Unauthorized","status":401,"message":"Invalid OAuth token"}
[2026-07-24 11:34:26] CHANNEL REFRESH ERROR: Twitch user OAuth token is invalid or expired.

{"error":"Unauthorized","status":401,"message":"Invalid OAuth token"}
[2026-07-24 11:34:28] CHANNEL REFRESH ERROR: Twitch user OAuth token is invalid or expired.

{"error":"Unauthorized","status":401,"message":"Invalid OAuth token"}
[2026-07-24 11:34:30] CHANNEL REFRESH ERROR: Twitch user OAuth token is invalid or expired.

{"error":"Unauthorized","status":401,"message":"Invalid OAuth token"}
[2026-07-24 11:34:32] CHANNEL REFRESH ERROR: Twitch user OAuth token is invalid or expired.

{"error":"Unauthorized","status":401,"message":"Invalid OAuth token"}
[2026-07-24 11:34:33] CHANNEL REFRESH ERROR: Twitch user OAuth token is invalid or expired.

{"error":"Unauthorized","status":401,"message":"Invalid OAuth token"}
[2026-07-24 11:34:36] CHANNEL REFRESH ERROR: Twitch user OAuth token is invalid or expired.

{"error":"Unauthorized","status":401,"message":"Invalid OAuth token"}
[2026-07-24 11:34:38] CHANNEL REFRESH ERROR: Twitch user OAuth token is invalid or expired.

{"error":"Unauthorized","status":401,"message":"Invalid OAuth token"}
[2026-07-24 11:34:40] CHANNEL REFRESH ERROR: Twitch user OAuth token is invalid or expired.

{"error":"Unauthorized","status":401,"message":"Invalid OAuth token"}
[2026-07-24 11:34:42] CHANNEL REFRESH ERROR: Twitch user OAuth token is invalid or expired.

{"error":"Unauthorized","status":401,"message":"Invalid OAuth token"}
[2026-07-24 11:34:43] CHANNEL REFRESH ERROR: Twitch user OAuth token is invalid or expired.

{"error":"Unauthorized","status":401,"message":"Invalid OAuth token"}
[2026-07-24 11:34:46] CHANNEL REFRESH ERROR: Twitch user OAuth token is invalid or expired.

{"error":"Unauthorized","status":401,"message":"Invalid OAuth token"}
[2026-07-24 11:34:48] CHANNEL REFRESH ERROR: Twitch user OAuth token is invalid or expired.

{"error":"Unauthorized","status":401,"message":"Invalid OAuth token"}
[2026-07-24 11:34:50] CHANNEL REFRESH ERROR: Twitch user OAuth token is invalid or expired.

{"error":"Unauthorized","status":401,"message":"Invalid OAuth token"}
[2026-07-24 11:34:52] CHANNEL REFRESH ERROR: Twitch user OAuth token is invalid or expired.

{"error":"Unauthorized","status":401,"message":"Invalid OAuth token"}
[2026-07-24 11:34:54] CHANNEL REFRESH ERROR: Twitch user OAuth token is invalid or expired.

{"error":"Unauthorized","status":401,"message":"Invalid OAuth token"}
[2026-07-24 11:34:56] CHANNEL REFRESH ERROR: Twitch user OAuth token is invalid or expired.

{"error":"Unauthorized","status":401,"message":"Invalid OAuth token"}
[2026-07-24 11:34:58] CHANNEL REFRESH ERROR: Twitch user OAuth token is invalid or expired.

{"error":"Unauthorized","status":401,"message":"Invalid OAuth token"}
[2026-07-24 11:35:00] CHANNEL REFRESH ERROR: Twitch user OAuth token is invalid or expired.

{"error":"Unauthorized","status":401,"message":"Invalid OAuth token"}
[2026-07-24 11:35:02] CHANNEL REFRESH ERROR: Twitch user OAuth token is invalid or expired.

{"error":"Unauthorized","status":401,"message":"Invalid OAuth token"}
[2026-07-24 11:35:04] CHANNEL REFRESH ERROR: Twitch user OAuth token is invalid or expired.

{"error":"Unauthorized","status":401,"message":"Invalid OAuth token"}
[2026-07-24 11:35:06] CHANNEL REFRESH ERROR: Twitch user OAuth token is invalid or expired.

{"error":"Unauthorized","status":401,"message":"Invalid OAuth token"}
[2026-07-24 11:35:08] CHANNEL REFRESH ERROR: Twitch user OAuth token is invalid or expired.

{"error":"Unauthorized","status":401,"message":"Invalid OAuth token"}
[2026-07-24 11:35:10] CHANNEL REFRESH ERROR: Twitch user OAuth token is invalid or expired.

{"error":"Unauthorized","status":401,"message":"Invalid OAuth token"}
[2026-07-24 11:35:12] CHANNEL REFRESH ERROR: Twitch user OAuth token is invalid or expired.

{"error":"Unauthorized","status":401,"message":"Invalid OAuth token"}
[2026-07-24 11:35:14] CHANNEL REFRESH ERROR: Twitch user OAuth token is invalid or expired.

{"error":"Unauthorized","status":401,"message":"Invalid OAuth token"}
[2026-07-24 11:35:16] CHANNEL REFRESH ERROR: Twitch user OAuth token is invalid or expired.

{"error":"Unauthorized","status":401,"message":"Invalid OAuth token"}
[2026-07-24 11:35:18] CHANNEL REFRESH ERROR: Twitch user OAuth token is invalid or expired.

{"error":"Unauthorized","status":401,"message":"Invalid OAuth token"}
[2026-07-24 11:35:20] CHANNEL REFRESH ERROR: Twitch user OAuth token is invalid or expired.

{"error":"Unauthorized","status":401,"message":"Invalid OAuth token"}
[2026-07-24 11:35:22] CHANNEL REFRESH ERROR: Twitch user OAuth token is invalid or expired.

{"error":"Unauthorized","status":401,"message":"Invalid OAuth token"}
[2026-07-24 11:35:24] CHANNEL REFRESH ERROR: Twitch user OAuth token is invalid or expired.

{"error":"Unauthorized","status":401,"message":"Invalid OAuth token"}
[2026-07-24 11:35:26] CHANNEL REFRESH ERROR: Twitch user OAuth token is invalid or expired.

{"error":"Unauthorized","status":401,"message":"Invalid OAuth token"}
[2026-07-24 11:35:28] CHANNEL REFRESH ERROR: Twitch user OAuth token is invalid or expired.

{"error":"Unauthorized","status":401,"message":"Invalid OAuth token"}
[2026-07-24 11:35:30] CHANNEL REFRESH ERROR: Twitch user OAuth token is invalid or expired.

{"error":"Unauthorized","status":401,"message":"Invalid OAuth token"}
[2026-07-24 11:35:32] CHANNEL REFRESH ERROR: Twitch user OAuth token is invalid or expired.

{"error":"Unauthorized","status":401,"message":"Invalid OAuth token"}
[2026-07-24 11:35:34] CHANNEL REFRESH ERROR: Twitch user OAuth token is invalid or expired.

{"error":"Unauthorized","status":401,"message":"Invalid OAuth token"}
[2026-07-24 11:35:36] CHANNEL REFRESH ERROR: Twitch user OAuth token is invalid or expired.

{"error":"Unauthorized","status":401,"message":"Invalid OAuth token"}
[2026-07-24 11:35:38] CHANNEL REFRESH ERROR: Twitch user OAuth token is invalid or expired.

{"error":"Unauthorized","status":401,"message":"Invalid OAuth token"}
[2026-07-24 11:35:40] CHANNEL REFRESH ERROR: Twitch user OAuth token is invalid or expired.

{"error":"Unauthorized","status":401,"message":"Invalid OAuth token"}
[2026-07-24 11:35:42] CHANNEL REFRESH ERROR: Twitch user OAuth token is invalid or expired.

{"error":"Unauthorized","status":401,"message":"Invalid OAuth token"}
[2026-07-24 11:35:44] CHANNEL REFRESH ERROR: Twitch user OAuth token is invalid or expired.

{"error":"Unauthorized","status":401,"message":"Invalid OAuth token"}
[2026-07-24 11:35:46] CHANNEL REFRESH ERROR: Twitch user OAuth token is invalid or expired.

{"error":"Unauthorized","status":401,"message":"Invalid OAuth token"}
[2026-07-24 11:35:48] CHANNEL REFRESH ERROR: Twitch user OAuth token is invalid or expired.

{"error":"Unauthorized","status":401,"message":"Invalid OAuth token"}
[2026-07-24 11:35:50] CHANNEL REFRESH ERROR: Twitch user OAuth token is invalid or expired.

{"error":"Unauthorized","status":401,"message":"Invalid OAuth token"}
[2026-07-24 11:35:52] CHANNEL REFRESH ERROR: Twitch user OAuth token is invalid or expired.

{"error":"Unauthorized","status":401,"message":"Invalid OAuth token"}
[2026-07-24 11:35:54] CHANNEL REFRESH ERROR: Twitch user OAuth token is invalid or expired.

{"error":"Unauthorized","status":401,"message":"Invalid OAuth token"}
[2026-07-24 11:35:56] CHANNEL REFRESH ERROR: Twitch user OAuth token is invalid or expired.

{"error":"Unauthorized","status":401,"message":"Invalid OAuth token"}
[2026-07-24 11:35:58] CHANNEL REFRESH ERROR: Twitch user OAuth token is invalid or expired.

{"error":"Unauthorized","status":401,"message":"Invalid OAuth token"}
[2026-07-24 11:36:00] CHANNEL REFRESH ERROR: Twitch user OAuth token is invalid or expired.

{"error":"Unauthorized","status":401,"message":"Invalid OAuth token"}
[2026-07-24 11:36:02] CHANNEL REFRESH ERROR: Twitch user OAuth token is invalid or expired.

{"error":"Unauthorized","status":401,"message":"Invalid OAuth token"}
[2026-07-24 11:36:04] CHANNEL REFRESH ERROR: Twitch user OAuth token is invalid or expired.

{"error":"Unauthorized","status":401,"message":"Invalid OAuth token"}
[2026-07-24 11:36:06] CHANNEL REFRESH ERROR: Twitch user OAuth token is invalid or expired.

{"error":"Unauthorized","status":401,"message":"Invalid OAuth token"}
[2026-07-24 11:36:08] CHANNEL REFRESH ERROR: Twitch user OAuth token is invalid or expired.

{"error":"Unauthorized","status":401,"message":"Invalid OAuth token"}
[2026-07-24 11:36:10] CHANNEL REFRESH ERROR: Twitch user OAuth token is invalid or expired.

{"error":"Unauthorized","status":401,"message":"Invalid OAuth token"}
[2026-07-24 11:36:12] CHANNEL REFRESH ERROR: Twitch user OAuth token is invalid or expired.

{"error":"Unauthorized","status":401,"message":"Invalid OAuth token"}
[2026-07-24 11:36:14] CHANNEL REFRESH ERROR: Twitch user OAuth token is invalid or expired.

{"error":"Unauthorized","status":401,"message":"Invalid OAuth token"}
[2026-07-24 11:36:16] CHANNEL REFRESH ERROR: Twitch user OAuth token is invalid or expired.

{"error":"Unauthorized","status":401,"message":"Invalid OAuth token"}
[2026-07-24 11:36:18] CHANNEL REFRESH ERROR: Twitch user OAuth token is invalid or expired.

{"error":"Unauthorized","status":401,"message":"Invalid OAuth token"}
[2026-07-24 11:36:20] CHANNEL REFRESH ERROR: Twitch user OAuth token is invalid or expired.

{"error":"Unauthorized","status":401,"message":"Invalid OAuth token"}
[2026-07-24 11:36:22] CHANNEL REFRESH ERROR: Twitch user OAuth token is invalid or expired.

{"error":"Unauthorized","status":401,"message":"Invalid OAuth token"}
[2026-07-24 11:36:24] CHANNEL REFRESH ERROR: Twitch user OAuth token is invalid or expired.

{"error":"Unauthorized","status":401,"message":"Invalid OAuth token"}
[2026-07-24 11:36:26] CHANNEL REFRESH ERROR: Twitch user OAuth token is invalid or expired.

{"error":"Unauthorized","status":401,"message":"Invalid OAuth token"}
[2026-07-24 11:36:28] CHANNEL REFRESH ERROR: Twitch user OAuth token is invalid or expired.

{"error":"Unauthorized","status":401,"message":"Invalid OAuth token"}
[2026-07-24 11:36:30] CHANNEL REFRESH ERROR: Twitch user OAuth token is invalid or expired.

{"error":"Unauthorized","status":401,"message":"Invalid OAuth token"}
[2026-07-24 11:36:32] CHANNEL REFRESH ERROR: Twitch user OAuth token is invalid or expired.

{"error":"Unauthorized","status":401,"message":"Invalid OAuth token"}
[2026-07-24 11:36:34] CHANNEL REFRESH ERROR: Twitch user OAuth token is invalid or expired.

{"error":"Unauthorized","status":401,"message":"Invalid OAuth token"}
[2026-07-24 11:36:36] CHANNEL REFRESH ERROR: Twitch user OAuth token is invalid or expired.

{"error":"Unauthorized","status":401,"message":"Invalid OAuth token"}
[2026-07-24 11:36:38] CHANNEL REFRESH ERROR: Twitch user OAuth token is invalid or expired.

{"error":"Unauthorized","status":401,"message":"Invalid OAuth token"}
[2026-07-24 11:36:40] CHANNEL REFRESH ERROR: Twitch user OAuth token is invalid or expired.

{"error":"Unauthorized","status":401,"message":"Invalid OAuth token"}
[2026-07-24 11:36:42] CHANNEL REFRESH ERROR: Twitch user OAuth token is invalid or expired.

{"error":"Unauthorized","status":401,"message":"Invalid OAuth token"}
[2026-07-24 11:36:44] CHANNEL REFRESH ERROR: Twitch user OAuth token is invalid or expired.

{"error":"Unauthorized","status":401,"message":"Invalid OAuth token"}
[2026-07-24 11:36:46] CHANNEL REFRESH ERROR: Twitch user OAuth token is invalid or expired.

{"error":"Unauthorized","status":401,"message":"Invalid OAuth token"}
[2026-07-24 11:36:48] CHANNEL REFRESH ERROR: Twitch user OAuth token is invalid or expired.

{"error":"Unauthorized","status":401,"message":"Invalid OAuth token"}
[2026-07-24 11:36:50] CHANNEL REFRESH ERROR: Twitch user OAuth token is invalid or expired.

{"error":"Unauthorized","status":401,"message":"Invalid OAuth token"}
[2026-07-24 11:36:52] CHANNEL REFRESH ERROR: Twitch user OAuth token is invalid or expired.

{"error":"Unauthorized","status":401,"message":"Invalid OAuth token"}
[2026-07-24 11:36:54] CHANNEL REFRESH ERROR: Twitch user OAuth token is invalid or expired.

{"error":"Unauthorized","status":401,"message":"Invalid OAuth token"}
[2026-07-24 11:36:56] CHANNEL REFRESH ERROR: Twitch user OAuth token is invalid or expired.

{"error":"Unauthorized","status":401,"message":"Invalid OAuth token"}
[2026-07-24 11:36:58] CHANNEL REFRESH ERROR: Twitch user OAuth token is invalid or expired.

{"error":"Unauthorized","status":401,"message":"Invalid OAuth token"}
[2026-07-24 11:37:00] CHANNEL REFRESH ERROR: Twitch user OAuth token is invalid or expired.

{"error":"Unauthorized","status":401,"message":"Invalid OAuth token"}
[2026-07-24 11:37:02] CHANNEL REFRESH ERROR: Twitch user OAuth token is invalid or expired.

{"error":"Unauthorized","status":401,"message":"Invalid OAuth token"}
[2026-07-24 11:37:04] CHANNEL REFRESH ERROR: Twitch user OAuth token is invalid or expired.

{"error":"Unauthorized","status":401,"message":"Invalid OAuth token"}
[2026-07-24 11:37:06] CHANNEL REFRESH ERROR: Twitch user OAuth token is invalid or expired.

{"error":"Unauthorized","status":401,"message":"Invalid OAuth token"}
[2026-07-24 11:37:08] CHANNEL REFRESH ERROR: Twitch user OAuth token is invalid or expired.

{"error":"Unauthorized","status":401,"message":"Invalid OAuth token"}
[2026-07-24 11:37:10] CHANNEL REFRESH ERROR: Twitch user OAuth token is invalid or expired.

{"error":"Unauthorized","status":401,"message":"Invalid OAuth token"}
[2026-07-24 11:37:12] CHANNEL REFRESH ERROR: Twitch user OAuth token is invalid or expired.

{"error":"Unauthorized","status":401,"message":"Invalid OAuth token"}
[2026-07-24 11:37:14] CHANNEL REFRESH ERROR: Twitch user OAuth token is invalid or expired.

{"error":"Unauthorized","status":401,"message":"Invalid OAuth token"}
[2026-07-24 11:37:16] CHANNEL REFRESH ERROR: Twitch user OAuth token is invalid or expired.

{"error":"Unauthorized","status":401,"message":"Invalid OAuth token"}
[2026-07-24 11:37:18] CHANNEL REFRESH ERROR: Twitch user OAuth token is invalid or expired.

{"error":"Unauthorized","status":401,"message":"Invalid OAuth token"}
[2026-07-24 11:37:20] CHANNEL REFRESH ERROR: Twitch user OAuth token is invalid or expired.

{"error":"Unauthorized","status":401,"message":"Invalid OAuth token"}
[2026-07-24 11:37:22] CHANNEL REFRESH ERROR: Twitch user OAuth token is invalid or expired.

{"error":"Unauthorized","status":401,"message":"Invalid OAuth token"}
[2026-07-24 11:37:24] CHANNEL REFRESH ERROR: Twitch user OAuth token is invalid or expired.

{"error":"Unauthorized","status":401,"message":"Invalid OAuth token"}
[2026-07-24 11:37:26] CHANNEL REFRESH ERROR: Twitch user OAuth token is invalid or expired.

{"error":"Unauthorized","status":401,"message":"Invalid OAuth token"}
[2026-07-24 11:37:28] CHANNEL REFRESH ERROR: Twitch user OAuth token is invalid or expired.

{"error":"Unauthorized","status":401,"message":"Invalid OAuth token"}
[2026-07-24 11:37:30] CHANNEL REFRESH ERROR: Twitch user OAuth token is invalid or expired.

{"error":"Unauthorized","status":401,"message":"Invalid OAuth token"}
[2026-07-24 11:37:32] CHANNEL REFRESH ERROR: Twitch user OAuth token is invalid or expired.

{"error":"Unauthorized","status":401,"message":"Invalid OAuth token"}
[2026-07-24 11:37:34] CHANNEL REFRESH ERROR: Twitch user OAuth token is invalid or expired.

{"error":"Unauthorized","status":401,"message":"Invalid OAuth token"}
[2026-07-24 11:37:36] CHANNEL REFRESH ERROR: Twitch user OAuth token is invalid or expired.

{"error":"Unauthorized","status":401,"message":"Invalid OAuth token"}
[2026-07-24 11:37:38] CHANNEL REFRESH ERROR: Twitch user OAuth token is invalid or expired.

{"error":"Unauthorized","status":401,"message":"Invalid OAuth token"}
[2026-07-24 11:37:40] CHANNEL REFRESH ERROR: Twitch user OAuth token is invalid or expired.

{"error":"Unauthorized","status":401,"message":"Invalid OAuth token"}
[2026-07-24 11:37:42] CHANNEL REFRESH ERROR: Twitch user OAuth token is invalid or expired.

{"error":"Unauthorized","status":401,"message":"Invalid OAuth token"}
[2026-07-24 11:37:44] CHANNEL REFRESH ERROR: Twitch user OAuth token is invalid or expired.

{"error":"Unauthorized","status":401,"message":"Invalid OAuth token"}
[2026-07-24 11:37:46] CHANNEL REFRESH ERROR: Twitch user OAuth token is invalid or expired.

{"error":"Unauthorized","status":401,"message":"Invalid OAuth token"}
[2026-07-24 11:37:48] CHANNEL REFRESH ERROR: Twitch user OAuth token is invalid or expired.

{"error":"Unauthorized","status":401,"message":"Invalid OAuth token"}
[2026-07-24 11:37:50] CHANNEL REFRESH ERROR: Twitch user OAuth token is invalid or expired.

{"error":"Unauthorized","status":401,"message":"Invalid OAuth token"}
[2026-07-24 11:37:52] CHANNEL REFRESH ERROR: Twitch user OAuth token is invalid or expired.

{"error":"Unauthorized","status":401,"message":"Invalid OAuth token"}
[2026-07-24 11:37:54] CHANNEL REFRESH ERROR: Twitch user OAuth token is invalid or expired.

{"error":"Unauthorized","status":401,"message":"Invalid OAuth token"}
[2026-07-24 11:37:56] CHANNEL REFRESH ERROR: Twitch user OAuth token is invalid or expired.

{"error":"Unauthorized","status":401,"message":"Invalid OAuth token"}
[2026-07-24 11:37:58] CHANNEL REFRESH ERROR: Twitch user OAuth token is invalid or expired.

{"error":"Unauthorized","status":401,"message":"Invalid OAuth token"}
[2026-07-24 11:38:00] CHANNEL REFRESH ERROR: Twitch user OAuth token is invalid or expired.

{"error":"Unauthorized","status":401,"message":"Invalid OAuth token"}
[2026-07-24 11:38:02] CHANNEL REFRESH ERROR: Twitch user OAuth token is invalid or expired.

{"error":"Unauthorized","status":401,"message":"Invalid OAuth token"}
[2026-07-24 11:38:04] CHANNEL REFRESH ERROR: Twitch user OAuth token is invalid or expired.

{"error":"Unauthorized","status":401,"message":"Invalid OAuth token"}
[2026-07-24 11:38:06] CHANNEL REFRESH ERROR: Twitch user OAuth token is invalid or expired.

{"error":"Unauthorized","status":401,"message":"Invalid OAuth token"}
[2026-07-24 11:38:08] CHANNEL REFRESH ERROR: Twitch user OAuth token is invalid or expired.

{"error":"Unauthorized","status":401,"message":"Invalid OAuth token"}
[2026-07-24 11:38:10] CHANNEL REFRESH ERROR: Twitch user OAuth token is invalid or expired.

{"error":"Unauthorized","status":401,"message":"Invalid OAuth token"}
[2026-07-24 11:38:12] CHANNEL REFRESH ERROR: Twitch user OAuth token is invalid or expired.

{"error":"Unauthorized","status":401,"message":"Invalid OAuth token"}
[2026-07-24 11:38:14] CHANNEL REFRESH ERROR: Twitch user OAuth token is invalid or expired.

{"error":"Unauthorized","status":401,"message":"Invalid OAuth token"}
[2026-07-24 11:38:16] CHANNEL REFRESH ERROR: Twitch user OAuth token is invalid or expired.

{"error":"Unauthorized","status":401,"message":"Invalid OAuth token"}
[2026-07-24 11:38:18] CHANNEL REFRESH ERROR: Twitch user OAuth token is invalid or expired.

{"error":"Unauthorized","status":401,"message":"Invalid OAuth token"}
[2026-07-24 11:38:20] CHANNEL REFRESH ERROR: Twitch user OAuth token is invalid or expired.

{"error":"Unauthorized","status":401,"message":"Invalid OAuth token"}
[2026-07-24 11:38:22] CHANNEL REFRESH ERROR: Twitch user OAuth token is invalid or expired.

{"error":"Unauthorized","status":401,"message":"Invalid OAuth token"}
[2026-07-24 11:38:24] CHANNEL REFRESH ERROR: Twitch user OAuth token is invalid or expired.

{"error":"Unauthorized","status":401,"message":"Invalid OAuth token"}
[2026-07-24 11:38:26] CHANNEL REFRESH ERROR: Twitch user OAuth token is invalid or expired.

{"error":"Unauthorized","status":401,"message":"Invalid OAuth token"}
[2026-07-24 11:38:28] CHANNEL REFRESH ERROR: Twitch user OAuth token is invalid or expired.

{"error":"Unauthorized","status":401,"message":"Invalid OAuth token"}
[2026-07-24 11:38:30] CHANNEL REFRESH ERROR: Twitch user OAuth token is invalid or expired.

{"error":"Unauthorized","status":401,"message":"Invalid OAuth token"}
[2026-07-24 11:38:32] CHANNEL REFRESH ERROR: Twitch user OAuth token is invalid or expired.

{"error":"Unauthorized","status":401,"message":"Invalid OAuth token"}
[2026-07-24 11:38:34] CHANNEL REFRESH ERROR: Twitch user OAuth token is invalid or expired.

{"error":"Unauthorized","status":401,"message":"Invalid OAuth token"}
[2026-07-24 11:38:36] CHANNEL REFRESH ERROR: Twitch user OAuth token is invalid or expired.

{"error":"Unauthorized","status":401,"message":"Invalid OAuth token"}
[2026-07-24 11:38:38] CHANNEL REFRESH ERROR: Twitch user OAuth token is invalid or expired.

{"error":"Unauthorized","status":401,"message":"Invalid OAuth token"}
[2026-07-24 11:38:40] CHANNEL REFRESH ERROR: Twitch user OAuth token is invalid or expired.

{"error":"Unauthorized","status":401,"message":"Invalid OAuth token"}
[2026-07-24 11:38:42] CHANNEL REFRESH ERROR: Twitch user OAuth token is invalid or expired.

{"error":"Unauthorized","status":401,"message":"Invalid OAuth token"}
[2026-07-24 11:38:44] CHANNEL REFRESH ERROR: Twitch user OAuth token is invalid or expired.

{"error":"Unauthorized","status":401,"message":"Invalid OAuth token"}
[2026-07-24 11:38:46] CHANNEL REFRESH ERROR: Twitch user OAuth token is invalid or expired.

{"error":"Unauthorized","status":401,"message":"Invalid OAuth token"}
[2026-07-24 11:38:48] CHANNEL REFRESH ERROR: Twitch user OAuth token is invalid or expired.

{"error":"Unauthorized","status":401,"message":"Invalid OAuth token"}
[2026-07-24 11:38:50] CHANNEL REFRESH ERROR: Twitch user OAuth token is invalid or expired.

{"error":"Unauthorized","status":401,"message":"Invalid OAuth token"}
[2026-07-24 11:38:52] CHANNEL REFRESH ERROR: Twitch user OAuth token is invalid or expired.

{"error":"Unauthorized","status":401,"message":"Invalid OAuth token"}
[2026-07-24 11:38:54] CHANNEL REFRESH ERROR: Twitch user OAuth token is invalid or expired.

{"error":"Unauthorized","status":401,"message":"Invalid OAuth token"}
[2026-07-24 11:38:56] CHANNEL REFRESH ERROR: Twitch user OAuth token is invalid or expired.

{"error":"Unauthorized","status":401,"message":"Invalid OAuth token"}
[2026-07-24 11:38:58] CHANNEL REFRESH ERROR: Twitch user OAuth token is invalid or expired.

{"error":"Unauthorized","status":401,"message":"Invalid OAuth token"}
[2026-07-24 11:39:00] CHANNEL REFRESH ERROR: Twitch user OAuth token is invalid or expired.

{"error":"Unauthorized","status":401,"message":"Invalid OAuth token"}
[2026-07-24 11:39:02] CHANNEL REFRESH ERROR: Twitch user OAuth token is invalid or expired.

{"error":"Unauthorized","status":401,"message":"Invalid OAuth token"}
[2026-07-24 11:39:04] CHANNEL REFRESH ERROR: Twitch user OAuth token is invalid or expired.

{"error":"Unauthorized","status":401,"message":"Invalid OAuth token"}
[2026-07-24 11:39:06] CHANNEL REFRESH ERROR: Twitch user OAuth token is invalid or expired.

{"error":"Unauthorized","status":401,"message":"Invalid OAuth token"}
[2026-07-24 11:39:08] CHANNEL REFRESH ERROR: Twitch user OAuth token is invalid or expired.

{"error":"Unauthorized","status":401,"message":"Invalid OAuth token"}
[2026-07-24 11:39:10] CHANNEL REFRESH ERROR: Twitch user OAuth token is invalid or expired.

{"error":"Unauthorized","status":401,"message":"Invalid OAuth token"}
[2026-07-24 11:39:12] CHANNEL REFRESH ERROR: Twitch user OAuth token is invalid or expired.

{"error":"Unauthorized","status":401,"message":"Invalid OAuth token"}
[2026-07-24 11:39:14] CHANNEL REFRESH ERROR: Twitch user OAuth token is invalid or expired.

{"error":"Unauthorized","status":401,"message":"Invalid OAuth token"}
[2026-07-24 11:39:16] CHANNEL REFRESH ERROR: Twitch user OAuth token is invalid or expired.

{"error":"Unauthorized","status":401,"message":"Invalid OAuth token"}
[2026-07-24 11:39:18] CHANNEL REFRESH ERROR: Twitch user OAuth token is invalid or expired.

{"error":"Unauthorized","status":401,"message":"Invalid OAuth token"}
[2026-07-24 11:39:20] CHANNEL REFRESH ERROR: Twitch user OAuth token is invalid or expired.

{"error":"Unauthorized","status":401,"message":"Invalid OAuth token"}
[2026-07-24 11:39:22] CHANNEL REFRESH ERROR: Twitch user OAuth token is invalid or expired.

{"error":"Unauthorized","status":401,"message":"Invalid OAuth token"}
[2026-07-24 11:39:24] CHANNEL REFRESH ERROR: Twitch user OAuth token is invalid or expired.

{"error":"Unauthorized","status":401,"message":"Invalid OAuth token"}
[2026-07-24 11:39:26] CHANNEL REFRESH ERROR: Twitch user OAuth token is invalid or expired.

{"error":"Unauthorized","status":401,"message":"Invalid OAuth token"}
[2026-07-24 11:39:28] CHANNEL REFRESH ERROR: Twitch user OAuth token is invalid or expired.

{"error":"Unauthorized","status":401,"message":"Invalid OAuth token"}
[2026-07-24 11:39:30] CHANNEL REFRESH ERROR: Twitch user OAuth token is invalid or expired.

{"error":"Unauthorized","status":401,"message":"Invalid OAuth token"}
[2026-07-24 11:39:32] CHANNEL REFRESH ERROR: Twitch user OAuth token is invalid or expired.

{"error":"Unauthorized","status":401,"message":"Invalid OAuth token"}
[2026-07-24 11:39:34] CHANNEL REFRESH ERROR: Twitch user OAuth token is invalid or expired.

{"error":"Unauthorized","status":401,"message":"Invalid OAuth token"}
[2026-07-24 11:39:36] CHANNEL REFRESH ERROR: Twitch user OAuth token is invalid or expired.

{"error":"Unauthorized","status":401,"message":"Invalid OAuth token"}
[2026-07-24 11:39:38] CHANNEL REFRESH ERROR: Twitch user OAuth token is invalid or expired.

{"error":"Unauthorized","status":401,"message":"Invalid OAuth token"}
[2026-07-24 11:39:40] CHANNEL REFRESH ERROR: Twitch user OAuth token is invalid or expired.

{"error":"Unauthorized","status":401,"message":"Invalid OAuth token"}
[2026-07-24 11:39:42] CHANNEL REFRESH ERROR: Twitch user OAuth token is invalid or expired.

{"error":"Unauthorized","status":401,"message":"Invalid OAuth token"}
[2026-07-24 11:39:44] CHANNEL REFRESH ERROR: Twitch user OAuth token is invalid or expired.

{"error":"Unauthorized","status":401,"message":"Invalid OAuth token"}
[2026-07-24 11:39:46] CHANNEL REFRESH ERROR: Twitch user OAuth token is invalid or expired.

{"error":"Unauthorized","status":401,"message":"Invalid OAuth token"}
[2026-07-24 11:39:48] CHANNEL REFRESH ERROR: Twitch user OAuth token is invalid or expired.

{"error":"Unauthorized","status":401,"message":"Invalid OAuth token"}
[2026-07-24 11:39:50] CHANNEL REFRESH ERROR: Twitch user OAuth token is invalid or expired.

{"error":"Unauthorized","status":401,"message":"Invalid OAuth token"}
[2026-07-24 11:39:52] CHANNEL REFRESH ERROR: Twitch user OAuth token is invalid or expired.

{"error":"Unauthorized","status":401,"message":"Invalid OAuth token"}
[2026-07-24 11:39:54] CHANNEL REFRESH ERROR: Twitch user OAuth token is invalid or expired.

{"error":"Unauthorized","status":401,"message":"Invalid OAuth token"}
[2026-07-24 11:39:56] CHANNEL REFRESH ERROR: Twitch user OAuth token is invalid or expired.

{"error":"Unauthorized","status":401,"message":"Invalid OAuth token"}
[2026-07-24 11:39:58] CHANNEL REFRESH ERROR: Twitch user OAuth token is invalid or expired.

{"error":"Unauthorized","status":401,"message":"Invalid OAuth token"}
[2026-07-24 11:40:00] CHANNEL REFRESH ERROR: Twitch user OAuth token is invalid or expired.

{"error":"Unauthorized","status":401,"message":"Invalid OAuth token"}
[2026-07-24 11:40:02] CHANNEL REFRESH ERROR: Twitch user OAuth token is invalid or expired.

{"error":"Unauthorized","status":401,"message":"Invalid OAuth token"}
[2026-07-24 11:40:04] CHANNEL REFRESH ERROR: Twitch user OAuth token is invalid or expired.

{"error":"Unauthorized","status":401,"message":"Invalid OAuth token"}
[2026-07-24 11:40:06] CHANNEL REFRESH ERROR: Twitch user OAuth token is invalid or expired.

{"error":"Unauthorized","status":401,"message":"Invalid OAuth token"}
[2026-07-24 11:40:08] CHANNEL REFRESH ERROR: Twitch user OAuth token is invalid or expired.

{"error":"Unauthorized","status":401,"message":"Invalid OAuth token"}
[2026-07-24 11:40:10] CHANNEL REFRESH ERROR: Twitch user OAuth token is invalid or expired.

{"error":"Unauthorized","status":401,"message":"Invalid OAuth token"}
[2026-07-24 11:40:12] CHANNEL REFRESH ERROR: Twitch user OAuth token is invalid or expired.

{"error":"Unauthorized","status":401,"message":"Invalid OAuth token"}
[2026-07-24 11:40:14] CHANNEL REFRESH ERROR: Twitch user OAuth token is invalid or expired.

{"error":"Unauthorized","status":401,"message":"Invalid OAuth token"}
[2026-07-24 11:40:16] CHANNEL REFRESH ERROR: Twitch user OAuth token is invalid or expired.

{"error":"Unauthorized","status":401,"message":"Invalid OAuth token"}
[2026-07-24 11:40:18] CHANNEL REFRESH ERROR: Twitch user OAuth token is invalid or expired.

{"error":"Unauthorized","status":401,"message":"Invalid OAuth token"}
[2026-07-24 11:40:20] CHANNEL REFRESH ERROR: Twitch user OAuth token is invalid or expired.

{"error":"Unauthorized","status":401,"message":"Invalid OAuth token"}
[2026-07-24 11:40:22] CHANNEL REFRESH ERROR: Twitch user OAuth token is invalid or expired.

{"error":"Unauthorized","status":401,"message":"Invalid OAuth token"}
[2026-07-24 11:40:24] CHANNEL REFRESH ERROR: Twitch user OAuth token is invalid or expired.

{"error":"Unauthorized","status":401,"message":"Invalid OAuth token"}
[2026-07-24 11:40:26] CHANNEL REFRESH ERROR: Twitch user OAuth token is invalid or expired.

{"error":"Unauthorized","status":401,"message":"Invalid OAuth token"}
[2026-07-24 11:40:28] CHANNEL REFRESH ERROR: Twitch user OAuth token is invalid or expired.

{"error":"Unauthorized","status":401,"message":"Invalid OAuth token"}
[2026-07-24 11:40:30] CHANNEL REFRESH ERROR: Twitch user OAuth token is invalid or expired.

{"error":"Unauthorized","status":401,"message":"Invalid OAuth token"}
[2026-07-24 11:40:32] CHANNEL REFRESH ERROR: Twitch user OAuth token is invalid or expired.

{"error":"Unauthorized","status":401,"message":"Invalid OAuth token"}
[2026-07-24 11:40:34] CHANNEL REFRESH ERROR: Twitch user OAuth token is invalid or expired.

{"error":"Unauthorized","status":401,"message":"Invalid OAuth token"}
[2026-07-24 11:40:36] CHANNEL REFRESH ERROR: Twitch user OAuth token is invalid or expired.

{"error":"Unauthorized","status":401,"message":"Invalid OAuth token"}
[2026-07-24 11:40:38] CHANNEL REFRESH ERROR: Twitch user OAuth token is invalid or expired.

{"error":"Unauthorized","status":401,"message":"Invalid OAuth token"}
[2026-07-24 11:40:40] CHANNEL REFRESH ERROR: Twitch user OAuth token is invalid or expired.

{"error":"Unauthorized","status":401,"message":"Invalid OAuth token"}
[2026-07-24 11:40:42] CHANNEL REFRESH ERROR: Twitch user OAuth token is invalid or expired.

{"error":"Unauthorized","status":401,"message":"Invalid OAuth token"}
[2026-07-24 11:40:44] CHANNEL REFRESH ERROR: Twitch user OAuth token is invalid or expired.

{"error":"Unauthorized","status":401,"message":"Invalid OAuth token"}
[2026-07-24 11:40:46] CHANNEL REFRESH ERROR: Twitch user OAuth token is invalid or expired.

{"error":"Unauthorized","status":401,"message":"Invalid OAuth token"}
[2026-07-24 11:40:48] CHANNEL REFRESH ERROR: Twitch user OAuth token is invalid or expired.

{"error":"Unauthorized","status":401,"message":"Invalid OAuth token"}
[2026-07-24 11:40:50] CHANNEL REFRESH ERROR: Twitch user OAuth token is invalid or expired.

{"error":"Unauthorized","status":401,"message":"Invalid OAuth token"}
[2026-07-24 11:40:52] CHANNEL REFRESH ERROR: Twitch user OAuth token is invalid or expired.

{"error":"Unauthorized","status":401,"message":"Invalid OAuth token"}
[2026-07-24 11:40:54] CHANNEL REFRESH ERROR: Twitch user OAuth token is invalid or expired.

{"error":"Unauthorized","status":401,"message":"Invalid OAuth token"}
[2026-07-24 11:40:56] CHANNEL REFRESH ERROR: Twitch user OAuth token is invalid or expired.

{"error":"Unauthorized","status":401,"message":"Invalid OAuth token"}
[2026-07-24 11:40:58] CHANNEL REFRESH ERROR: Twitch user OAuth token is invalid or expired.

{"error":"Unauthorized","status":401,"message":"Invalid OAuth token"}
[2026-07-24 11:41:00] CHANNEL REFRESH ERROR: Twitch user OAuth token is invalid or expired.

{"error":"Unauthorized","status":401,"message":"Invalid OAuth token"}
[2026-07-24 11:41:02] CHANNEL REFRESH ERROR: Twitch user OAuth token is invalid or expired.

{"error":"Unauthorized","status":401,"message":"Invalid OAuth token"}
[2026-07-24 11:41:04] CHANNEL REFRESH ERROR: Twitch user OAuth token is invalid or expired.

{"error":"Unauthorized","status":401,"message":"Invalid OAuth token"}
[2026-07-24 11:41:06] CHANNEL REFRESH ERROR: Twitch user OAuth token is invalid or expired.

{"error":"Unauthorized","status":401,"message":"Invalid OAuth token"}
[2026-07-24 11:41:08] CHANNEL REFRESH ERROR: Twitch user OAuth token is invalid or expired.

{"error":"Unauthorized","status":401,"message":"Invalid OAuth token"}
[2026-07-24 11:41:10] CHANNEL REFRESH ERROR: Twitch user OAuth token is invalid or expired.

{"error":"Unauthorized","status":401,"message":"Invalid OAuth token"}
[2026-07-24 11:41:12] CHANNEL REFRESH ERROR: Twitch user OAuth token is invalid or expired.

{"error":"Unauthorized","status":401,"message":"Invalid OAuth token"}
[2026-07-24 11:41:14] CHANNEL REFRESH ERROR: Twitch user OAuth token is invalid or expired.

{"error":"Unauthorized","status":401,"message":"Invalid OAuth token"}
[2026-07-24 11:41:16] CHANNEL REFRESH ERROR: Twitch user OAuth token is invalid or expired.

{"error":"Unauthorized","status":401,"message":"Invalid OAuth token"}
[2026-07-24 11:41:18] CHANNEL REFRESH ERROR: Twitch user OAuth token is invalid or expired.

{"error":"Unauthorized","status":401,"message":"Invalid OAuth token"}
[2026-07-24 11:41:20] CHANNEL REFRESH ERROR: Twitch user OAuth token is invalid or expired.

{"error":"Unauthorized","status":401,"message":"Invalid OAuth token"}
[2026-07-24 11:41:22] CHANNEL REFRESH ERROR: Twitch user OAuth token is invalid or expired.

{"error":"Unauthorized","status":401,"message":"Invalid OAuth token"}
[2026-07-24 11:41:24] CHANNEL REFRESH ERROR: Twitch user OAuth token is invalid or expired.

{"error":"Unauthorized","status":401,"message":"Invalid OAuth token"}
[2026-07-24 11:41:26] CHANNEL REFRESH ERROR: Twitch user OAuth token is invalid or expired.

{"error":"Unauthorized","status":401,"message":"Invalid OAuth token"}
[2026-07-24 11:41:28] CHANNEL REFRESH ERROR: Twitch user OAuth token is invalid or expired.

{"error":"Unauthorized","status":401,"message":"Invalid OAuth token"}
[2026-07-24 11:41:30] CHANNEL REFRESH ERROR: Twitch user OAuth token is invalid or expired.

{"error":"Unauthorized","status":401,"message":"Invalid OAuth token"}
[2026-07-24 11:41:32] CHANNEL REFRESH ERROR: Twitch user OAuth token is invalid or expired.

{"error":"Unauthorized","status":401,"message":"Invalid OAuth token"}
[2026-07-24 11:41:34] CHANNEL REFRESH ERROR: Twitch user OAuth token is invalid or expired.

{"error":"Unauthorized","status":401,"message":"Invalid OAuth token"}
[2026-07-24 11:41:36] CHANNEL REFRESH ERROR: Twitch user OAuth token is invalid or expired.

{"error":"Unauthorized","status":401,"message":"Invalid OAuth token"}
[2026-07-24 11:41:38] CHANNEL REFRESH ERROR: Twitch user OAuth token is invalid or expired.

{"error":"Unauthorized","status":401,"message":"Invalid OAuth token"}
[2026-07-24 11:41:40] CHANNEL REFRESH ERROR: Twitch user OAuth token is invalid or expired.

{"error":"Unauthorized","status":401,"message":"Invalid OAuth token"}
[2026-07-24 11:41:42] CHANNEL REFRESH ERROR: Twitch user OAuth token is invalid or expired.

{"error":"Unauthorized","status":401,"message":"Invalid OAuth token"}
[2026-07-24 11:41:44] CHANNEL REFRESH ERROR: Twitch user OAuth token is invalid or expired.

{"error":"Unauthorized","status":401,"message":"Invalid OAuth token"}
[2026-07-24 11:41:46] CHANNEL REFRESH ERROR: Twitch user OAuth token is invalid or expired.

{"error":"Unauthorized","status":401,"message":"Invalid OAuth token"}
[2026-07-24 11:41:48] CHANNEL REFRESH ERROR: Twitch user OAuth token is invalid or expired.

{"error":"Unauthorized","status":401,"message":"Invalid OAuth token"}
[2026-07-24 11:41:50] CHANNEL REFRESH ERROR: Twitch user OAuth token is invalid or expired.

{"error":"Unauthorized","status":401,"message":"Invalid OAuth token"}
[2026-07-24 11:41:52] CHANNEL REFRESH ERROR: Twitch user OAuth token is invalid or expired.

{"error":"Unauthorized","status":401,"message":"Invalid OAuth token"}
[2026-07-24 11:41:54] CHANNEL REFRESH ERROR: Twitch user OAuth token is invalid or expired.

{"error":"Unauthorized","status":401,"message":"Invalid OAuth token"}
[2026-07-24 11:41:56] CHANNEL REFRESH ERROR: Twitch user OAuth token is invalid or expired.

{"error":"Unauthorized","status":401,"message":"Invalid OAuth token"}
[2026-07-24 11:41:58] CHANNEL REFRESH ERROR: Twitch user OAuth token is invalid or expired.

{"error":"Unauthorized","status":401,"message":"Invalid OAuth token"}
[2026-07-24 11:42:00] CHANNEL REFRESH ERROR: Twitch user OAuth token is invalid or expired.

{"error":"Unauthorized","status":401,"message":"Invalid OAuth token"}
[2026-07-24 11:42:02] CHANNEL REFRESH ERROR: Twitch user OAuth token is invalid or expired.

{"error":"Unauthorized","status":401,"message":"Invalid OAuth token"}
[2026-07-24 11:42:04] CHANNEL REFRESH ERROR: Twitch user OAuth token is invalid or expired.

{"error":"Unauthorized","status":401,"message":"Invalid OAuth token"}
[2026-07-24 11:42:06] CHANNEL REFRESH ERROR: Twitch user OAuth token is invalid or expired.

{"error":"Unauthorized","status":401,"message":"Invalid OAuth token"}
[2026-07-24 11:42:08] CHANNEL REFRESH ERROR: Twitch user OAuth token is invalid or expired.

{"error":"Unauthorized","status":401,"message":"Invalid OAuth token"}
[2026-07-24 11:42:10] CHANNEL REFRESH ERROR: Twitch user OAuth token is invalid or expired.

{"error":"Unauthorized","status":401,"message":"Invalid OAuth token"}
[2026-07-24 11:42:12] CHANNEL REFRESH ERROR: Twitch user OAuth token is invalid or expired.

{"error":"Unauthorized","status":401,"message":"Invalid OAuth token"}
[2026-07-24 11:42:14] CHANNEL REFRESH ERROR: Twitch user OAuth token is invalid or expired.

{"error":"Unauthorized","status":401,"message":"Invalid OAuth token"}
[2026-07-24 11:42:16] CHANNEL REFRESH ERROR: Twitch user OAuth token is invalid or expired.

{"error":"Unauthorized","status":401,"message":"Invalid OAuth token"}
[2026-07-24 11:42:18] CHANNEL REFRESH ERROR: Twitch user OAuth token is invalid or expired.

{"error":"Unauthorized","status":401,"message":"Invalid OAuth token"}
[2026-07-24 11:42:20] CHANNEL REFRESH ERROR: Twitch user OAuth token is invalid or expired.

{"error":"Unauthorized","status":401,"message":"Invalid OAuth token"}
[2026-07-24 11:42:22] CHANNEL REFRESH ERROR: Twitch user OAuth token is invalid or expired.

{"error":"Unauthorized","status":401,"message":"Invalid OAuth token"}
[2026-07-24 11:42:24] CHANNEL REFRESH ERROR: Twitch user OAuth token is invalid or expired.

{"error":"Unauthorized","status":401,"message":"Invalid OAuth token"}
[2026-07-24 11:42:26] CHANNEL REFRESH ERROR: Twitch user OAuth token is invalid or expired.

{"error":"Unauthorized","status":401,"message":"Invalid OAuth token"}
[2026-07-24 11:42:28] CHANNEL REFRESH ERROR: Twitch user OAuth token is invalid or expired.

{"error":"Unauthorized","status":401,"message":"Invalid OAuth token"}
[2026-07-24 11:42:30] CHANNEL REFRESH ERROR: Twitch user OAuth token is invalid or expired.

{"error":"Unauthorized","status":401,"message":"Invalid OAuth token"}
[2026-07-24 11:42:32] CHANNEL REFRESH ERROR: Twitch user OAuth token is invalid or expired.

{"error":"Unauthorized","status":401,"message":"Invalid OAuth token"}
[2026-07-24 11:42:34] CHANNEL REFRESH ERROR: Twitch user OAuth token is invalid or expired.

{"error":"Unauthorized","status":401,"message":"Invalid OAuth token"}
[2026-07-24 11:42:36] CHANNEL REFRESH ERROR: Twitch user OAuth token is invalid or expired.

{"error":"Unauthorized","status":401,"message":"Invalid OAuth token"}
[2026-07-24 11:42:38] CHANNEL REFRESH ERROR: Twitch user OAuth token is invalid or expired.

{"error":"Unauthorized","status":401,"message":"Invalid OAuth token"}
[2026-07-24 11:42:40] CHANNEL REFRESH ERROR: Twitch user OAuth token is invalid or expired.

{"error":"Unauthorized","status":401,"message":"Invalid OAuth token"}
[2026-07-24 11:42:42] CHANNEL REFRESH ERROR: Twitch user OAuth token is invalid or expired.

{"error":"Unauthorized","status":401,"message":"Invalid OAuth token"}
[2026-07-24 11:42:44] CHANNEL REFRESH ERROR: Twitch user OAuth token is invalid or expired.

{"error":"Unauthorized","status":401,"message":"Invalid OAuth token"}
[2026-07-24 11:42:46] CHANNEL REFRESH ERROR: Twitch user OAuth token is invalid or expired.

{"error":"Unauthorized","status":401,"message":"Invalid OAuth token"}
[2026-07-24 11:42:48] CHANNEL REFRESH ERROR: Twitch user OAuth token is invalid or expired.

{"error":"Unauthorized","status":401,"message":"Invalid OAuth token"}
[2026-07-24 11:42:50] CHANNEL REFRESH ERROR: Twitch user OAuth token is invalid or expired.

{"error":"Unauthorized","status":401,"message":"Invalid OAuth token"}
[2026-07-24 11:42:52] CHANNEL REFRESH ERROR: Twitch user OAuth token is invalid or expired.

{"error":"Unauthorized","status":401,"message":"Invalid OAuth token"}
[2026-07-24 11:42:54] CHANNEL REFRESH ERROR: Twitch user OAuth token is invalid or expired.

{"error":"Unauthorized","status":401,"message":"Invalid OAuth token"}
[2026-07-24 11:42:56] CHANNEL REFRESH ERROR: Twitch user OAuth token is invalid or expired.

{"error":"Unauthorized","status":401,"message":"Invalid OAuth token"}
[2026-07-24 11:42:58] CHANNEL REFRESH ERROR: Twitch user OAuth token is invalid or expired.

{"error":"Unauthorized","status":401,"message":"Invalid OAuth token"}
[2026-07-24 11:43:00] CHANNEL REFRESH ERROR: Twitch user OAuth token is invalid or expired.

{"error":"Unauthorized","status":401,"message":"Invalid OAuth token"}
[2026-07-24 11:43:02] CHANNEL REFRESH ERROR: Twitch user OAuth token is invalid or expired.

{"error":"Unauthorized","status":401,"message":"Invalid OAuth token"}
[2026-07-24 11:43:04] CHANNEL REFRESH ERROR: Twitch user OAuth token is invalid or expired.

{"error":"Unauthorized","status":401,"message":"Invalid OAuth token"}
[2026-07-24 11:43:06] CHANNEL REFRESH ERROR: Twitch user OAuth token is invalid or expired.

{"error":"Unauthorized","status":401,"message":"Invalid OAuth token"}
[2026-07-24 11:43:08] CHANNEL REFRESH ERROR: Twitch user OAuth token is invalid or expired.

{"error":"Unauthorized","status":401,"message":"Invalid OAuth token"}
[2026-07-24 11:43:10] CHANNEL REFRESH ERROR: Twitch user OAuth token is invalid or expired.

{"error":"Unauthorized","status":401,"message":"Invalid OAuth token"}
[2026-07-24 11:43:12] CHANNEL REFRESH ERROR: Twitch user OAuth token is invalid or expired.

{"error":"Unauthorized","status":401,"message":"Invalid OAuth token"}
[2026-07-24 11:43:14] CHANNEL REFRESH ERROR: Twitch user OAuth token is invalid or expired.

{"error":"Unauthorized","status":401,"message":"Invalid OAuth token"}
[2026-07-24 11:43:16] CHANNEL REFRESH ERROR: Twitch user OAuth token is invalid or expired.

{"error":"Unauthorized","status":401,"message":"Invalid OAuth token"}
[2026-07-24 11:43:18] CHANNEL REFRESH ERROR: Twitch user OAuth token is invalid or expired.

{"error":"Unauthorized","status":401,"message":"Invalid OAuth token"}
[2026-07-24 11:43:20] CHANNEL REFRESH ERROR: Twitch user OAuth token is invalid or expired.

{"error":"Unauthorized","status":401,"message":"Invalid OAuth token"}
[2026-07-24 11:43:22] CHANNEL REFRESH ERROR: Twitch user OAuth token is invalid or expired.

{"error":"Unauthorized","status":401,"message":"Invalid OAuth token"}
[2026-07-24 11:43:24] CHANNEL REFRESH ERROR: Twitch user OAuth token is invalid or expired.

{"error":"Unauthorized","status":401,"message":"Invalid OAuth token"}
[2026-07-24 11:43:26] CHANNEL REFRESH ERROR: Twitch user OAuth token is invalid or expired.

{"error":"Unauthorized","status":401,"message":"Invalid OAuth token"}
[2026-07-24 11:43:28] CHANNEL REFRESH ERROR: Twitch user OAuth token is invalid or expired.

{"error":"Unauthorized","status":401,"message":"Invalid OAuth token"}
[2026-07-24 11:43:30] CHANNEL REFRESH ERROR: Twitch user OAuth token is invalid or expired.

{"error":"Unauthorized","status":401,"message":"Invalid OAuth token"}
[2026-07-24 11:43:32] CHANNEL REFRESH ERROR: Twitch user OAuth token is invalid or expired.

{"error":"Unauthorized","status":401,"message":"Invalid OAuth token"}
[2026-07-24 11:43:34] CHANNEL REFRESH ERROR: Twitch user OAuth token is invalid or expired.

{"error":"Unauthorized","status":401,"message":"Invalid OAuth token"}
[2026-07-24 11:43:36] CHANNEL REFRESH ERROR: Twitch user OAuth token is invalid or expired.

{"error":"Unauthorized","status":401,"message":"Invalid OAuth token"}
[2026-07-24 11:43:38] CHANNEL REFRESH ERROR: Twitch user OAuth token is invalid or expired.

{"error":"Unauthorized","status":401,"message":"Invalid OAuth token"}
[2026-07-24 11:43:40] CHANNEL REFRESH ERROR: Twitch user OAuth token is invalid or expired.

{"error":"Unauthorized","status":401,"message":"Invalid OAuth token"}
[2026-07-24 11:43:42] CHANNEL REFRESH ERROR: Twitch user OAuth token is invalid or expired.

{"error":"Unauthorized","status":401,"message":"Invalid OAuth token"}
[2026-07-24 11:43:44] CHANNEL REFRESH ERROR: Twitch user OAuth token is invalid or expired.

{"error":"Unauthorized","status":401,"message":"Invalid OAuth token"}
[2026-07-24 11:43:46] CHANNEL REFRESH ERROR: Twitch user OAuth token is invalid or expired.

{"error":"Unauthorized","status":401,"message":"Invalid OAuth token"}
[2026-07-24 11:43:48] CHANNEL REFRESH ERROR: Twitch user OAuth token is invalid or expired.

{"error":"Unauthorized","status":401,"message":"Invalid OAuth token"}
[2026-07-24 11:43:50] CHANNEL REFRESH ERROR: Twitch user OAuth token is invalid or expired.

{"error":"Unauthorized","status":401,"message":"Invalid OAuth token"}
[2026-07-24 11:43:52] CHANNEL REFRESH ERROR: Twitch user OAuth token is invalid or expired.

{"error":"Unauthorized","status":401,"message":"Invalid OAuth token"}
[2026-07-24 11:43:54] CHANNEL REFRESH ERROR: Twitch user OAuth token is invalid or expired.

{"error":"Unauthorized","status":401,"message":"Invalid OAuth token"}
[2026-07-24 11:43:56] CHANNEL REFRESH ERROR: Twitch user OAuth token is invalid or expired.

{"error":"Unauthorized","status":401,"message":"Invalid OAuth token"}
[2026-07-24 11:43:58] CHANNEL REFRESH ERROR: Twitch user OAuth token is invalid or expired.

{"error":"Unauthorized","status":401,"message":"Invalid OAuth token"}
[2026-07-24 11:44:00] CHANNEL REFRESH ERROR: Twitch user OAuth token is invalid or expired.

{"error":"Unauthorized","status":401,"message":"Invalid OAuth token"}
[2026-07-24 11:44:02] CHANNEL REFRESH ERROR: Twitch user OAuth token is invalid or expired.

{"error":"Unauthorized","status":401,"message":"Invalid OAuth token"}
[2026-07-24 11:44:04] CHANNEL REFRESH ERROR: Twitch user OAuth token is invalid or expired.

{"error":"Unauthorized","status":401,"message":"Invalid OAuth token"}
[2026-07-24 11:44:06] CHANNEL REFRESH ERROR: Twitch user OAuth token is invalid or expired.

{"error":"Unauthorized","status":401,"message":"Invalid OAuth token"}
[2026-07-24 11:44:08] CHANNEL REFRESH ERROR: Twitch user OAuth token is invalid or expired.

{"error":"Unauthorized","status":401,"message":"Invalid OAuth token"}
[2026-07-24 11:44:10] CHANNEL REFRESH ERROR: Twitch user OAuth token is invalid or expired.

{"error":"Unauthorized","status":401,"message":"Invalid OAuth token"}
[2026-07-24 11:44:12] CHANNEL REFRESH ERROR: Twitch user OAuth token is invalid or expired.

{"error":"Unauthorized","status":401,"message":"Invalid OAuth token"}
[2026-07-24 11:44:14] CHANNEL REFRESH ERROR: Twitch user OAuth token is invalid or expired.

{"error":"Unauthorized","status":401,"message":"Invalid OAuth token"}
[2026-07-24 11:44:16] CHANNEL REFRESH ERROR: Twitch user OAuth token is invalid or expired.

{"error":"Unauthorized","status":401,"message":"Invalid OAuth token"}
[2026-07-24 11:44:18] CHANNEL REFRESH ERROR: Twitch user OAuth token is invalid or expired.

{"error":"Unauthorized","status":401,"message":"Invalid OAuth token"}
[2026-07-24 11:44:20] CHANNEL REFRESH ERROR: Twitch user OAuth token is invalid or expired.

{"error":"Unauthorized","status":401,"message":"Invalid OAuth token"}
[2026-07-24 11:44:22] CHANNEL REFRESH ERROR: Twitch user OAuth token is invalid or expired.

{"error":"Unauthorized","status":401,"message":"Invalid OAuth token"}
[2026-07-24 11:44:24] CHANNEL REFRESH ERROR: Twitch user OAuth token is invalid or expired.

{"error":"Unauthorized","status":401,"message":"Invalid OAuth token"}
[2026-07-24 11:44:26] CHANNEL REFRESH ERROR: Twitch user OAuth token is invalid or expired.

{"error":"Unauthorized","status":401,"message":"Invalid OAuth token"}
[2026-07-24 11:44:28] CHANNEL REFRESH ERROR: Twitch user OAuth token is invalid or expired.

{"error":"Unauthorized","status":401,"message":"Invalid OAuth token"}
[2026-07-24 11:44:30] CHANNEL REFRESH ERROR: Twitch user OAuth token is invalid or expired.

{"error":"Unauthorized","status":401,"message":"Invalid OAuth token"}
[2026-07-24 11:44:32] CHANNEL REFRESH ERROR: Twitch user OAuth token is invalid or expired.

{"error":"Unauthorized","status":401,"message":"Invalid OAuth token"}
[2026-07-24 11:44:34] CHANNEL REFRESH ERROR: Twitch user OAuth token is invalid or expired.

{"error":"Unauthorized","status":401,"message":"Invalid OAuth token"}
[2026-07-24 11:44:36] CHANNEL REFRESH ERROR: Twitch user OAuth token is invalid or expired.

{"error":"Unauthorized","status":401,"message":"Invalid OAuth token"}
[2026-07-24 11:44:38] CHANNEL REFRESH ERROR: Twitch user OAuth token is invalid or expired.

{"error":"Unauthorized","status":401,"message":"Invalid OAuth token"}
[2026-07-24 11:44:40] CHANNEL REFRESH ERROR: Twitch user OAuth token is invalid or expired.

{"error":"Unauthorized","status":401,"message":"Invalid OAuth token"}
[2026-07-24 11:44:42] CHANNEL REFRESH ERROR: Twitch user OAuth token is invalid or expired.

{"error":"Unauthorized","status":401,"message":"Invalid OAuth token"}
[2026-07-24 11:44:44] CHANNEL REFRESH ERROR: Twitch user OAuth token is invalid or expired.

{"error":"Unauthorized","status":401,"message":"Invalid OAuth token"}
[2026-07-24 11:44:46] CHANNEL REFRESH ERROR: Twitch user OAuth token is invalid or expired.

{"error":"Unauthorized","status":401,"message":"Invalid OAuth token"}
[2026-07-24 11:44:48] CHANNEL REFRESH ERROR: Twitch user OAuth token is invalid or expired.

{"error":"Unauthorized","status":401,"message":"Invalid OAuth token"}
[2026-07-24 11:44:50] CHANNEL REFRESH ERROR: Twitch user OAuth token is invalid or expired.

{"error":"Unauthorized","status":401,"message":"Invalid OAuth token"}
[2026-07-24 11:44:52] CHANNEL REFRESH ERROR: Twitch user OAuth token is invalid or expired.

{"error":"Unauthorized","status":401,"message":"Invalid OAuth token"}
[2026-07-24 11:44:54] CHANNEL REFRESH ERROR: Twitch user OAuth token is invalid or expired.

{"error":"Unauthorized","status":401,"message":"Invalid OAuth token"}
[2026-07-24 11:44:56] CHANNEL REFRESH ERROR: Twitch user OAuth token is invalid or expired.

{"error":"Unauthorized","status":401,"message":"Invalid OAuth token"}
[2026-07-24 11:44:58] CHANNEL REFRESH ERROR: Twitch user OAuth token is invalid or expired.

{"error":"Unauthorized","status":401,"message":"Invalid OAuth token"}
[2026-07-24 11:45:00] CHANNEL REFRESH ERROR: Twitch user OAuth token is invalid or expired.

{"error":"Unauthorized","status":401,"message":"Invalid OAuth token"}
[2026-07-24 11:45:02] CHANNEL REFRESH ERROR: Twitch user OAuth token is invalid or expired.

{"error":"Unauthorized","status":401,"message":"Invalid OAuth token"}
[2026-07-24 11:45:04] CHANNEL REFRESH ERROR: Twitch user OAuth token is invalid or expired.

{"error":"Unauthorized","status":401,"message":"Invalid OAuth token"}
[2026-07-24 11:45:06] CHANNEL REFRESH ERROR: Twitch user OAuth token is invalid or expired.

{"error":"Unauthorized","status":401,"message":"Invalid OAuth token"}
[2026-07-24 11:45:08] CHANNEL REFRESH ERROR: Twitch user OAuth token is invalid or expired.

{"error":"Unauthorized","status":401,"message":"Invalid OAuth token"}
[2026-07-24 11:45:10] CHANNEL REFRESH ERROR: Twitch user OAuth token is invalid or expired.

{"error":"Unauthorized","status":401,"message":"Invalid OAuth token"}
[2026-07-24 11:45:12] CHANNEL REFRESH ERROR: Twitch user OAuth token is invalid or expired.

{"error":"Unauthorized","status":401,"message":"Invalid OAuth token"}
[2026-07-24 11:45:14] CHANNEL REFRESH ERROR: Twitch user OAuth token is invalid or expired.

{"error":"Unauthorized","status":401,"message":"Invalid OAuth token"}
[2026-07-24 11:45:16] CHANNEL REFRESH ERROR: Twitch user OAuth token is invalid or expired.

{"error":"Unauthorized","status":401,"message":"Invalid OAuth token"}
[2026-07-24 11:45:18] CHANNEL REFRESH ERROR: Twitch user OAuth token is invalid or expired.

{"error":"Unauthorized","status":401,"message":"Invalid OAuth token"}
[2026-07-24 11:45:20] CHANNEL REFRESH ERROR: Twitch user OAuth token is invalid or expired.

{"error":"Unauthorized","status":401,"message":"Invalid OAuth token"}
[2026-07-24 11:45:22] CHANNEL REFRESH ERROR: Twitch user OAuth token is invalid or expired.

{"error":"Unauthorized","status":401,"message":"Invalid OAuth token"}
[2026-07-24 11:45:24] CHANNEL REFRESH ERROR: Twitch user OAuth token is invalid or expired.

{"error":"Unauthorized","status":401,"message":"Invalid OAuth token"}
[2026-07-24 11:45:26] CHANNEL REFRESH ERROR: Twitch user OAuth token is invalid or expired.

{"error":"Unauthorized","status":401,"message":"Invalid OAuth token"}
[2026-07-24 11:45:28] CHANNEL REFRESH ERROR: Twitch user OAuth token is invalid or expired.

{"error":"Unauthorized","status":401,"message":"Invalid OAuth token"}
[2026-07-24 11:45:30] CHANNEL REFRESH ERROR: Twitch user OAuth token is invalid or expired.

{"error":"Unauthorized","status":401,"message":"Invalid OAuth token"}
[2026-07-24 11:45:32] CHANNEL REFRESH ERROR: Twitch user OAuth token is invalid or expired.

{"error":"Unauthorized","status":401,"message":"Invalid OAuth token"}
[2026-07-24 11:45:34] CHANNEL REFRESH ERROR: Twitch user OAuth token is invalid or expired.

{"error":"Unauthorized","status":401,"message":"Invalid OAuth token"}
[2026-07-24 11:45:36] CHANNEL REFRESH ERROR: Twitch user OAuth token is invalid or expired.

{"error":"Unauthorized","status":401,"message":"Invalid OAuth token"}
[2026-07-24 11:45:38] CHANNEL REFRESH ERROR: Twitch user OAuth token is invalid or expired.

{"error":"Unauthorized","status":401,"message":"Invalid OAuth token"}
[2026-07-24 11:45:40] CHANNEL REFRESH ERROR: Twitch user OAuth token is invalid or expired.

{"error":"Unauthorized","status":401,"message":"Invalid OAuth token"}
[2026-07-24 11:45:42] CHANNEL REFRESH ERROR: Twitch user OAuth token is invalid or expired.

{"error":"Unauthorized","status":401,"message":"Invalid OAuth token"}
[2026-07-24 11:45:44] CHANNEL REFRESH ERROR: Twitch user OAuth token is invalid or expired.

{"error":"Unauthorized","status":401,"message":"Invalid OAuth token"}
[2026-07-24 11:45:46] CHANNEL REFRESH ERROR: Twitch user OAuth token is invalid or expired.

{"error":"Unauthorized","status":401,"message":"Invalid OAuth token"}
[2026-07-24 11:45:48] CHANNEL REFRESH ERROR: Twitch user OAuth token is invalid or expired.

{"error":"Unauthorized","status":401,"message":"Invalid OAuth token"}
[2026-07-24 11:45:50] CHANNEL REFRESH ERROR: Twitch user OAuth token is invalid or expired.

{"error":"Unauthorized","status":401,"message":"Invalid OAuth token"}
[2026-07-24 11:45:52] CHANNEL REFRESH ERROR: Twitch user OAuth token is invalid or expired.

{"error":"Unauthorized","status":401,"message":"Invalid OAuth token"}
[2026-07-24 11:45:54] CHANNEL REFRESH ERROR: Twitch user OAuth token is invalid or expired.

{"error":"Unauthorized","status":401,"message":"Invalid OAuth token"}
[2026-07-24 11:45:56] CHANNEL REFRESH ERROR: Twitch user OAuth token is invalid or expired.

{"error":"Unauthorized","status":401,"message":"Invalid OAuth token"}
[2026-07-24 11:45:58] CHANNEL REFRESH ERROR: Twitch user OAuth token is invalid or expired.

{"error":"Unauthorized","status":401,"message":"Invalid OAuth token"}
[2026-07-24 11:46:00] CHANNEL REFRESH ERROR: Twitch user OAuth token is invalid or expired.

{"error":"Unauthorized","status":401,"message":"Invalid OAuth token"}
[2026-07-24 11:46:02] CHANNEL REFRESH ERROR: Twitch user OAuth token is invalid or expired.

{"error":"Unauthorized","status":401,"message":"Invalid OAuth token"}
[2026-07-24 11:46:04] CHANNEL REFRESH ERROR: Twitch user OAuth token is invalid or expired.

{"error":"Unauthorized","status":401,"message":"Invalid OAuth token"}
[2026-07-24 11:46:06] CHANNEL REFRESH ERROR: Twitch user OAuth token is invalid or expired.

{"error":"Unauthorized","status":401,"message":"Invalid OAuth token"}
[2026-07-24 11:46:08] CHANNEL REFRESH ERROR: Twitch user OAuth token is invalid or expired.

{"error":"Unauthorized","status":401,"message":"Invalid OAuth token"}
[2026-07-24 11:46:10] CHANNEL REFRESH ERROR: Twitch user OAuth token is invalid or expired.

{"error":"Unauthorized","status":401,"message":"Invalid OAuth token"}
[2026-07-24 11:46:12] CHANNEL REFRESH ERROR: Twitch user OAuth token is invalid or expired.

{"error":"Unauthorized","status":401,"message":"Invalid OAuth token"}
[2026-07-24 11:46:14] CHANNEL REFRESH ERROR: Twitch user OAuth token is invalid or expired.

{"error":"Unauthorized","status":401,"message":"Invalid OAuth token"}
[2026-07-24 11:46:16] CHANNEL REFRESH ERROR: Twitch user OAuth token is invalid or expired.

{"error":"Unauthorized","status":401,"message":"Invalid OAuth token"}
[2026-07-24 11:46:18] CHANNEL REFRESH ERROR: Twitch user OAuth token is invalid or expired.

{"error":"Unauthorized","status":401,"message":"Invalid OAuth token"}
[2026-07-24 11:46:20] CHANNEL REFRESH ERROR: Twitch user OAuth token is invalid or expired.

{"error":"Unauthorized","status":401,"message":"Invalid OAuth token"}
[2026-07-24 11:46:22] CHANNEL REFRESH ERROR: Twitch user OAuth token is invalid or expired.

{"error":"Unauthorized","status":401,"message":"Invalid OAuth token"}
[2026-07-24 11:46:24] CHANNEL REFRESH ERROR: Twitch user OAuth token is invalid or expired.

{"error":"Unauthorized","status":401,"message":"Invalid OAuth token"}
[2026-07-24 11:46:26] CHANNEL REFRESH ERROR: Twitch user OAuth token is invalid or expired.

{"error":"Unauthorized","status":401,"message":"Invalid OAuth token"}
[2026-07-24 11:46:28] CHANNEL REFRESH ERROR: Twitch user OAuth token is invalid or expired.

{"error":"Unauthorized","status":401,"message":"Invalid OAuth token"}
[2026-07-24 11:46:30] CHANNEL REFRESH ERROR: Twitch user OAuth token is invalid or expired.

{"error":"Unauthorized","status":401,"message":"Invalid OAuth token"}
[2026-07-24 11:46:32] CHANNEL REFRESH ERROR: Twitch user OAuth token is invalid or expired.

{"error":"Unauthorized","status":401,"message":"Invalid OAuth token"}
[2026-07-24 11:46:34] CHANNEL REFRESH ERROR: Twitch user OAuth token is invalid or expired.

{"error":"Unauthorized","status":401,"message":"Invalid OAuth token"}
[2026-07-24 11:46:36] CHANNEL REFRESH ERROR: Twitch user OAuth token is invalid or expired.

{"error":"Unauthorized","status":401,"message":"Invalid OAuth token"}
[2026-07-24 11:46:38] CHANNEL REFRESH ERROR: Twitch user OAuth token is invalid or expired.

{"error":"Unauthorized","status":401,"message":"Invalid OAuth token"}
[2026-07-24 11:46:40] CHANNEL REFRESH ERROR: Twitch user OAuth token is invalid or expired.

{"error":"Unauthorized","status":401,"message":"Invalid OAuth token"}
[2026-07-24 11:46:42] CHANNEL REFRESH ERROR: Twitch user OAuth token is invalid or expired.

{"error":"Unauthorized","status":401,"message":"Invalid OAuth token"}
[2026-07-24 11:46:44] CHANNEL REFRESH ERROR: Twitch user OAuth token is invalid or expired.

{"error":"Unauthorized","status":401,"message":"Invalid OAuth token"}
[2026-07-24 11:46:46] CHANNEL REFRESH ERROR: Twitch user OAuth token is invalid or expired.

{"error":"Unauthorized","status":401,"message":"Invalid OAuth token"}
[2026-07-24 11:46:48] CHANNEL REFRESH ERROR: Twitch user OAuth token is invalid or expired.

{"error":"Unauthorized","status":401,"message":"Invalid OAuth token"}
[2026-07-24 11:46:50] CHANNEL REFRESH ERROR: Twitch user OAuth token is invalid or expired.

{"error":"Unauthorized","status":401,"message":"Invalid OAuth token"}
[2026-07-24 11:46:52] CHANNEL REFRESH ERROR: Twitch user OAuth token is invalid or expired.

{"error":"Unauthorized","status":401,"message":"Invalid OAuth token"}
[2026-07-24 11:46:54] CHANNEL REFRESH ERROR: Twitch user OAuth token is invalid or expired.

{"error":"Unauthorized","status":401,"message":"Invalid OAuth token"}
[2026-07-24 11:46:56] CHANNEL REFRESH ERROR: Twitch user OAuth token is invalid or expired.

{"error":"Unauthorized","status":401,"message":"Invalid OAuth token"}
[2026-07-24 11:46:58] CHANNEL REFRESH ERROR: Twitch user OAuth token is invalid or expired.

{"error":"Unauthorized","status":401,"message":"Invalid OAuth token"}
[2026-07-24 11:47:00] CHANNEL REFRESH ERROR: Twitch user OAuth token is invalid or expired.

{"error":"Unauthorized","status":401,"message":"Invalid OAuth token"}
[2026-07-24 11:47:02] CHANNEL REFRESH ERROR: Twitch user OAuth token is invalid or expired.

{"error":"Unauthorized","status":401,"message":"Invalid OAuth token"}
[2026-07-24 11:47:04] CHANNEL REFRESH ERROR: Twitch user OAuth token is invalid or expired.

{"error":"Unauthorized","status":401,"message":"Invalid OAuth token"}
[2026-07-24 11:47:06] CHANNEL REFRESH ERROR: Twitch user OAuth token is invalid or expired.

{"error":"Unauthorized","status":401,"message":"Invalid OAuth token"}
[2026-07-24 11:47:08] CHANNEL REFRESH ERROR: Twitch user OAuth token is invalid or expired.

{"error":"Unauthorized","status":401,"message":"Invalid OAuth token"}
[2026-07-24 11:47:10] CHANNEL REFRESH ERROR: Twitch user OAuth token is invalid or expired.

{"error":"Unauthorized","status":401,"message":"Invalid OAuth token"}
[2026-07-24 11:47:12] CHANNEL REFRESH ERROR: Twitch user OAuth token is invalid or expired.

{"error":"Unauthorized","status":401,"message":"Invalid OAuth token"}
[2026-07-24 11:47:14] CHANNEL REFRESH ERROR: Twitch user OAuth token is invalid or expired.

{"error":"Unauthorized","status":401,"message":"Invalid OAuth token"}
[2026-07-24 11:47:16] CHANNEL REFRESH ERROR: Twitch user OAuth token is invalid or expired.

{"error":"Unauthorized","status":401,"message":"Invalid OAuth token"}
[2026-07-24 11:47:18] CHANNEL REFRESH ERROR: Twitch user OAuth token is invalid or expired.

{"error":"Unauthorized","status":401,"message":"Invalid OAuth token"}
[2026-07-24 11:47:20] CHANNEL REFRESH ERROR: Twitch user OAuth token is invalid or expired.

{"error":"Unauthorized","status":401,"message":"Invalid OAuth token"}
[2026-07-24 11:47:22] CHANNEL REFRESH ERROR: Twitch user OAuth token is invalid or expired.

{"error":"Unauthorized","status":401,"message":"Invalid OAuth token"}
[2026-07-24 11:47:24] CHANNEL REFRESH ERROR: Twitch user OAuth token is invalid or expired.

{"error":"Unauthorized","status":401,"message":"Invalid OAuth token"}
[2026-07-24 11:47:26] CHANNEL REFRESH ERROR: Twitch user OAuth token is invalid or expired.

{"error":"Unauthorized","status":401,"message":"Invalid OAuth token"}
[2026-07-24 11:47:28] CHANNEL REFRESH ERROR: Twitch user OAuth token is invalid or expired.

{"error":"Unauthorized","status":401,"message":"Invalid OAuth token"}
[2026-07-24 11:47:30] CHANNEL REFRESH ERROR: Twitch user OAuth token is invalid or expired.

{"error":"Unauthorized","status":401,"message":"Invalid OAuth token"}
[2026-07-24 11:47:32] CHANNEL REFRESH ERROR: Twitch user OAuth token is invalid or expired.

{"error":"Unauthorized","status":401,"message":"Invalid OAuth token"}
[2026-07-24 11:47:34] CHANNEL REFRESH ERROR: Twitch user OAuth token is invalid or expired.

{"error":"Unauthorized","status":401,"message":"Invalid OAuth token"}
[2026-07-24 11:47:36] CHANNEL REFRESH ERROR: Twitch user OAuth token is invalid or expired.

{"error":"Unauthorized","status":401,"message":"Invalid OAuth token"}
[2026-07-24 11:47:38] CHANNEL REFRESH ERROR: Twitch user OAuth token is invalid or expired.

{"error":"Unauthorized","status":401,"message":"Invalid OAuth token"}
[2026-07-24 11:47:40] CHANNEL REFRESH ERROR: Twitch user OAuth token is invalid or expired.

{"error":"Unauthorized","status":401,"message":"Invalid OAuth token"}
[2026-07-24 11:47:42] CHANNEL REFRESH ERROR: Twitch user OAuth token is invalid or expired.

{"error":"Unauthorized","status":401,"message":"Invalid OAuth token"}
[2026-07-24 11:47:44] CHANNEL REFRESH ERROR: Twitch user OAuth token is invalid or expired.

{"error":"Unauthorized","status":401,"message":"Invalid OAuth token"}
[2026-07-24 11:47:46] CHANNEL REFRESH ERROR: Twitch user OAuth token is invalid or expired.

{"error":"Unauthorized","status":401,"message":"Invalid OAuth token"}
[2026-07-24 11:47:48] CHANNEL REFRESH ERROR: Twitch user OAuth token is invalid or expired.

{"error":"Unauthorized","status":401,"message":"Invalid OAuth token"}
[2026-07-24 11:47:50] CHANNEL REFRESH ERROR: Twitch user OAuth token is invalid or expired.

{"error":"Unauthorized","status":401,"message":"Invalid OAuth token"}
[2026-07-24 11:47:52] CHANNEL REFRESH ERROR: Twitch user OAuth token is invalid or expired.

{"error":"Unauthorized","status":401,"message":"Invalid OAuth token"}
[2026-07-24 11:47:54] CHANNEL REFRESH ERROR: Twitch user OAuth token is invalid or expired.

{"error":"Unauthorized","status":401,"message":"Invalid OAuth token"}
[2026-07-24 11:47:56] CHANNEL REFRESH ERROR: Twitch user OAuth token is invalid or expired.

{"error":"Unauthorized","status":401,"message":"Invalid OAuth token"}
[2026-07-24 11:47:58] CHANNEL REFRESH ERROR: Twitch user OAuth token is invalid or expired.

{"error":"Unauthorized","status":401,"message":"Invalid OAuth token"}
[2026-07-24 11:48:00] CHANNEL REFRESH ERROR: Twitch user OAuth token is invalid or expired.

{"error":"Unauthorized","status":401,"message":"Invalid OAuth token"}
[2026-07-24 11:48:02] CHANNEL REFRESH ERROR: Twitch user OAuth token is invalid or expired.

{"error":"Unauthorized","status":401,"message":"Invalid OAuth token"}
[2026-07-24 11:48:04] CHANNEL REFRESH ERROR: Twitch user OAuth token is invalid or expired.

{"error":"Unauthorized","status":401,"message":"Invalid OAuth token"}
[2026-07-24 11:48:06] CHANNEL REFRESH ERROR: Twitch user OAuth token is invalid or expired.

{"error":"Unauthorized","status":401,"message":"Invalid OAuth token"}
[2026-07-24 11:48:08] CHANNEL REFRESH ERROR: Twitch user OAuth token is invalid or expired.

{"error":"Unauthorized","status":401,"message":"Invalid OAuth token"}
[2026-07-24 11:48:10] CHANNEL REFRESH ERROR: Twitch user OAuth token is invalid or expired.

{"error":"Unauthorized","status":401,"message":"Invalid OAuth token"}
[2026-07-24 11:48:12] CHANNEL REFRESH ERROR: Twitch user OAuth token is invalid or expired.

{"error":"Unauthorized","status":401,"message":"Invalid OAuth token"}
[2026-07-24 11:48:14] CHANNEL REFRESH ERROR: Twitch user OAuth token is invalid or expired.

{"error":"Unauthorized","status":401,"message":"Invalid OAuth token"}
[2026-07-24 11:48:16] CHANNEL REFRESH ERROR: Twitch user OAuth token is invalid or expired.

{"error":"Unauthorized","status":401,"message":"Invalid OAuth token"}
[2026-07-24 11:48:18] CHANNEL REFRESH ERROR: Twitch user OAuth token is invalid or expired.

{"error":"Unauthorized","status":401,"message":"Invalid OAuth token"}
[2026-07-24 11:48:20] CHANNEL REFRESH ERROR: Twitch user OAuth token is invalid or expired.

{"error":"Unauthorized","status":401,"message":"Invalid OAuth token"}
[2026-07-24 11:48:22] CHANNEL REFRESH ERROR: Twitch user OAuth token is invalid or expired.

{"error":"Unauthorized","status":401,"message":"Invalid OAuth token"}
[2026-07-24 11:48:24] CHANNEL REFRESH ERROR: Twitch user OAuth token is invalid or expired.

{"error":"Unauthorized","status":401,"message":"Invalid OAuth token"}
[2026-07-24 11:48:26] CHANNEL REFRESH ERROR: Twitch user OAuth token is invalid or expired.

{"error":"Unauthorized","status":401,"message":"Invalid OAuth token"}
[2026-07-24 11:48:28] CHANNEL REFRESH ERROR: Twitch user OAuth token is invalid or expired.

{"error":"Unauthorized","status":401,"message":"Invalid OAuth token"}
[2026-07-24 11:48:30] CHANNEL REFRESH ERROR: Twitch user OAuth token is invalid or expired.

{"error":"Unauthorized","status":401,"message":"Invalid OAuth token"}
[2026-07-24 11:48:32] CHANNEL REFRESH ERROR: Twitch user OAuth token is invalid or expired.

{"error":"Unauthorized","status":401,"message":"Invalid OAuth token"}
[2026-07-24 11:48:34] CHANNEL REFRESH ERROR: Twitch user OAuth token is invalid or expired.

{"error":"Unauthorized","status":401,"message":"Invalid OAuth token"}
[2026-07-24 11:48:36] CHANNEL REFRESH ERROR: Twitch user OAuth token is invalid or expired.

{"error":"Unauthorized","status":401,"message":"Invalid OAuth token"}
[2026-07-24 11:48:38] CHANNEL REFRESH ERROR: Twitch user OAuth token is invalid or expired.

{"error":"Unauthorized","status":401,"message":"Invalid OAuth token"}
[2026-07-24 11:48:40] CHANNEL REFRESH ERROR: Twitch user OAuth token is invalid or expired.

{"error":"Unauthorized","status":401,"message":"Invalid OAuth token"}
[2026-07-24 11:48:42] CHANNEL REFRESH ERROR: Twitch user OAuth token is invalid or expired.

{"error":"Unauthorized","status":401,"message":"Invalid OAuth token"}
[2026-07-24 11:48:44] CHANNEL REFRESH ERROR: Twitch user OAuth token is invalid or expired.

{"error":"Unauthorized","status":401,"message":"Invalid OAuth token"}
[2026-07-24 11:48:46] CHANNEL REFRESH ERROR: Twitch user OAuth token is invalid or expired.

{"error":"Unauthorized","status":401,"message":"Invalid OAuth token"}
[2026-07-24 11:48:48] CHANNEL REFRESH ERROR: Twitch user OAuth token is invalid or expired.

{"error":"Unauthorized","status":401,"message":"Invalid OAuth token"}
[2026-07-24 11:48:50] CHANNEL REFRESH ERROR: Twitch user OAuth token is invalid or expired.

{"error":"Unauthorized","status":401,"message":"Invalid OAuth token"}
[2026-07-24 11:48:52] CHANNEL REFRESH ERROR: Twitch user OAuth token is invalid or expired.

{"error":"Unauthorized","status":401,"message":"Invalid OAuth token"}
[2026-07-24 11:48:54] CHANNEL REFRESH ERROR: Twitch user OAuth token is invalid or expired.

{"error":"Unauthorized","status":401,"message":"Invalid OAuth token"}
[2026-07-24 11:48:56] CHANNEL REFRESH ERROR: Twitch user OAuth token is invalid or expired.

{"error":"Unauthorized","status":401,"message":"Invalid OAuth token"}
[2026-07-24 11:48:58] CHANNEL REFRESH ERROR: Twitch user OAuth token is invalid or expired.

{"error":"Unauthorized","status":401,"message":"Invalid OAuth token"}
[2026-07-24 11:49:00] CHANNEL REFRESH ERROR: Twitch user OAuth token is invalid or expired.

{"error":"Unauthorized","status":401,"message":"Invalid OAuth token"}
[2026-07-24 11:49:02] CHANNEL REFRESH ERROR: Twitch user OAuth token is invalid or expired.

{"error":"Unauthorized","status":401,"message":"Invalid OAuth token"}
[2026-07-24 11:49:04] CHANNEL REFRESH ERROR: Twitch user OAuth token is invalid or expired.

{"error":"Unauthorized","status":401,"message":"Invalid OAuth token"}
[2026-07-24 11:49:06] CHANNEL REFRESH ERROR: Twitch user OAuth token is invalid or expired.

{"error":"Unauthorized","status":401,"message":"Invalid OAuth token"}
[2026-07-24 11:49:08] CHANNEL REFRESH ERROR: Twitch user OAuth token is invalid or expired.

{"error":"Unauthorized","status":401,"message":"Invalid OAuth token"}
[2026-07-24 11:49:10] CHANNEL REFRESH ERROR: Twitch user OAuth token is invalid or expired.

{"error":"Unauthorized","status":401,"message":"Invalid OAuth token"}
[2026-07-24 11:49:12] CHANNEL REFRESH ERROR: Twitch user OAuth token is invalid or expired.

{"error":"Unauthorized","status":401,"message":"Invalid OAuth token"}
[2026-07-24 11:49:14] CHANNEL REFRESH ERROR: Twitch user OAuth token is invalid or expired.

{"error":"Unauthorized","status":401,"message":"Invalid OAuth token"}
[2026-07-24 11:49:16] CHANNEL REFRESH ERROR: Twitch user OAuth token is invalid or expired.

{"error":"Unauthorized","status":401,"message":"Invalid OAuth token"}
[2026-07-24 11:49:18] CHANNEL REFRESH ERROR: Twitch user OAuth token is invalid or expired.

{"error":"Unauthorized","status":401,"message":"Invalid OAuth token"}
[2026-07-24 11:49:20] CHANNEL REFRESH ERROR: Twitch user OAuth token is invalid or expired.

{"error":"Unauthorized","status":401,"message":"Invalid OAuth token"}
[2026-07-24 11:49:22] CHANNEL REFRESH ERROR: Twitch user OAuth token is invalid or expired.

{"error":"Unauthorized","status":401,"message":"Invalid OAuth token"}
[2026-07-24 11:49:24] CHANNEL REFRESH ERROR: Twitch user OAuth token is invalid or expired.

{"error":"Unauthorized","status":401,"message":"Invalid OAuth token"}
[2026-07-24 11:49:26] CHANNEL REFRESH ERROR: Twitch user OAuth token is invalid or expired.

{"error":"Unauthorized","status":401,"message":"Invalid OAuth token"}
[2026-07-24 11:49:28] CHANNEL REFRESH ERROR: Twitch user OAuth token is invalid or expired.

{"error":"Unauthorized","status":401,"message":"Invalid OAuth token"}
[2026-07-24 11:49:30] CHANNEL REFRESH ERROR: Twitch user OAuth token is invalid or expired.

{"error":"Unauthorized","status":401,"message":"Invalid OAuth token"}
[2026-07-24 11:49:32] CHANNEL REFRESH ERROR: Twitch user OAuth token is invalid or expired.

{"error":"Unauthorized","status":401,"message":"Invalid OAuth token"}
[2026-07-24 11:49:34] CHANNEL REFRESH ERROR: Twitch user OAuth token is invalid or expired.

{"error":"Unauthorized","status":401,"message":"Invalid OAuth token"}
[2026-07-24 11:49:36] CHANNEL REFRESH ERROR: Twitch user OAuth token is invalid or expired.

{"error":"Unauthorized","status":401,"message":"Invalid OAuth token"}
[2026-07-24 11:49:38] CHANNEL REFRESH ERROR: Twitch user OAuth token is invalid or expired.

{"error":"Unauthorized","status":401,"message":"Invalid OAuth token"}
[2026-07-24 11:49:40] CHANNEL REFRESH ERROR: Twitch user OAuth token is invalid or expired.

{"error":"Unauthorized","status":401,"message":"Invalid OAuth token"}
[2026-07-24 11:49:42] CHANNEL REFRESH ERROR: Twitch user OAuth token is invalid or expired.

{"error":"Unauthorized","status":401,"message":"Invalid OAuth token"}
[2026-07-24 11:49:44] CHANNEL REFRESH ERROR: Twitch user OAuth token is invalid or expired.

{"error":"Unauthorized","status":401,"message":"Invalid OAuth token"}
[2026-07-24 11:49:46] CHANNEL REFRESH ERROR: Twitch user OAuth token is invalid or expired.

{"error":"Unauthorized","status":401,"message":"Invalid OAuth token"}
[2026-07-24 11:49:48] CHANNEL REFRESH ERROR: Twitch user OAuth token is invalid or expired.

{"error":"Unauthorized","status":401,"message":"Invalid OAuth token"}
[2026-07-24 11:49:50] CHANNEL REFRESH ERROR: Twitch user OAuth token is invalid or expired.

{"error":"Unauthorized","status":401,"message":"Invalid OAuth token"}
[2026-07-24 11:49:52] CHANNEL REFRESH ERROR: Twitch user OAuth token is invalid or expired.

{"error":"Unauthorized","status":401,"message":"Invalid OAuth token"}
[2026-07-24 11:49:54] CHANNEL REFRESH ERROR: Twitch user OAuth token is invalid or expired.

{"error":"Unauthorized","status":401,"message":"Invalid OAuth token"}
[2026-07-24 11:49:56] CHANNEL REFRESH ERROR: Twitch user OAuth token is invalid or expired.

{"error":"Unauthorized","status":401,"message":"Invalid OAuth token"}
[2026-07-24 11:49:58] CHANNEL REFRESH ERROR: Twitch user OAuth token is invalid or expired.

{"error":"Unauthorized","status":401,"message":"Invalid OAuth token"}
[2026-07-24 11:50:00] CHANNEL REFRESH ERROR: Twitch user OAuth token is invalid or expired.

{"error":"Unauthorized","status":401,"message":"Invalid OAuth token"}
[2026-07-24 11:50:02] CHANNEL REFRESH ERROR: Twitch user OAuth token is invalid or expired.

{"error":"Unauthorized","status":401,"message":"Invalid OAuth token"}
[2026-07-24 11:50:04] CHANNEL REFRESH ERROR: Twitch user OAuth token is invalid or expired.

{"error":"Unauthorized","status":401,"message":"Invalid OAuth token"}
[2026-07-24 11:50:06] CHANNEL REFRESH ERROR: Twitch user OAuth token is invalid or expired.

{"error":"Unauthorized","status":401,"message":"Invalid OAuth token"}
[2026-07-24 11:50:08] CHANNEL REFRESH ERROR: Twitch user OAuth token is invalid or expired.

{"error":"Unauthorized","status":401,"message":"Invalid OAuth token"}
[2026-07-24 11:50:10] CHANNEL REFRESH ERROR: Twitch user OAuth token is invalid or expired.

{"error":"Unauthorized","status":401,"message":"Invalid OAuth token"}
[2026-07-24 11:50:12] CHANNEL REFRESH ERROR: Twitch user OAuth token is invalid or expired.

{"error":"Unauthorized","status":401,"message":"Invalid OAuth token"}
[2026-07-24 11:50:14] CHANNEL REFRESH ERROR: Twitch user OAuth token is invalid or expired.

{"error":"Unauthorized","status":401,"message":"Invalid OAuth token"}
[2026-07-24 11:50:16] CHANNEL REFRESH ERROR: Twitch user OAuth token is invalid or expired.

{"error":"Unauthorized","status":401,"message":"Invalid OAuth token"}
[2026-07-24 11:50:18] CHANNEL REFRESH ERROR: Twitch user OAuth token is invalid or expired.

{"error":"Unauthorized","status":401,"message":"Invalid OAuth token"}
[2026-07-24 11:50:20] CHANNEL REFRESH ERROR: Twitch user OAuth token is invalid or expired.

{"error":"Unauthorized","status":401,"message":"Invalid OAuth token"}
[2026-07-24 11:50:22] CHANNEL REFRESH ERROR: Twitch user OAuth token is invalid or expired.

{"error":"Unauthorized","status":401,"message":"Invalid OAuth token"}
[2026-07-24 11:50:24] CHANNEL REFRESH ERROR: Twitch user OAuth token is invalid or expired.

{"error":"Unauthorized","status":401,"message":"Invalid OAuth token"}
[2026-07-24 11:50:26] CHANNEL REFRESH ERROR: Twitch user OAuth token is invalid or expired.

{"error":"Unauthorized","status":401,"message":"Invalid OAuth token"}
[2026-07-24 11:50:28] CHANNEL REFRESH ERROR: Twitch user OAuth token is invalid or expired.

{"error":"Unauthorized","status":401,"message":"Invalid OAuth token"}
[2026-07-24 11:50:30] CHANNEL REFRESH ERROR: Twitch user OAuth token is invalid or expired.

{"error":"Unauthorized","status":401,"message":"Invalid OAuth token"}
[2026-07-24 11:50:32] CHANNEL REFRESH ERROR: Twitch user OAuth token is invalid or expired.

{"error":"Unauthorized","status":401,"message":"Invalid OAuth token"}
[2026-07-24 11:50:34] CHANNEL REFRESH ERROR: Twitch user OAuth token is invalid or expired.

{"error":"Unauthorized","status":401,"message":"Invalid OAuth token"}
[2026-07-24 11:50:36] CHANNEL REFRESH ERROR: Twitch user OAuth token is invalid or expired.

{"error":"Unauthorized","status":401,"message":"Invalid OAuth token"}
[2026-07-24 11:50:38] CHANNEL REFRESH ERROR: Twitch user OAuth token is invalid or expired.

{"error":"Unauthorized","status":401,"message":"Invalid OAuth token"}
[2026-07-24 11:50:40] CHANNEL REFRESH ERROR: Twitch user OAuth token is invalid or expired.

{"error":"Unauthorized","status":401,"message":"Invalid OAuth token"}
[2026-07-24 11:50:42] CHANNEL REFRESH ERROR: Twitch user OAuth token is invalid or expired.

{"error":"Unauthorized","status":401,"message":"Invalid OAuth token"}
[2026-07-24 11:50:44] CHANNEL REFRESH ERROR: Twitch user OAuth token is invalid or expired.

{"error":"Unauthorized","status":401,"message":"Invalid OAuth token"}
[2026-07-24 11:50:46] CHANNEL REFRESH ERROR: Twitch user OAuth token is invalid or expired.

{"error":"Unauthorized","status":401,"message":"Invalid OAuth token"}
[2026-07-24 11:50:48] CHANNEL REFRESH ERROR: Twitch user OAuth token is invalid or expired.

{"error":"Unauthorized","status":401,"message":"Invalid OAuth token"}
[2026-07-24 11:50:50] CHANNEL REFRESH ERROR: Twitch user OAuth token is invalid or expired.

{"error":"Unauthorized","status":401,"message":"Invalid OAuth token"}
[2026-07-24 11:50:52] CHANNEL REFRESH ERROR: Twitch user OAuth token is invalid or expired.

{"error":"Unauthorized","status":401,"message":"Invalid OAuth token"}
[2026-07-24 11:50:54] CHANNEL REFRESH ERROR: Twitch user OAuth token is invalid or expired.

{"error":"Unauthorized","status":401,"message":"Invalid OAuth token"}
[2026-07-24 11:50:56] CHANNEL REFRESH ERROR: Twitch user OAuth token is invalid or expired.

{"error":"Unauthorized","status":401,"message":"Invalid OAuth token"}
[2026-07-24 11:50:58] CHANNEL REFRESH ERROR: Twitch user OAuth token is invalid or expired.

{"error":"Unauthorized","status":401,"message":"Invalid OAuth token"}
[2026-07-24 11:51:00] CHANNEL REFRESH ERROR: Twitch user OAuth token is invalid or expired.

{"error":"Unauthorized","status":401,"message":"Invalid OAuth token"}
[2026-07-24 11:51:02] CHANNEL REFRESH ERROR: Twitch user OAuth token is invalid or expired.

{"error":"Unauthorized","status":401,"message":"Invalid OAuth token"}
[2026-07-24 11:51:04] CHANNEL REFRESH ERROR: Twitch user OAuth token is invalid or expired.

{"error":"Unauthorized","status":401,"message":"Invalid OAuth token"}
[2026-07-24 11:51:06] CHANNEL REFRESH ERROR: Twitch user OAuth token is invalid or expired.

{"error":"Unauthorized","status":401,"message":"Invalid OAuth token"}
[2026-07-24 11:51:08] CHANNEL REFRESH ERROR: Twitch user OAuth token is invalid or expired.

{"error":"Unauthorized","status":401,"message":"Invalid OAuth token"}
[2026-07-24 11:51:10] CHANNEL REFRESH ERROR: Twitch user OAuth token is invalid or expired.

{"error":"Unauthorized","status":401,"message":"Invalid OAuth token"}
[2026-07-24 11:51:12] CHANNEL REFRESH ERROR: Twitch user OAuth token is invalid or expired.

{"error":"Unauthorized","status":401,"message":"Invalid OAuth token"}
[2026-07-24 11:51:14] CHANNEL REFRESH ERROR: Twitch user OAuth token is invalid or expired.

{"error":"Unauthorized","status":401,"message":"Invalid OAuth token"}
[2026-07-24 11:51:16] CHANNEL REFRESH ERROR: Twitch user OAuth token is invalid or expired.

{"error":"Unauthorized","status":401,"message":"Invalid OAuth token"}
[2026-07-24 11:51:18] CHANNEL REFRESH ERROR: Twitch user OAuth token is invalid or expired.

{"error":"Unauthorized","status":401,"message":"Invalid OAuth token"}
[2026-07-24 11:51:20] CHANNEL REFRESH ERROR: Twitch user OAuth token is invalid or expired.

{"error":"Unauthorized","status":401,"message":"Invalid OAuth token"}
[2026-07-24 11:51:22] CHANNEL REFRESH ERROR: Twitch user OAuth token is invalid or expired.

{"error":"Unauthorized","status":401,"message":"Invalid OAuth token"}
[2026-07-24 11:51:24] CHANNEL REFRESH ERROR: Twitch user OAuth token is invalid or expired.

{"error":"Unauthorized","status":401,"message":"Invalid OAuth token"}
[2026-07-24 11:51:26] CHANNEL REFRESH ERROR: Twitch user OAuth token is invalid or expired.

{"error":"Unauthorized","status":401,"message":"Invalid OAuth token"}
[2026-07-24 11:51:28] CHANNEL REFRESH ERROR: Twitch user OAuth token is invalid or expired.

{"error":"Unauthorized","status":401,"message":"Invalid OAuth token"}
[2026-07-24 11:51:30] CHANNEL REFRESH ERROR: Twitch user OAuth token is invalid or expired.

{"error":"Unauthorized","status":401,"message":"Invalid OAuth token"}
[2026-07-24 11:51:32] CHANNEL REFRESH ERROR: Twitch user OAuth token is invalid or expired.

{"error":"Unauthorized","status":401,"message":"Invalid OAuth token"}
[2026-07-24 11:51:34] CHANNEL REFRESH ERROR: Twitch user OAuth token is invalid or expired.

{"error":"Unauthorized","status":401,"message":"Invalid OAuth token"}
[2026-07-24 11:51:36] CHANNEL REFRESH ERROR: Twitch user OAuth token is invalid or expired.

{"error":"Unauthorized","status":401,"message":"Invalid OAuth token"}
[2026-07-24 11:51:38] CHANNEL REFRESH ERROR: Twitch user OAuth token is invalid or expired.

{"error":"Unauthorized","status":401,"message":"Invalid OAuth token"}
[2026-07-24 11:51:40] CHANNEL REFRESH ERROR: Twitch user OAuth token is invalid or expired.

{"error":"Unauthorized","status":401,"message":"Invalid OAuth token"}
[2026-07-24 11:51:42] CHANNEL REFRESH ERROR: Twitch user OAuth token is invalid or expired.

{"error":"Unauthorized","status":401,"message":"Invalid OAuth token"}
[2026-07-24 11:51:44] CHANNEL REFRESH ERROR: Twitch user OAuth token is invalid or expired.

{"error":"Unauthorized","status":401,"message":"Invalid OAuth token"}
[2026-07-24 11:51:46] CHANNEL REFRESH ERROR: Twitch user OAuth token is invalid or expired.

{"error":"Unauthorized","status":401,"message":"Invalid OAuth token"}
[2026-07-24 11:51:48] CHANNEL REFRESH ERROR: Twitch user OAuth token is invalid or expired.

{"error":"Unauthorized","status":401,"message":"Invalid OAuth token"}
[2026-07-24 11:51:50] CHANNEL REFRESH ERROR: Twitch user OAuth token is invalid or expired.

{"error":"Unauthorized","status":401,"message":"Invalid OAuth token"}
[2026-07-24 11:51:52] CHANNEL REFRESH ERROR: Twitch user OAuth token is invalid or expired.

{"error":"Unauthorized","status":401,"message":"Invalid OAuth token"}
[2026-07-24 11:51:54] CHANNEL REFRESH ERROR: Twitch user OAuth token is invalid or expired.

{"error":"Unauthorized","status":401,"message":"Invalid OAuth token"}
[2026-07-24 11:51:56] CHANNEL REFRESH ERROR: Twitch user OAuth token is invalid or expired.

{"error":"Unauthorized","status":401,"message":"Invalid OAuth token"}
[2026-07-24 11:51:58] CHANNEL REFRESH ERROR: Twitch user OAuth token is invalid or expired.

{"error":"Unauthorized","status":401,"message":"Invalid OAuth token"}
[2026-07-24 11:52:00] CHANNEL REFRESH ERROR: Twitch user OAuth token is invalid or expired.

{"error":"Unauthorized","status":401,"message":"Invalid OAuth token"}
[2026-07-24 11:52:02] CHANNEL REFRESH ERROR: Twitch user OAuth token is invalid or expired.

{"error":"Unauthorized","status":401,"message":"Invalid OAuth token"}
[2026-07-24 11:52:04] CHANNEL REFRESH ERROR: Twitch user OAuth token is invalid or expired.

{"error":"Unauthorized","status":401,"message":"Invalid OAuth token"}
[2026-07-24 11:52:06] CHANNEL REFRESH ERROR: Twitch user OAuth token is invalid or expired.

{"error":"Unauthorized","status":401,"message":"Invalid OAuth token"}
[2026-07-24 11:52:08] CHANNEL REFRESH ERROR: Twitch user OAuth token is invalid or expired.

{"error":"Unauthorized","status":401,"message":"Invalid OAuth token"}
[2026-07-24 11:52:10] CHANNEL REFRESH ERROR: Twitch user OAuth token is invalid or expired.

{"error":"Unauthorized","status":401,"message":"Invalid OAuth token"}
[2026-07-24 11:52:12] CHANNEL REFRESH ERROR: Twitch user OAuth token is invalid or expired.

{"error":"Unauthorized","status":401,"message":"Invalid OAuth token"}
[2026-07-24 11:52:14] CHANNEL REFRESH ERROR: Twitch user OAuth token is invalid or expired.

{"error":"Unauthorized","status":401,"message":"Invalid OAuth token"}
[2026-07-24 11:52:16] CHANNEL REFRESH ERROR: Twitch user OAuth token is invalid or expired.

{"error":"Unauthorized","status":401,"message":"Invalid OAuth token"}
[2026-07-24 11:52:18] CHANNEL REFRESH ERROR: Twitch user OAuth token is invalid or expired.

{"error":"Unauthorized","status":401,"message":"Invalid OAuth token"}
[2026-07-24 11:52:20] CHANNEL REFRESH ERROR: Twitch user OAuth token is invalid or expired.

{"error":"Unauthorized","status":401,"message":"Invalid OAuth token"}
[2026-07-24 11:52:22] CHANNEL REFRESH ERROR: Twitch user OAuth token is invalid or expired.

{"error":"Unauthorized","status":401,"message":"Invalid OAuth token"}
[2026-07-24 11:52:24] CHANNEL REFRESH ERROR: Twitch user OAuth token is invalid or expired.

{"error":"Unauthorized","status":401,"message":"Invalid OAuth token"}
[2026-07-24 11:52:26] CHANNEL REFRESH ERROR: Twitch user OAuth token is invalid or expired.

{"error":"Unauthorized","status":401,"message":"Invalid OAuth token"}
[2026-07-24 11:52:28] CHANNEL REFRESH ERROR: Twitch user OAuth token is invalid or expired.

{"error":"Unauthorized","status":401,"message":"Invalid OAuth token"}
[2026-07-24 11:52:30] CHANNEL REFRESH ERROR: Twitch user OAuth token is invalid or expired.

{"error":"Unauthorized","status":401,"message":"Invalid OAuth token"}
[2026-07-24 11:52:32] CHANNEL REFRESH ERROR: Twitch user OAuth token is invalid or expired.

{"error":"Unauthorized","status":401,"message":"Invalid OAuth token"}
[2026-07-24 11:52:34] CHANNEL REFRESH ERROR: Twitch user OAuth token is invalid or expired.

{"error":"Unauthorized","status":401,"message":"Invalid OAuth token"}
[2026-07-24 11:52:36] CHANNEL REFRESH ERROR: Twitch user OAuth token is invalid or expired.

{"error":"Unauthorized","status":401,"message":"Invalid OAuth token"}
[2026-07-24 11:52:38] CHANNEL REFRESH ERROR: Twitch user OAuth token is invalid or expired.

{"error":"Unauthorized","status":401,"message":"Invalid OAuth token"}
[2026-07-24 11:52:40] CHANNEL REFRESH ERROR: Twitch user OAuth token is invalid or expired.

{"error":"Unauthorized","status":401,"message":"Invalid OAuth token"}
[2026-07-24 11:52:42] CHANNEL REFRESH ERROR: Twitch user OAuth token is invalid or expired.

{"error":"Unauthorized","status":401,"message":"Invalid OAuth token"}
[2026-07-24 11:52:44] CHANNEL REFRESH ERROR: Twitch user OAuth token is invalid or expired.

{"error":"Unauthorized","status":401,"message":"Invalid OAuth token"}
[2026-07-24 11:52:46] CHANNEL REFRESH ERROR: Twitch user OAuth token is invalid or expired.

{"error":"Unauthorized","status":401,"message":"Invalid OAuth token"}
[2026-07-24 11:52:48] CHANNEL REFRESH ERROR: Twitch user OAuth token is invalid or expired.

{"error":"Unauthorized","status":401,"message":"Invalid OAuth token"}
[2026-07-24 11:52:50] CHANNEL REFRESH ERROR: Twitch user OAuth token is invalid or expired.

{"error":"Unauthorized","status":401,"message":"Invalid OAuth token"}
[2026-07-24 11:52:52] CHANNEL REFRESH ERROR: Twitch user OAuth token is invalid or expired.

{"error":"Unauthorized","status":401,"message":"Invalid OAuth token"}
[2026-07-24 11:52:54] CHANNEL REFRESH ERROR: Twitch user OAuth token is invalid or expired.

{"error":"Unauthorized","status":401,"message":"Invalid OAuth token"}
[2026-07-24 11:52:56] CHANNEL REFRESH ERROR: Twitch user OAuth token is invalid or expired.

{"error":"Unauthorized","status":401,"message":"Invalid OAuth token"}
[2026-07-24 11:52:58] CHANNEL REFRESH ERROR: Twitch user OAuth token is invalid or expired.

{"error":"Unauthorized","status":401,"message":"Invalid OAuth token"}
[2026-07-24 11:53:00] CHANNEL REFRESH ERROR: Twitch user OAuth token is invalid or expired.

{"error":"Unauthorized","status":401,"message":"Invalid OAuth token"}
[2026-07-24 11:53:02] CHANNEL REFRESH ERROR: Twitch user OAuth token is invalid or expired.

{"error":"Unauthorized","status":401,"message":"Invalid OAuth token"}
[2026-07-24 11:53:04] CHANNEL REFRESH ERROR: Twitch user OAuth token is invalid or expired.

{"error":"Unauthorized","status":401,"message":"Invalid OAuth token"}
[2026-07-24 11:53:06] CHANNEL REFRESH ERROR: Twitch user OAuth token is invalid or expired.

{"error":"Unauthorized","status":401,"message":"Invalid OAuth token"}
[2026-07-24 11:53:08] CHANNEL REFRESH ERROR: Twitch user OAuth token is invalid or expired.

{"error":"Unauthorized","status":401,"message":"Invalid OAuth token"}
[2026-07-24 11:53:10] CHANNEL REFRESH ERROR: Twitch user OAuth token is invalid or expired.

{"error":"Unauthorized","status":401,"message":"Invalid OAuth token"}
[2026-07-24 11:53:12] CHANNEL REFRESH ERROR: Twitch user OAuth token is invalid or expired.

{"error":"Unauthorized","status":401,"message":"Invalid OAuth token"}
[2026-07-24 11:53:14] CHANNEL REFRESH ERROR: Twitch user OAuth token is invalid or expired.

{"error":"Unauthorized","status":401,"message":"Invalid OAuth token"}
[2026-07-24 11:53:16] CHANNEL REFRESH ERROR: Twitch user OAuth token is invalid or expired.

{"error":"Unauthorized","status":401,"message":"Invalid OAuth token"}
[2026-07-24 11:53:18] CHANNEL REFRESH ERROR: Twitch user OAuth token is invalid or expired.

{"error":"Unauthorized","status":401,"message":"Invalid OAuth token"}
[2026-07-24 11:53:20] CHANNEL REFRESH ERROR: Twitch user OAuth token is invalid or expired.

{"error":"Unauthorized","status":401,"message":"Invalid OAuth token"}
[2026-07-24 11:53:22] CHANNEL REFRESH ERROR: Twitch user OAuth token is invalid or expired.

{"error":"Unauthorized","status":401,"message":"Invalid OAuth token"}
[2026-07-24 11:53:24] CHANNEL REFRESH ERROR: Twitch user OAuth token is invalid or expired.

{"error":"Unauthorized","status":401,"message":"Invalid OAuth token"}
[2026-07-24 11:53:26] CHANNEL REFRESH ERROR: Twitch user OAuth token is invalid or expired.

{"error":"Unauthorized","status":401,"message":"Invalid OAuth token"}
[2026-07-24 11:53:28] CHANNEL REFRESH ERROR: Twitch user OAuth token is invalid or expired.

{"error":"Unauthorized","status":401,"message":"Invalid OAuth token"}
[2026-07-24 11:53:30] CHANNEL REFRESH ERROR: Twitch user OAuth token is invalid or expired.

{"error":"Unauthorized","status":401,"message":"Invalid OAuth token"}
[2026-07-24 11:53:32] CHANNEL REFRESH ERROR: Twitch user OAuth token is invalid or expired.

{"error":"Unauthorized","status":401,"message":"Invalid OAuth token"}
[2026-07-24 11:53:34] CHANNEL REFRESH ERROR: Twitch user OAuth token is invalid or expired.

{"error":"Unauthorized","status":401,"message":"Invalid OAuth token"}
[2026-07-24 11:53:36] CHANNEL REFRESH ERROR: Twitch user OAuth token is invalid or expired.

{"error":"Unauthorized","status":401,"message":"Invalid OAuth token"}
[2026-07-24 11:53:38] CHANNEL REFRESH ERROR: Twitch user OAuth token is invalid or expired.

{"error":"Unauthorized","status":401,"message":"Invalid OAuth token"}
[2026-07-24 11:53:40] CHANNEL REFRESH ERROR: Twitch user OAuth token is invalid or expired.

{"error":"Unauthorized","status":401,"message":"Invalid OAuth token"}
[2026-07-24 11:53:42] CHANNEL REFRESH ERROR: Twitch user OAuth token is invalid or expired.

{"error":"Unauthorized","status":401,"message":"Invalid OAuth token"}
[2026-07-24 11:53:44] CHANNEL REFRESH ERROR: Twitch user OAuth token is invalid or expired.

{"error":"Unauthorized","status":401,"message":"Invalid OAuth token"}
[2026-07-24 11:53:46] CHANNEL REFRESH ERROR: Twitch user OAuth token is invalid or expired.

{"error":"Unauthorized","status":401,"message":"Invalid OAuth token"}
[2026-07-24 11:53:48] CHANNEL REFRESH ERROR: Twitch user OAuth token is invalid or expired.

{"error":"Unauthorized","status":401,"message":"Invalid OAuth token"}
[2026-07-24 11:53:50] CHANNEL REFRESH ERROR: Twitch user OAuth token is invalid or expired.

{"error":"Unauthorized","status":401,"message":"Invalid OAuth token"}
[2026-07-24 11:53:52] CHANNEL REFRESH ERROR: Twitch user OAuth token is invalid or expired.

{"error":"Unauthorized","status":401,"message":"Invalid OAuth token"}
[2026-07-24 11:53:54] CHANNEL REFRESH ERROR: Twitch user OAuth token is invalid or expired.

{"error":"Unauthorized","status":401,"message":"Invalid OAuth token"}
[2026-07-24 11:53:56] CHANNEL REFRESH ERROR: Twitch user OAuth token is invalid or expired.

{"error":"Unauthorized","status":401,"message":"Invalid OAuth token"}
[2026-07-24 11:53:58] CHANNEL REFRESH ERROR: Twitch user OAuth token is invalid or expired.

{"error":"Unauthorized","status":401,"message":"Invalid OAuth token"}
[2026-07-24 11:54:00] CHANNEL REFRESH ERROR: Twitch user OAuth token is invalid or expired.

{"error":"Unauthorized","status":401,"message":"Invalid OAuth token"}
[2026-07-24 11:54:02] CHANNEL REFRESH ERROR: Twitch user OAuth token is invalid or expired.

{"error":"Unauthorized","status":401,"message":"Invalid OAuth token"}
[2026-07-24 11:54:04] CHANNEL REFRESH ERROR: Twitch user OAuth token is invalid or expired.

{"error":"Unauthorized","status":401,"message":"Invalid OAuth token"}
[2026-07-24 11:54:06] CHANNEL REFRESH ERROR: Twitch user OAuth token is invalid or expired.

{"error":"Unauthorized","status":401,"message":"Invalid OAuth token"}
[2026-07-24 11:54:08] CHANNEL REFRESH ERROR: Twitch user OAuth token is invalid or expired.

{"error":"Unauthorized","status":401,"message":"Invalid OAuth token"}
[2026-07-24 11:54:10] CHANNEL REFRESH ERROR: Twitch user OAuth token is invalid or expired.

{"error":"Unauthorized","status":401,"message":"Invalid OAuth token"}
[2026-07-24 11:54:12] CHANNEL REFRESH ERROR: Twitch user OAuth token is invalid or expired.

{"error":"Unauthorized","status":401,"message":"Invalid OAuth token"}
[2026-07-24 11:54:14] CHANNEL REFRESH ERROR: Twitch user OAuth token is invalid or expired.

{"error":"Unauthorized","status":401,"message":"Invalid OAuth token"}
[2026-07-24 11:54:16] CHANNEL REFRESH ERROR: Twitch user OAuth token is invalid or expired.

{"error":"Unauthorized","status":401,"message":"Invalid OAuth token"}
[2026-07-24 11:54:18] CHANNEL REFRESH ERROR: Twitch user OAuth token is invalid or expired.

{"error":"Unauthorized","status":401,"message":"Invalid OAuth token"}
[2026-07-24 11:54:20] CHANNEL REFRESH ERROR: Twitch user OAuth token is invalid or expired.

{"error":"Unauthorized","status":401,"message":"Invalid OAuth token"}
[2026-07-24 11:54:22] CHANNEL REFRESH ERROR: Twitch user OAuth token is invalid or expired.

{"error":"Unauthorized","status":401,"message":"Invalid OAuth token"}
[2026-07-24 11:54:24] CHANNEL REFRESH ERROR: Twitch user OAuth token is invalid or expired.

{"error":"Unauthorized","status":401,"message":"Invalid OAuth token"}
[2026-07-24 11:54:26] CHANNEL REFRESH ERROR: Twitch user OAuth token is invalid or expired.

{"error":"Unauthorized","status":401,"message":"Invalid OAuth token"}
[2026-07-24 11:54:28] CHANNEL REFRESH ERROR: Twitch user OAuth token is invalid or expired.

{"error":"Unauthorized","status":401,"message":"Invalid OAuth token"}
[2026-07-24 11:54:30] CHANNEL REFRESH ERROR: Twitch user OAuth token is invalid or expired.

{"error":"Unauthorized","status":401,"message":"Invalid OAuth token"}
[2026-07-24 11:54:32] CHANNEL REFRESH ERROR: Twitch user OAuth token is invalid or expired.

{"error":"Unauthorized","status":401,"message":"Invalid OAuth token"}
[2026-07-24 11:54:34] CHANNEL REFRESH ERROR: Twitch user OAuth token is invalid or expired.

{"error":"Unauthorized","status":401,"message":"Invalid OAuth token"}
[2026-07-24 11:54:36] CHANNEL REFRESH ERROR: Twitch user OAuth token is invalid or expired.

{"error":"Unauthorized","status":401,"message":"Invalid OAuth token"}
[2026-07-24 11:54:38] CHANNEL REFRESH ERROR: Twitch user OAuth token is invalid or expired.

{"error":"Unauthorized","status":401,"message":"Invalid OAuth token"}
[2026-07-24 11:54:40] CHANNEL REFRESH ERROR: Twitch user OAuth token is invalid or expired.

{"error":"Unauthorized","status":401,"message":"Invalid OAuth token"}
[2026-07-24 11:54:42] CHANNEL REFRESH ERROR: Twitch user OAuth token is invalid or expired.

{"error":"Unauthorized","status":401,"message":"Invalid OAuth token"}
[2026-07-24 11:54:44] CHANNEL REFRESH ERROR: Twitch user OAuth token is invalid or expired.

{"error":"Unauthorized","status":401,"message":"Invalid OAuth token"}
[2026-07-24 11:54:46] CHANNEL REFRESH ERROR: Twitch user OAuth token is invalid or expired.

{"error":"Unauthorized","status":401,"message":"Invalid OAuth token"}
[2026-07-24 11:54:48] CHANNEL REFRESH ERROR: Twitch user OAuth token is invalid or expired.

{"error":"Unauthorized","status":401,"message":"Invalid OAuth token"}
[2026-07-24 11:54:50] CHANNEL REFRESH ERROR: Twitch user OAuth token is invalid or expired.

{"error":"Unauthorized","status":401,"message":"Invalid OAuth token"}
[2026-07-24 11:54:52] CHANNEL REFRESH ERROR: Twitch user OAuth token is invalid or expired.

{"error":"Unauthorized","status":401,"message":"Invalid OAuth token"}
[2026-07-24 11:54:54] CHANNEL REFRESH ERROR: Twitch user OAuth token is invalid or expired.

{"error":"Unauthorized","status":401,"message":"Invalid OAuth token"}
[2026-07-24 11:54:56] CHANNEL REFRESH ERROR: Twitch user OAuth token is invalid or expired.

{"error":"Unauthorized","status":401,"message":"Invalid OAuth token"}
[2026-07-24 11:54:58] CHANNEL REFRESH ERROR: Twitch user OAuth token is invalid or expired.

{"error":"Unauthorized","status":401,"message":"Invalid OAuth token"}
[2026-07-24 11:55:00] CHANNEL REFRESH ERROR: Twitch user OAuth token is invalid or expired.

{"error":"Unauthorized","status":401,"message":"Invalid OAuth token"}
[2026-07-24 11:55:02] CHANNEL REFRESH ERROR: Twitch user OAuth token is invalid or expired.

{"error":"Unauthorized","status":401,"message":"Invalid OAuth token"}
[2026-07-24 11:55:04] CHANNEL REFRESH ERROR: Twitch user OAuth token is invalid or expired.

{"error":"Unauthorized","status":401,"message":"Invalid OAuth token"}
[2026-07-24 11:55:06] CHANNEL REFRESH ERROR: Twitch user OAuth token is invalid or expired.

{"error":"Unauthorized","status":401,"message":"Invalid OAuth token"}
[2026-07-24 11:55:08] CHANNEL REFRESH ERROR: Twitch user OAuth token is invalid or expired.

{"error":"Unauthorized","status":401,"message":"Invalid OAuth token"}
[2026-07-24 11:55:10] CHANNEL REFRESH ERROR: Twitch user OAuth token is invalid or expired.

{"error":"Unauthorized","status":401,"message":"Invalid OAuth token"}
[2026-07-24 11:55:12] CHANNEL REFRESH ERROR: Twitch user OAuth token is invalid or expired.

{"error":"Unauthorized","status":401,"message":"Invalid OAuth token"}
[2026-07-24 11:55:14] CHANNEL REFRESH ERROR: Twitch user OAuth token is invalid or expired.

{"error":"Unauthorized","status":401,"message":"Invalid OAuth token"}
[2026-07-24 11:55:16] CHANNEL REFRESH ERROR: Twitch user OAuth token is invalid or expired.

{"error":"Unauthorized","status":401,"message":"Invalid OAuth token"}
[2026-07-24 11:55:18] CHANNEL REFRESH ERROR: Twitch user OAuth token is invalid or expired.

{"error":"Unauthorized","status":401,"message":"Invalid OAuth token"}
[2026-07-24 11:55:20] CHANNEL REFRESH ERROR: Twitch user OAuth token is invalid or expired.

{"error":"Unauthorized","status":401,"message":"Invalid OAuth token"}
[2026-07-24 11:55:22] CHANNEL REFRESH ERROR: Twitch user OAuth token is invalid or expired.

{"error":"Unauthorized","status":401,"message":"Invalid OAuth token"}
[2026-07-24 11:55:24] CHANNEL REFRESH ERROR: Twitch user OAuth token is invalid or expired.

{"error":"Unauthorized","status":401,"message":"Invalid OAuth token"}
[2026-07-24 11:55:26] CHANNEL REFRESH ERROR: Twitch user OAuth token is invalid or expired.

{"error":"Unauthorized","status":401,"message":"Invalid OAuth token"}
[2026-07-24 11:55:28] CHANNEL REFRESH ERROR: Twitch user OAuth token is invalid or expired.

{"error":"Unauthorized","status":401,"message":"Invalid OAuth token"}
[2026-07-24 11:55:30] CHANNEL REFRESH ERROR: Twitch user OAuth token is invalid or expired.

{"error":"Unauthorized","status":401,"message":"Invalid OAuth token"}
[2026-07-24 11:55:32] CHANNEL REFRESH ERROR: Twitch user OAuth token is invalid or expired.

{"error":"Unauthorized","status":401,"message":"Invalid OAuth token"}
[2026-07-24 11:55:34] CHANNEL REFRESH ERROR: Twitch user OAuth token is invalid or expired.

{"error":"Unauthorized","status":401,"message":"Invalid OAuth token"}
[2026-07-24 11:55:36] CHANNEL REFRESH ERROR: Twitch user OAuth token is invalid or expired.

{"error":"Unauthorized","status":401,"message":"Invalid OAuth token"}
[2026-07-24 11:55:38] CHANNEL REFRESH ERROR: Twitch user OAuth token is invalid or expired.

{"error":"Unauthorized","status":401,"message":"Invalid OAuth token"}
[2026-07-24 11:55:40] CHANNEL REFRESH ERROR: Twitch user OAuth token is invalid or expired.

{"error":"Unauthorized","status":401,"message":"Invalid OAuth token"}
[2026-07-24 11:55:42] CHANNEL REFRESH ERROR: Twitch user OAuth token is invalid or expired.

{"error":"Unauthorized","status":401,"message":"Invalid OAuth token"}
[2026-07-24 11:55:44] CHANNEL REFRESH ERROR: Twitch user OAuth token is invalid or expired.

{"error":"Unauthorized","status":401,"message":"Invalid OAuth token"}
[2026-07-24 11:55:46] CHANNEL REFRESH ERROR: Twitch user OAuth token is invalid or expired.

{"error":"Unauthorized","status":401,"message":"Invalid OAuth token"}
[2026-07-24 11:55:48] CHANNEL REFRESH ERROR: Twitch user OAuth token is invalid or expired.

{"error":"Unauthorized","status":401,"message":"Invalid OAuth token"}
[2026-07-24 11:55:50] CHANNEL REFRESH ERROR: Twitch user OAuth token is invalid or expired.

{"error":"Unauthorized","status":401,"message":"Invalid OAuth token"}
[2026-07-24 11:55:52] CHANNEL REFRESH ERROR: Twitch user OAuth token is invalid or expired.

{"error":"Unauthorized","status":401,"message":"Invalid OAuth token"}
[2026-07-24 11:55:54] CHANNEL REFRESH ERROR: Twitch user OAuth token is invalid or expired.

{"error":"Unauthorized","status":401,"message":"Invalid OAuth token"}
[2026-07-24 11:55:56] CHANNEL REFRESH ERROR: Twitch user OAuth token is invalid or expired.

{"error":"Unauthorized","status":401,"message":"Invalid OAuth token"}
[2026-07-24 11:55:58] CHANNEL REFRESH ERROR: Twitch user OAuth token is invalid or expired.

{"error":"Unauthorized","status":401,"message":"Invalid OAuth token"}
[2026-07-24 11:56:00] CHANNEL REFRESH ERROR: Twitch user OAuth token is invalid or expired.

{"error":"Unauthorized","status":401,"message":"Invalid OAuth token"}
[2026-07-24 11:56:02] CHANNEL REFRESH ERROR: Twitch user OAuth token is invalid or expired.

{"error":"Unauthorized","status":401,"message":"Invalid OAuth token"}
[2026-07-24 11:56:04] CHANNEL REFRESH ERROR: Twitch user OAuth token is invalid or expired.

{"error":"Unauthorized","status":401,"message":"Invalid OAuth token"}
[2026-07-24 11:56:06] CHANNEL REFRESH ERROR: Twitch user OAuth token is invalid or expired.

{"error":"Unauthorized","status":401,"message":"Invalid OAuth token"}
[2026-07-24 11:56:08] CHANNEL REFRESH ERROR: Twitch user OAuth token is invalid or expired.

{"error":"Unauthorized","status":401,"message":"Invalid OAuth token"}
[2026-07-24 11:56:10] CHANNEL REFRESH ERROR: Twitch user OAuth token is invalid or expired.

{"error":"Unauthorized","status":401,"message":"Invalid OAuth token"}
[2026-07-24 11:56:12] CHANNEL REFRESH ERROR: Twitch user OAuth token is invalid or expired.

{"error":"Unauthorized","status":401,"message":"Invalid OAuth token"}
[2026-07-24 11:56:14] CHANNEL REFRESH ERROR: Twitch user OAuth token is invalid or expired.

{"error":"Unauthorized","status":401,"message":"Invalid OAuth token"}
[2026-07-24 11:56:16] CHANNEL REFRESH ERROR: Twitch user OAuth token is invalid or expired.

{"error":"Unauthorized","status":401,"message":"Invalid OAuth token"}
[2026-07-24 11:56:18] CHANNEL REFRESH ERROR: Twitch user OAuth token is invalid or expired.

{"error":"Unauthorized","status":401,"message":"Invalid OAuth token"}
[2026-07-24 11:56:20] CHANNEL REFRESH ERROR: Twitch user OAuth token is invalid or expired.

{"error":"Unauthorized","status":401,"message":"Invalid OAuth token"}
[2026-07-24 11:56:22] CHANNEL REFRESH ERROR: Twitch user OAuth token is invalid or expired.

{"error":"Unauthorized","status":401,"message":"Invalid OAuth token"}
[2026-07-24 11:56:24] CHANNEL REFRESH ERROR: Twitch user OAuth token is invalid or expired.

{"error":"Unauthorized","status":401,"message":"Invalid OAuth token"}
[2026-07-24 11:56:26] CHANNEL REFRESH ERROR: Twitch user OAuth token is invalid or expired.

{"error":"Unauthorized","status":401,"message":"Invalid OAuth token"}
[2026-07-24 11:56:28] CHANNEL REFRESH ERROR: Twitch user OAuth token is invalid or expired.

{"error":"Unauthorized","status":401,"message":"Invalid OAuth token"}
[2026-07-24 11:56:30] CHANNEL REFRESH ERROR: Twitch user OAuth token is invalid or expired.

{"error":"Unauthorized","status":401,"message":"Invalid OAuth token"}
[2026-07-24 11:56:32] CHANNEL REFRESH ERROR: Twitch user OAuth token is invalid or expired.

{"error":"Unauthorized","status":401,"message":"Invalid OAuth token"}
[2026-07-24 11:56:34] CHANNEL REFRESH ERROR: Twitch user OAuth token is invalid or expired.

{"error":"Unauthorized","status":401,"message":"Invalid OAuth token"}
[2026-07-24 11:56:36] CHANNEL REFRESH ERROR: Twitch user OAuth token is invalid or expired.

{"error":"Unauthorized","status":401,"message":"Invalid OAuth token"}
[2026-07-24 11:56:38] CHANNEL REFRESH ERROR: Twitch user OAuth token is invalid or expired.

{"error":"Unauthorized","status":401,"message":"Invalid OAuth token"}
[2026-07-24 11:56:40] CHANNEL REFRESH ERROR: Twitch user OAuth token is invalid or expired.

{"error":"Unauthorized","status":401,"message":"Invalid OAuth token"}
[2026-07-24 11:56:42] CHANNEL REFRESH ERROR: Twitch user OAuth token is invalid or expired.

{"error":"Unauthorized","status":401,"message":"Invalid OAuth token"}
[2026-07-24 11:56:44] CHANNEL REFRESH ERROR: Twitch user OAuth token is invalid or expired.

{"error":"Unauthorized","status":401,"message":"Invalid OAuth token"}
[2026-07-24 11:56:46] CHANNEL REFRESH ERROR: Twitch user OAuth token is invalid or expired.

{"error":"Unauthorized","status":401,"message":"Invalid OAuth token"}
[2026-07-24 11:56:48] CHANNEL REFRESH ERROR: Twitch user OAuth token is invalid or expired.

{"error":"Unauthorized","status":401,"message":"Invalid OAuth token"}
[2026-07-24 11:56:50] CHANNEL REFRESH ERROR: Twitch user OAuth token is invalid or expired.

{"error":"Unauthorized","status":401,"message":"Invalid OAuth token"}
[2026-07-24 11:56:52] CHANNEL REFRESH ERROR: Twitch user OAuth token is invalid or expired.

{"error":"Unauthorized","status":401,"message":"Invalid OAuth token"}
[2026-07-24 11:56:54] CHANNEL REFRESH ERROR: Twitch user OAuth token is invalid or expired.

{"error":"Unauthorized","status":401,"message":"Invalid OAuth token"}
[2026-07-24 11:56:56] CHANNEL REFRESH ERROR: Twitch user OAuth token is invalid or expired.

{"error":"Unauthorized","status":401,"message":"Invalid OAuth token"}
[2026-07-24 11:56:58] CHANNEL REFRESH ERROR: Twitch user OAuth token is invalid or expired.

{"error":"Unauthorized","status":401,"message":"Invalid OAuth token"}
[2026-07-24 11:57:00] CHANNEL REFRESH ERROR: Twitch user OAuth token is invalid or expired.

{"error":"Unauthorized","status":401,"message":"Invalid OAuth token"}
[2026-07-24 11:57:02] CHANNEL REFRESH ERROR: Twitch user OAuth token is invalid or expired.

{"error":"Unauthorized","status":401,"message":"Invalid OAuth token"}
[2026-07-24 11:57:04] CHANNEL REFRESH ERROR: Twitch user OAuth token is invalid or expired.

{"error":"Unauthorized","status":401,"message":"Invalid OAuth token"}
[2026-07-24 11:57:06] CHANNEL REFRESH ERROR: Twitch user OAuth token is invalid or expired.

{"error":"Unauthorized","status":401,"message":"Invalid OAuth token"}
[2026-07-24 11:57:08] CHANNEL REFRESH ERROR: Twitch user OAuth token is invalid or expired.

{"error":"Unauthorized","status":401,"message":"Invalid OAuth token"}
[2026-07-24 11:57:10] CHANNEL REFRESH ERROR: Twitch user OAuth token is invalid or expired.

{"error":"Unauthorized","status":401,"message":"Invalid OAuth token"}
[2026-07-24 11:57:12] CHANNEL REFRESH ERROR: Twitch user OAuth token is invalid or expired.

{"error":"Unauthorized","status":401,"message":"Invalid OAuth token"}
[2026-07-24 11:57:14] CHANNEL REFRESH ERROR: Twitch user OAuth token is invalid or expired.

{"error":"Unauthorized","status":401,"message":"Invalid OAuth token"}
[2026-07-24 11:57:16] CHANNEL REFRESH ERROR: Twitch user OAuth token is invalid or expired.

{"error":"Unauthorized","status":401,"message":"Invalid OAuth token"}
[2026-07-24 11:57:18] CHANNEL REFRESH ERROR: Twitch user OAuth token is invalid or expired.

{"error":"Unauthorized","status":401,"message":"Invalid OAuth token"}
[2026-07-24 11:57:20] CHANNEL REFRESH ERROR: Twitch user OAuth token is invalid or expired.

{"error":"Unauthorized","status":401,"message":"Invalid OAuth token"}
[2026-07-24 11:57:22] CHANNEL REFRESH ERROR: Twitch user OAuth token is invalid or expired.

{"error":"Unauthorized","status":401,"message":"Invalid OAuth token"}
[2026-07-24 11:57:24] CHANNEL REFRESH ERROR: Twitch user OAuth token is invalid or expired.

{"error":"Unauthorized","status":401,"message":"Invalid OAuth token"}
[2026-07-24 11:57:26] CHANNEL REFRESH ERROR: Twitch user OAuth token is invalid or expired.

{"error":"Unauthorized","status":401,"message":"Invalid OAuth token"}
[2026-07-24 11:57:28] CHANNEL REFRESH ERROR: Twitch user OAuth token is invalid or expired.

{"error":"Unauthorized","status":401,"message":"Invalid OAuth token"}
[2026-07-24 11:57:30] CHANNEL REFRESH ERROR: Twitch user OAuth token is invalid or expired.

{"error":"Unauthorized","status":401,"message":"Invalid OAuth token"}
[2026-07-24 11:57:32] CHANNEL REFRESH ERROR: Twitch user OAuth token is invalid or expired.

{"error":"Unauthorized","status":401,"message":"Invalid OAuth token"}
[2026-07-24 11:57:34] CHANNEL REFRESH ERROR: Twitch user OAuth token is invalid or expired.

{"error":"Unauthorized","status":401,"message":"Invalid OAuth token"}
[2026-07-24 11:57:36] CHANNEL REFRESH ERROR: Twitch user OAuth token is invalid or expired.

{"error":"Unauthorized","status":401,"message":"Invalid OAuth token"}
[2026-07-24 11:57:38] CHANNEL REFRESH ERROR: Twitch user OAuth token is invalid or expired.

{"error":"Unauthorized","status":401,"message":"Invalid OAuth token"}
[2026-07-24 11:57:40] CHANNEL REFRESH ERROR: Twitch user OAuth token is invalid or expired.

{"error":"Unauthorized","status":401,"message":"Invalid OAuth token"}
[2026-07-24 11:57:42] CHANNEL REFRESH ERROR: Twitch user OAuth token is invalid or expired.

{"error":"Unauthorized","status":401,"message":"Invalid OAuth token"}
[2026-07-24 11:57:44] CHANNEL REFRESH ERROR: Twitch user OAuth token is invalid or expired.

{"error":"Unauthorized","status":401,"message":"Invalid OAuth token"}
[2026-07-24 11:57:46] CHANNEL REFRESH ERROR: Twitch user OAuth token is invalid or expired.

{"error":"Unauthorized","status":401,"message":"Invalid OAuth token"}
[2026-07-24 11:57:48] CHANNEL REFRESH ERROR: Twitch user OAuth token is invalid or expired.

{"error":"Unauthorized","status":401,"message":"Invalid OAuth token"}
[2026-07-24 11:57:50] CHANNEL REFRESH ERROR: Twitch user OAuth token is invalid or expired.

{"error":"Unauthorized","status":401,"message":"Invalid OAuth token"}
[2026-07-24 11:57:52] CHANNEL REFRESH ERROR: Twitch user OAuth token is invalid or expired.

{"error":"Unauthorized","status":401,"message":"Invalid OAuth token"}
[2026-07-24 11:57:54] CHANNEL REFRESH ERROR: Twitch user OAuth token is invalid or expired.

{"error":"Unauthorized","status":401,"message":"Invalid OAuth token"}
[2026-07-24 11:57:56] CHANNEL REFRESH ERROR: Twitch user OAuth token is invalid or expired.

{"error":"Unauthorized","status":401,"message":"Invalid OAuth token"}
[2026-07-24 11:57:58] CHANNEL REFRESH ERROR: Twitch user OAuth token is invalid or expired.

{"error":"Unauthorized","status":401,"message":"Invalid OAuth token"}
[2026-07-24 11:58:00] CHANNEL REFRESH ERROR: Twitch user OAuth token is invalid or expired.

{"error":"Unauthorized","status":401,"message":"Invalid OAuth token"}
[2026-07-24 11:58:02] CHANNEL REFRESH ERROR: Twitch user OAuth token is invalid or expired.

{"error":"Unauthorized","status":401,"message":"Invalid OAuth token"}
[2026-07-24 11:58:04] CHANNEL REFRESH ERROR: Twitch user OAuth token is invalid or expired.

{"error":"Unauthorized","status":401,"message":"Invalid OAuth token"}
[2026-07-24 11:58:06] CHANNEL REFRESH ERROR: Twitch user OAuth token is invalid or expired.

{"error":"Unauthorized","status":401,"message":"Invalid OAuth token"}
[2026-07-24 11:58:08] CHANNEL REFRESH ERROR: Twitch user OAuth token is invalid or expired.

{"error":"Unauthorized","status":401,"message":"Invalid OAuth token"}
[2026-07-24 11:58:10] CHANNEL REFRESH ERROR: Twitch user OAuth token is invalid or expired.

{"error":"Unauthorized","status":401,"message":"Invalid OAuth token"}
[2026-07-24 11:58:12] CHANNEL REFRESH ERROR: Twitch user OAuth token is invalid or expired.

{"error":"Unauthorized","status":401,"message":"Invalid OAuth token"}
[2026-07-24 11:58:14] CHANNEL REFRESH ERROR: Twitch user OAuth token is invalid or expired.

{"error":"Unauthorized","status":401,"message":"Invalid OAuth token"}
[2026-07-24 11:58:16] CHANNEL REFRESH ERROR: Twitch user OAuth token is invalid or expired.

{"error":"Unauthorized","status":401,"message":"Invalid OAuth token"}
[2026-07-24 11:58:18] CHANNEL REFRESH ERROR: Twitch user OAuth token is invalid or expired.

{"error":"Unauthorized","status":401,"message":"Invalid OAuth token"}
[2026-07-24 11:58:20] CHANNEL REFRESH ERROR: Twitch user OAuth token is invalid or expired.

{"error":"Unauthorized","status":401,"message":"Invalid OAuth token"}
[2026-07-24 11:58:22] CHANNEL REFRESH ERROR: Twitch user OAuth token is invalid or expired.

{"error":"Unauthorized","status":401,"message":"Invalid OAuth token"}
[2026-07-24 11:58:24] CHANNEL REFRESH ERROR: Twitch user OAuth token is invalid or expired.

{"error":"Unauthorized","status":401,"message":"Invalid OAuth token"}
[2026-07-24 11:58:26] CHANNEL REFRESH ERROR: Twitch user OAuth token is invalid or expired.

{"error":"Unauthorized","status":401,"message":"Invalid OAuth token"}
[2026-07-24 11:58:28] CHANNEL REFRESH ERROR: Twitch user OAuth token is invalid or expired.

{"error":"Unauthorized","status":401,"message":"Invalid OAuth token"}
[2026-07-24 11:58:30] CHANNEL REFRESH ERROR: Twitch user OAuth token is invalid or expired.

{"error":"Unauthorized","status":401,"message":"Invalid OAuth token"}
[2026-07-24 11:58:32] CHANNEL REFRESH ERROR: Twitch user OAuth token is invalid or expired.

{"error":"Unauthorized","status":401,"message":"Invalid OAuth token"}
[2026-07-24 11:58:34] CHANNEL REFRESH ERROR: Twitch user OAuth token is invalid or expired.

{"error":"Unauthorized","status":401,"message":"Invalid OAuth token"}
[2026-07-24 11:58:36] CHANNEL REFRESH ERROR: Twitch user OAuth token is invalid or expired.

{"error":"Unauthorized","status":401,"message":"Invalid OAuth token"}
[2026-07-24 11:58:38] CHANNEL REFRESH ERROR: Twitch user OAuth token is invalid or expired.

{"error":"Unauthorized","status":401,"message":"Invalid OAuth token"}
[2026-07-24 11:58:40] CHANNEL REFRESH ERROR: Twitch user OAuth token is invalid or expired.

{"error":"Unauthorized","status":401,"message":"Invalid OAuth token"}
[2026-07-24 11:58:42] CHANNEL REFRESH ERROR: Twitch user OAuth token is invalid or expired.

{"error":"Unauthorized","status":401,"message":"Invalid OAuth token"}
[2026-07-24 11:58:44] CHANNEL REFRESH ERROR: Twitch user OAuth token is invalid or expired.

{"error":"Unauthorized","status":401,"message":"Invalid OAuth token"}
[2026-07-24 11:58:46] CHANNEL REFRESH ERROR: Twitch user OAuth token is invalid or expired.

{"error":"Unauthorized","status":401,"message":"Invalid OAuth token"}
[2026-07-24 11:58:48] CHANNEL REFRESH ERROR: Twitch user OAuth token is invalid or expired.

{"error":"Unauthorized","status":401,"message":"Invalid OAuth token"}
[2026-07-24 11:58:50] CHANNEL REFRESH ERROR: Twitch user OAuth token is invalid or expired.

{"error":"Unauthorized","status":401,"message":"Invalid OAuth token"}
[2026-07-24 11:58:52] CHANNEL REFRESH ERROR: Twitch user OAuth token is invalid or expired.

{"error":"Unauthorized","status":401,"message":"Invalid OAuth token"}
[2026-07-24 11:58:54] CHANNEL REFRESH ERROR: Twitch user OAuth token is invalid or expired.

{"error":"Unauthorized","status":401,"message":"Invalid OAuth token"}
[2026-07-24 11:58:56] CHANNEL REFRESH ERROR: Twitch user OAuth token is invalid or expired.

{"error":"Unauthorized","status":401,"message":"Invalid OAuth token"}
[2026-07-24 11:58:58] CHANNEL REFRESH ERROR: Twitch user OAuth token is invalid or expired.

{"error":"Unauthorized","status":401,"message":"Invalid OAuth token"}
[2026-07-24 11:59:00] CHANNEL REFRESH ERROR: Twitch user OAuth token is invalid or expired.

{"error":"Unauthorized","status":401,"message":"Invalid OAuth token"}
[2026-07-24 11:59:02] CHANNEL REFRESH ERROR: Twitch user OAuth token is invalid or expired.

{"error":"Unauthorized","status":401,"message":"Invalid OAuth token"}
[2026-07-24 11:59:04] CHANNEL REFRESH ERROR: Twitch user OAuth token is invalid or expired.

{"error":"Unauthorized","status":401,"message":"Invalid OAuth token"}
[2026-07-24 11:59:06] CHANNEL REFRESH ERROR: Twitch user OAuth token is invalid or expired.

{"error":"Unauthorized","status":401,"message":"Invalid OAuth token"}
[2026-07-24 11:59:08] CHANNEL REFRESH ERROR: Twitch user OAuth token is invalid or expired.

{"error":"Unauthorized","status":401,"message":"Invalid OAuth token"}
[2026-07-24 11:59:10] CHANNEL REFRESH ERROR: Twitch user OAuth token is invalid or expired.

{"error":"Unauthorized","status":401,"message":"Invalid OAuth token"}
[2026-07-24 11:59:12] CHANNEL REFRESH ERROR: Twitch user OAuth token is invalid or expired.

{"error":"Unauthorized","status":401,"message":"Invalid OAuth token"}
[2026-07-24 11:59:14] CHANNEL REFRESH ERROR: Twitch user OAuth token is invalid or expired.

{"error":"Unauthorized","status":401,"message":"Invalid OAuth token"}
[2026-07-24 11:59:16] CHANNEL REFRESH ERROR: Twitch user OAuth token is invalid or expired.

{"error":"Unauthorized","status":401,"message":"Invalid OAuth token"}
[2026-07-24 11:59:18] CHANNEL REFRESH ERROR: Twitch user OAuth token is invalid or expired.

{"error":"Unauthorized","status":401,"message":"Invalid OAuth token"}
[2026-07-24 11:59:20] CHANNEL REFRESH ERROR: Twitch user OAuth token is invalid or expired.

{"error":"Unauthorized","status":401,"message":"Invalid OAuth token"}
[2026-07-24 11:59:22] CHANNEL REFRESH ERROR: Twitch user OAuth token is invalid or expired.

{"error":"Unauthorized","status":401,"message":"Invalid OAuth token"}
[2026-07-24 11:59:24] CHANNEL REFRESH ERROR: Twitch user OAuth token is invalid or expired.

{"error":"Unauthorized","status":401,"message":"Invalid OAuth token"}
[2026-07-24 11:59:26] CHANNEL REFRESH ERROR: Twitch user OAuth token is invalid or expired.

{"error":"Unauthorized","status":401,"message":"Invalid OAuth token"}
[2026-07-24 11:59:28] CHANNEL REFRESH ERROR: Twitch user OAuth token is invalid or expired.

{"error":"Unauthorized","status":401,"message":"Invalid OAuth token"}
[2026-07-24 11:59:30] CHANNEL REFRESH ERROR: Twitch user OAuth token is invalid or expired.

{"error":"Unauthorized","status":401,"message":"Invalid OAuth token"}
[2026-07-24 11:59:32] CHANNEL REFRESH ERROR: Twitch user OAuth token is invalid or expired.

{"error":"Unauthorized","status":401,"message":"Invalid OAuth token"}
[2026-07-24 11:59:34] CHANNEL REFRESH ERROR: Twitch user OAuth token is invalid or expired.

{"error":"Unauthorized","status":401,"message":"Invalid OAuth token"}
[2026-07-24 11:59:36] CHANNEL REFRESH ERROR: Twitch user OAuth token is invalid or expired.

{"error":"Unauthorized","status":401,"message":"Invalid OAuth token"}
[2026-07-24 11:59:38] CHANNEL REFRESH ERROR: Twitch user OAuth token is invalid or expired.

{"error":"Unauthorized","status":401,"message":"Invalid OAuth token"}
[2026-07-24 11:59:40] CHANNEL REFRESH ERROR: Twitch user OAuth token is invalid or expired.

{"error":"Unauthorized","status":401,"message":"Invalid OAuth token"}
[2026-07-24 11:59:42] CHANNEL REFRESH ERROR: Twitch user OAuth token is invalid or expired.

{"error":"Unauthorized","status":401,"message":"Invalid OAuth token"}
[2026-07-24 11:59:44] CHANNEL REFRESH ERROR: Twitch user OAuth token is invalid or expired.

{"error":"Unauthorized","status":401,"message":"Invalid OAuth token"}
[2026-07-24 11:59:46] CHANNEL REFRESH ERROR: Twitch user OAuth token is invalid or expired.

{"error":"Unauthorized","status":401,"message":"Invalid OAuth token"}
[2026-07-24 11:59:48] CHANNEL REFRESH ERROR: Twitch user OAuth token is invalid or expired.

{"error":"Unauthorized","status":401,"message":"Invalid OAuth token"}
[2026-07-24 11:59:50] CHANNEL REFRESH ERROR: Twitch user OAuth token is invalid or expired.

{"error":"Unauthorized","status":401,"message":"Invalid OAuth token"}
[2026-07-24 11:59:52] CHANNEL REFRESH ERROR: Twitch user OAuth token is invalid or expired.

{"error":"Unauthorized","status":401,"message":"Invalid OAuth token"}
[2026-07-24 11:59:54] CHANNEL REFRESH ERROR: Twitch user OAuth token is invalid or expired.

{"error":"Unauthorized","status":401,"message":"Invalid OAuth token"}
[2026-07-24 11:59:56] CHANNEL REFRESH ERROR: Twitch user OAuth token is invalid or expired.

{"error":"Unauthorized","status":401,"message":"Invalid OAuth token"}
[2026-07-24 11:59:58] CHANNEL REFRESH ERROR: Twitch user OAuth token is invalid or expired.

{"error":"Unauthorized","status":401,"message":"Invalid OAuth token"}
[2026-07-24 12:00:00] CHANNEL REFRESH ERROR: Twitch user OAuth token is invalid or expired.

{"error":"Unauthorized","status":401,"message":"Invalid OAuth token"}
[2026-07-24 12:00:02] CHANNEL REFRESH ERROR: Twitch user OAuth token is invalid or expired.

{"error":"Unauthorized","status":401,"message":"Invalid OAuth token"}
[2026-07-24 12:00:04] CHANNEL REFRESH ERROR: Twitch user OAuth token is invalid or expired.

{"error":"Unauthorized","status":401,"message":"Invalid OAuth token"}
[2026-07-24 12:00:06] CHANNEL REFRESH ERROR: Twitch user OAuth token is invalid or expired.

{"error":"Unauthorized","status":401,"message":"Invalid OAuth token"}
[2026-07-24 12:00:08] CHANNEL REFRESH ERROR: Twitch user OAuth token is invalid or expired.

{"error":"Unauthorized","status":401,"message":"Invalid OAuth token"}
[2026-07-24 12:00:10] CHANNEL REFRESH ERROR: Twitch user OAuth token is invalid or expired.

{"error":"Unauthorized","status":401,"message":"Invalid OAuth token"}
[2026-07-24 12:00:12] CHANNEL REFRESH ERROR: Twitch user OAuth token is invalid or expired.

{"error":"Unauthorized","status":401,"message":"Invalid OAuth token"}
[2026-07-24 12:00:14] CHANNEL REFRESH ERROR: Twitch user OAuth token is invalid or expired.

{"error":"Unauthorized","status":401,"message":"Invalid OAuth token"}
[2026-07-24 12:00:16] CHANNEL REFRESH ERROR: Twitch user OAuth token is invalid or expired.

{"error":"Unauthorized","status":401,"message":"Invalid OAuth token"}
[2026-07-24 12:00:18] CHANNEL REFRESH ERROR: Twitch user OAuth token is invalid or expired.

{"error":"Unauthorized","status":401,"message":"Invalid OAuth token"}
[2026-07-24 12:00:20] CHANNEL REFRESH ERROR: Twitch user OAuth token is invalid or expired.

{"error":"Unauthorized","status":401,"message":"Invalid OAuth token"}
[2026-07-24 12:00:22] CHANNEL REFRESH ERROR: Twitch user OAuth token is invalid or expired.

{"error":"Unauthorized","status":401,"message":"Invalid OAuth token"}
[2026-07-24 12:00:24] CHANNEL REFRESH ERROR: Twitch user OAuth token is invalid or expired.

{"error":"Unauthorized","status":401,"message":"Invalid OAuth token"}
[2026-07-24 12:00:26] CHANNEL REFRESH ERROR: Twitch user OAuth token is invalid or expired.

{"error":"Unauthorized","status":401,"message":"Invalid OAuth token"}
[2026-07-24 12:00:28] CHANNEL REFRESH ERROR: Twitch user OAuth token is invalid or expired.

{"error":"Unauthorized","status":401,"message":"Invalid OAuth token"}
[2026-07-24 12:00:30] CHANNEL REFRESH ERROR: Twitch user OAuth token is invalid or expired.

{"error":"Unauthorized","status":401,"message":"Invalid OAuth token"}
[2026-07-24 12:00:32] CHANNEL REFRESH ERROR: Twitch user OAuth token is invalid or expired.

{"error":"Unauthorized","status":401,"message":"Invalid OAuth token"}
[2026-07-24 12:00:34] CHANNEL REFRESH ERROR: Twitch user OAuth token is invalid or expired.

{"error":"Unauthorized","status":401,"message":"Invalid OAuth token"}
[2026-07-24 12:00:36] CHANNEL REFRESH ERROR: Twitch user OAuth token is invalid or expired.

{"error":"Unauthorized","status":401,"message":"Invalid OAuth token"}
[2026-07-24 12:00:38] CHANNEL REFRESH ERROR: Twitch user OAuth token is invalid or expired.

{"error":"Unauthorized","status":401,"message":"Invalid OAuth token"}
[2026-07-24 12:00:40] CHANNEL REFRESH ERROR: Twitch user OAuth token is invalid or expired.

{"error":"Unauthorized","status":401,"message":"Invalid OAuth token"}
[2026-07-24 12:00:42] CHANNEL REFRESH ERROR: Twitch user OAuth token is invalid or expired.

{"error":"Unauthorized","status":401,"message":"Invalid OAuth token"}
[2026-07-24 12:00:44] CHANNEL REFRESH ERROR: Twitch user OAuth token is invalid or expired.

{"error":"Unauthorized","status":401,"message":"Invalid OAuth token"}
[2026-07-24 12:00:46] CHANNEL REFRESH ERROR: Twitch user OAuth token is invalid or expired.

{"error":"Unauthorized","status":401,"message":"Invalid OAuth token"}
[2026-07-24 12:00:48] CHANNEL REFRESH ERROR: Twitch user OAuth token is invalid or expired.

{"error":"Unauthorized","status":401,"message":"Invalid OAuth token"}
[2026-07-24 12:00:50] CHANNEL REFRESH ERROR: Twitch user OAuth token is invalid or expired.

{"error":"Unauthorized","status":401,"message":"Invalid OAuth token"}
[2026-07-24 12:00:52] CHANNEL REFRESH ERROR: Twitch user OAuth token is invalid or expired.

{"error":"Unauthorized","status":401,"message":"Invalid OAuth token"}
[2026-07-24 12:00:54] CHANNEL REFRESH ERROR: Twitch user OAuth token is invalid or expired.

{"error":"Unauthorized","status":401,"message":"Invalid OAuth token"}
[2026-07-24 12:00:56] CHANNEL REFRESH ERROR: Twitch user OAuth token is invalid or expired.

{"error":"Unauthorized","status":401,"message":"Invalid OAuth token"}
[2026-07-24 12:00:58] CHANNEL REFRESH ERROR: Twitch user OAuth token is invalid or expired.

{"error":"Unauthorized","status":401,"message":"Invalid OAuth token"}
[2026-07-24 12:01:00] CHANNEL REFRESH ERROR: Twitch user OAuth token is invalid or expired.

{"error":"Unauthorized","status":401,"message":"Invalid OAuth token"}
[2026-07-24 12:01:02] CHANNEL REFRESH ERROR: Twitch user OAuth token is invalid or expired.

{"error":"Unauthorized","status":401,"message":"Invalid OAuth token"}
[2026-07-24 12:01:04] CHANNEL REFRESH ERROR: Twitch user OAuth token is invalid or expired.

{"error":"Unauthorized","status":401,"message":"Invalid OAuth token"}
[2026-07-24 12:01:06] CHANNEL REFRESH ERROR: Twitch user OAuth token is invalid or expired.

{"error":"Unauthorized","status":401,"message":"Invalid OAuth token"}
[2026-07-24 12:01:08] CHANNEL REFRESH ERROR: Twitch user OAuth token is invalid or expired.

{"error":"Unauthorized","status":401,"message":"Invalid OAuth token"}
[2026-07-24 12:01:10] CHANNEL REFRESH ERROR: Twitch user OAuth token is invalid or expired.

{"error":"Unauthorized","status":401,"message":"Invalid OAuth token"}
[2026-07-24 12:01:12] CHANNEL REFRESH ERROR: Twitch user OAuth token is invalid or expired.

{"error":"Unauthorized","status":401,"message":"Invalid OAuth token"}
[2026-07-24 12:01:14] CHANNEL REFRESH ERROR: Twitch user OAuth token is invalid or expired.

{"error":"Unauthorized","status":401,"message":"Invalid OAuth token"}
[2026-07-24 12:01:16] CHANNEL REFRESH ERROR: Twitch user OAuth token is invalid or expired.

{"error":"Unauthorized","status":401,"message":"Invalid OAuth token"}
[2026-07-24 12:01:18] CHANNEL REFRESH ERROR: Twitch user OAuth token is invalid or expired.

{"error":"Unauthorized","status":401,"message":"Invalid OAuth token"}
[2026-07-24 12:01:20] CHANNEL REFRESH ERROR: Twitch user OAuth token is invalid or expired.

{"error":"Unauthorized","status":401,"message":"Invalid OAuth token"}
[2026-07-24 12:01:22] CHANNEL REFRESH ERROR: Twitch user OAuth token is invalid or expired.

{"error":"Unauthorized","status":401,"message":"Invalid OAuth token"}
[2026-07-24 12:01:24] CHANNEL REFRESH ERROR: Twitch user OAuth token is invalid or expired.

{"error":"Unauthorized","status":401,"message":"Invalid OAuth token"}
[2026-07-24 12:01:26] CHANNEL REFRESH ERROR: Twitch user OAuth token is invalid or expired.

{"error":"Unauthorized","status":401,"message":"Invalid OAuth token"}
[2026-07-24 12:01:28] CHANNEL REFRESH ERROR: Twitch user OAuth token is invalid or expired.

{"error":"Unauthorized","status":401,"message":"Invalid OAuth token"}
[2026-07-24 12:01:30] CHANNEL REFRESH ERROR: Twitch user OAuth token is invalid or expired.

{"error":"Unauthorized","status":401,"message":"Invalid OAuth token"}
[2026-07-24 12:01:32] CHANNEL REFRESH ERROR: Twitch user OAuth token is invalid or expired.

{"error":"Unauthorized","status":401,"message":"Invalid OAuth token"}
[2026-07-24 12:01:34] CHANNEL REFRESH ERROR: Twitch user OAuth token is invalid or expired.

{"error":"Unauthorized","status":401,"message":"Invalid OAuth token"}
[2026-07-24 12:01:36] CHANNEL REFRESH ERROR: Twitch user OAuth token is invalid or expired.

{"error":"Unauthorized","status":401,"message":"Invalid OAuth token"}
[2026-07-24 12:01:38] CHANNEL REFRESH ERROR: Twitch user OAuth token is invalid or expired.

{"error":"Unauthorized","status":401,"message":"Invalid OAuth token"}
[2026-07-24 12:01:40] CHANNEL REFRESH ERROR: Twitch user OAuth token is invalid or expired.

{"error":"Unauthorized","status":401,"message":"Invalid OAuth token"}
[2026-07-24 12:01:42] CHANNEL REFRESH ERROR: Twitch user OAuth token is invalid or expired.

{"error":"Unauthorized","status":401,"message":"Invalid OAuth token"}
[2026-07-24 12:01:44] CHANNEL REFRESH ERROR: Twitch user OAuth token is invalid or expired.

{"error":"Unauthorized","status":401,"message":"Invalid OAuth token"}
[2026-07-24 12:01:46] CHANNEL REFRESH ERROR: Twitch user OAuth token is invalid or expired.

{"error":"Unauthorized","status":401,"message":"Invalid OAuth token"}
[2026-07-24 12:01:48] CHANNEL REFRESH ERROR: Twitch user OAuth token is invalid or expired.

{"error":"Unauthorized","status":401,"message":"Invalid OAuth token"}
[2026-07-24 12:01:50] CHANNEL REFRESH ERROR: Twitch user OAuth token is invalid or expired.

{"error":"Unauthorized","status":401,"message":"Invalid OAuth token"}
[2026-07-24 12:01:52] CHANNEL REFRESH ERROR: Twitch user OAuth token is invalid or expired.

{"error":"Unauthorized","status":401,"message":"Invalid OAuth token"}
[2026-07-24 12:01:54] CHANNEL REFRESH ERROR: Twitch user OAuth token is invalid or expired.

{"error":"Unauthorized","status":401,"message":"Invalid OAuth token"}
[2026-07-24 12:01:56] CHANNEL REFRESH ERROR: Twitch user OAuth token is invalid or expired.

{"error":"Unauthorized","status":401,"message":"Invalid OAuth token"}
[2026-07-24 12:01:58] CHANNEL REFRESH ERROR: Twitch user OAuth token is invalid or expired.

{"error":"Unauthorized","status":401,"message":"Invalid OAuth token"}
[2026-07-24 12:02:00] CHANNEL REFRESH ERROR: Twitch user OAuth token is invalid or expired.

{"error":"Unauthorized","status":401,"message":"Invalid OAuth token"}
[2026-07-24 12:02:02] CHANNEL REFRESH ERROR: Twitch user OAuth token is invalid or expired.

{"error":"Unauthorized","status":401,"message":"Invalid OAuth token"}
[2026-07-24 12:02:04] CHANNEL REFRESH ERROR: Twitch user OAuth token is invalid or expired.

{"error":"Unauthorized","status":401,"message":"Invalid OAuth token"}
[2026-07-24 12:02:06] CHANNEL REFRESH ERROR: Twitch user OAuth token is invalid or expired.

{"error":"Unauthorized","status":401,"message":"Invalid OAuth token"}
[2026-07-24 12:02:08] CHANNEL REFRESH ERROR: Twitch user OAuth token is invalid or expired.

{"error":"Unauthorized","status":401,"message":"Invalid OAuth token"}
[2026-07-24 12:02:10] CHANNEL REFRESH ERROR: Twitch user OAuth token is invalid or expired.

{"error":"Unauthorized","status":401,"message":"Invalid OAuth token"}
[2026-07-24 12:02:12] CHANNEL REFRESH ERROR: Twitch user OAuth token is invalid or expired.

{"error":"Unauthorized","status":401,"message":"Invalid OAuth token"}
[2026-07-24 12:02:14] CHANNEL REFRESH ERROR: Twitch user OAuth token is invalid or expired.

{"error":"Unauthorized","status":401,"message":"Invalid OAuth token"}
[2026-07-24 12:02:16] CHANNEL REFRESH ERROR: Twitch user OAuth token is invalid or expired.

{"error":"Unauthorized","status":401,"message":"Invalid OAuth token"}
[2026-07-24 12:02:18] CHANNEL REFRESH ERROR: Twitch user OAuth token is invalid or expired.

{"error":"Unauthorized","status":401,"message":"Invalid OAuth token"}
[2026-07-24 12:02:20] CHANNEL REFRESH ERROR: Twitch user OAuth token is invalid or expired.

{"error":"Unauthorized","status":401,"message":"Invalid OAuth token"}
[2026-07-24 12:02:22] CHANNEL REFRESH ERROR: Twitch user OAuth token is invalid or expired.

{"error":"Unauthorized","status":401,"message":"Invalid OAuth token"}
[2026-07-24 12:02:24] CHANNEL REFRESH ERROR: Twitch user OAuth token is invalid or expired.

{"error":"Unauthorized","status":401,"message":"Invalid OAuth token"}
[2026-07-24 12:02:26] CHANNEL REFRESH ERROR: Twitch user OAuth token is invalid or expired.

{"error":"Unauthorized","status":401,"message":"Invalid OAuth token"}
[2026-07-24 12:02:28] CHANNEL REFRESH ERROR: Twitch user OAuth token is invalid or expired.

{"error":"Unauthorized","status":401,"message":"Invalid OAuth token"}
[2026-07-24 12:02:30] CHANNEL REFRESH ERROR: Twitch user OAuth token is invalid or expired.

{"error":"Unauthorized","status":401,"message":"Invalid OAuth token"}
[2026-07-24 12:02:32] CHANNEL REFRESH ERROR: Twitch user OAuth token is invalid or expired.

{"error":"Unauthorized","status":401,"message":"Invalid OAuth token"}
[2026-07-24 12:02:34] CHANNEL REFRESH ERROR: Twitch user OAuth token is invalid or expired.

{"error":"Unauthorized","status":401,"message":"Invalid OAuth token"}
[2026-07-24 12:02:36] CHANNEL REFRESH ERROR: Twitch user OAuth token is invalid or expired.

{"error":"Unauthorized","status":401,"message":"Invalid OAuth token"}
[2026-07-24 12:02:38] CHANNEL REFRESH ERROR: Twitch user OAuth token is invalid or expired.

{"error":"Unauthorized","status":401,"message":"Invalid OAuth token"}
[2026-07-24 12:02:40] CHANNEL REFRESH ERROR: Twitch user OAuth token is invalid or expired.

{"error":"Unauthorized","status":401,"message":"Invalid OAuth token"}
[2026-07-24 12:02:42] CHANNEL REFRESH ERROR: Twitch user OAuth token is invalid or expired.

{"error":"Unauthorized","status":401,"message":"Invalid OAuth token"}
[2026-07-24 12:02:44] CHANNEL REFRESH ERROR: Twitch user OAuth token is invalid or expired.

{"error":"Unauthorized","status":401,"message":"Invalid OAuth token"}
[2026-07-24 12:02:46] CHANNEL REFRESH ERROR: Twitch user OAuth token is invalid or expired.

{"error":"Unauthorized","status":401,"message":"Invalid OAuth token"}
[2026-07-24 12:02:48] CHANNEL REFRESH ERROR: Twitch user OAuth token is invalid or expired.

{"error":"Unauthorized","status":401,"message":"Invalid OAuth token"}
[2026-07-24 12:02:50] CHANNEL REFRESH ERROR: Twitch user OAuth token is invalid or expired.

{"error":"Unauthorized","status":401,"message":"Invalid OAuth token"}
[2026-07-24 12:02:52] CHANNEL REFRESH ERROR: Twitch user OAuth token is invalid or expired.

{"error":"Unauthorized","status":401,"message":"Invalid OAuth token"}
[2026-07-24 12:02:54] CHANNEL REFRESH ERROR: Twitch user OAuth token is invalid or expired.

{"error":"Unauthorized","status":401,"message":"Invalid OAuth token"}
[2026-07-24 12:02:56] CHANNEL REFRESH ERROR: Twitch user OAuth token is invalid or expired.

{"error":"Unauthorized","status":401,"message":"Invalid OAuth token"}
[2026-07-24 12:02:58] CHANNEL REFRESH ERROR: Twitch user OAuth token is invalid or expired.

{"error":"Unauthorized","status":401,"message":"Invalid OAuth token"}
[2026-07-24 12:03:00] CHANNEL REFRESH ERROR: Twitch user OAuth token is invalid or expired.

{"error":"Unauthorized","status":401,"message":"Invalid OAuth token"}
[2026-07-24 12:03:02] CHANNEL REFRESH ERROR: Twitch user OAuth token is invalid or expired.

{"error":"Unauthorized","status":401,"message":"Invalid OAuth token"}
[2026-07-24 12:03:04] CHANNEL REFRESH ERROR: Twitch user OAuth token is invalid or expired.

{"error":"Unauthorized","status":401,"message":"Invalid OAuth token"}
[2026-07-24 12:03:06] CHANNEL REFRESH ERROR: Twitch user OAuth token is invalid or expired.

{"error":"Unauthorized","status":401,"message":"Invalid OAuth token"}
[2026-07-24 12:03:08] CHANNEL REFRESH ERROR: Twitch user OAuth token is invalid or expired.

{"error":"Unauthorized","status":401,"message":"Invalid OAuth token"}
[2026-07-24 12:03:10] CHANNEL REFRESH ERROR: Twitch user OAuth token is invalid or expired.

{"error":"Unauthorized","status":401,"message":"Invalid OAuth token"}
[2026-07-24 12:03:12] CHANNEL REFRESH ERROR: Twitch user OAuth token is invalid or expired.

{"error":"Unauthorized","status":401,"message":"Invalid OAuth token"}
[2026-07-24 12:03:14] CHANNEL REFRESH ERROR: Twitch user OAuth token is invalid or expired.

{"error":"Unauthorized","status":401,"message":"Invalid OAuth token"}
[2026-07-24 12:03:16] CHANNEL REFRESH ERROR: Twitch user OAuth token is invalid or expired.

{"error":"Unauthorized","status":401,"message":"Invalid OAuth token"}
[2026-07-24 12:03:18] CHANNEL REFRESH ERROR: Twitch user OAuth token is invalid or expired.

{"error":"Unauthorized","status":401,"message":"Invalid OAuth token"}
[2026-07-24 12:03:20] CHANNEL REFRESH ERROR: Twitch user OAuth token is invalid or expired.

{"error":"Unauthorized","status":401,"message":"Invalid OAuth token"}
[2026-07-24 12:03:22] CHANNEL REFRESH ERROR: Twitch user OAuth token is invalid or expired.

{"error":"Unauthorized","status":401,"message":"Invalid OAuth token"}
[2026-07-24 12:03:24] CHANNEL REFRESH ERROR: Twitch user OAuth token is invalid or expired.

{"error":"Unauthorized","status":401,"message":"Invalid OAuth token"}
[2026-07-24 12:03:26] CHANNEL REFRESH ERROR: Twitch user OAuth token is invalid or expired.

{"error":"Unauthorized","status":401,"message":"Invalid OAuth token"}
[2026-07-24 12:03:28] CHANNEL REFRESH ERROR: Twitch user OAuth token is invalid or expired.

{"error":"Unauthorized","status":401,"message":"Invalid OAuth token"}
[2026-07-24 12:03:30] CHANNEL REFRESH ERROR: Twitch user OAuth token is invalid or expired.

{"error":"Unauthorized","status":401,"message":"Invalid OAuth token"}
[2026-07-24 12:03:32] CHANNEL REFRESH ERROR: Twitch user OAuth token is invalid or expired.

{"error":"Unauthorized","status":401,"message":"Invalid OAuth token"}
[2026-07-24 12:03:34] CHANNEL REFRESH ERROR: Twitch user OAuth token is invalid or expired.

{"error":"Unauthorized","status":401,"message":"Invalid OAuth token"}
[2026-07-24 12:03:36] CHANNEL REFRESH ERROR: Twitch user OAuth token is invalid or expired.

{"error":"Unauthorized","status":401,"message":"Invalid OAuth token"}
[2026-07-24 12:03:38] CHANNEL REFRESH ERROR: Twitch user OAuth token is invalid or expired.

{"error":"Unauthorized","status":401,"message":"Invalid OAuth token"}
[2026-07-24 12:03:40] CHANNEL REFRESH ERROR: Twitch user OAuth token is invalid or expired.

{"error":"Unauthorized","status":401,"message":"Invalid OAuth token"}
[2026-07-24 12:03:42] CHANNEL REFRESH ERROR: Twitch user OAuth token is invalid or expired.

{"error":"Unauthorized","status":401,"message":"Invalid OAuth token"}
[2026-07-24 12:03:44] CHANNEL REFRESH ERROR: Twitch user OAuth token is invalid or expired.

{"error":"Unauthorized","status":401,"message":"Invalid OAuth token"}
[2026-07-24 12:03:46] CHANNEL REFRESH ERROR: Twitch user OAuth token is invalid or expired.

{"error":"Unauthorized","status":401,"message":"Invalid OAuth token"}
[2026-07-24 12:03:48] CHANNEL REFRESH ERROR: Twitch user OAuth token is invalid or expired.

{"error":"Unauthorized","status":401,"message":"Invalid OAuth token"}
[2026-07-24 12:03:50] CHANNEL REFRESH ERROR: Twitch user OAuth token is invalid or expired.

{"error":"Unauthorized","status":401,"message":"Invalid OAuth token"}
[2026-07-24 12:03:52] CHANNEL REFRESH ERROR: Twitch user OAuth token is invalid or expired.

{"error":"Unauthorized","status":401,"message":"Invalid OAuth token"}
[2026-07-24 12:03:54] CHANNEL REFRESH ERROR: Twitch user OAuth token is invalid or expired.

{"error":"Unauthorized","status":401,"message":"Invalid OAuth token"}
[2026-07-24 12:03:56] CHANNEL REFRESH ERROR: Twitch user OAuth token is invalid or expired.

{"error":"Unauthorized","status":401,"message":"Invalid OAuth token"}
[2026-07-24 12:03:58] CHANNEL REFRESH ERROR: Twitch user OAuth token is invalid or expired.

{"error":"Unauthorized","status":401,"message":"Invalid OAuth token"}
[2026-07-24 12:04:00] CHANNEL REFRESH ERROR: Twitch user OAuth token is invalid or expired.

{"error":"Unauthorized","status":401,"message":"Invalid OAuth token"}
[2026-07-24 12:04:02] CHANNEL REFRESH ERROR: Twitch user OAuth token is invalid or expired.

{"error":"Unauthorized","status":401,"message":"Invalid OAuth token"}
[2026-07-24 12:04:04] CHANNEL REFRESH ERROR: Twitch user OAuth token is invalid or expired.

{"error":"Unauthorized","status":401,"message":"Invalid OAuth token"}
[2026-07-24 12:04:06] CHANNEL REFRESH ERROR: Twitch user OAuth token is invalid or expired.

{"error":"Unauthorized","status":401,"message":"Invalid OAuth token"}
[2026-07-24 12:04:08] CHANNEL REFRESH ERROR: Twitch user OAuth token is invalid or expired.

{"error":"Unauthorized","status":401,"message":"Invalid OAuth token"}
[2026-07-24 12:04:10] CHANNEL REFRESH ERROR: Twitch user OAuth token is invalid or expired.

{"error":"Unauthorized","status":401,"message":"Invalid OAuth token"}
[2026-07-24 12:04:12] CHANNEL REFRESH ERROR: Twitch user OAuth token is invalid or expired.

{"error":"Unauthorized","status":401,"message":"Invalid OAuth token"}
[2026-07-24 12:04:14] CHANNEL REFRESH ERROR: Twitch user OAuth token is invalid or expired.

{"error":"Unauthorized","status":401,"message":"Invalid OAuth token"}
[2026-07-24 12:04:16] CHANNEL REFRESH ERROR: Twitch user OAuth token is invalid or expired.

{"error":"Unauthorized","status":401,"message":"Invalid OAuth token"}
[2026-07-24 12:04:18] CHANNEL REFRESH ERROR: Twitch user OAuth token is invalid or expired.

{"error":"Unauthorized","status":401,"message":"Invalid OAuth token"}
[2026-07-24 12:04:20] CHANNEL REFRESH ERROR: Twitch user OAuth token is invalid or expired.

{"error":"Unauthorized","status":401,"message":"Invalid OAuth token"}
[2026-07-24 12:04:22] CHANNEL REFRESH ERROR: Twitch user OAuth token is invalid or expired.

{"error":"Unauthorized","status":401,"message":"Invalid OAuth token"}
[2026-07-24 12:04:24] CHANNEL REFRESH ERROR: Twitch user OAuth token is invalid or expired.

{"error":"Unauthorized","status":401,"message":"Invalid OAuth token"}
[2026-07-24 12:04:26] CHANNEL REFRESH ERROR: Twitch user OAuth token is invalid or expired.

{"error":"Unauthorized","status":401,"message":"Invalid OAuth token"}
[2026-07-24 12:04:28] CHANNEL REFRESH ERROR: Twitch user OAuth token is invalid or expired.

{"error":"Unauthorized","status":401,"message":"Invalid OAuth token"}
[2026-07-24 12:04:30] CHANNEL REFRESH ERROR: Twitch user OAuth token is invalid or expired.

{"error":"Unauthorized","status":401,"message":"Invalid OAuth token"}
[2026-07-24 12:04:32] CHANNEL REFRESH ERROR: Twitch user OAuth token is invalid or expired.

{"error":"Unauthorized","status":401,"message":"Invalid OAuth token"}
[2026-07-24 12:04:34] CHANNEL REFRESH ERROR: Twitch user OAuth token is invalid or expired.

{"error":"Unauthorized","status":401,"message":"Invalid OAuth token"}
[2026-07-24 12:04:36] CHANNEL REFRESH ERROR: Twitch user OAuth token is invalid or expired.

{"error":"Unauthorized","status":401,"message":"Invalid OAuth token"}
[2026-07-24 12:04:38] CHANNEL REFRESH ERROR: Twitch user OAuth token is invalid or expired.

{"error":"Unauthorized","status":401,"message":"Invalid OAuth token"}
[2026-07-24 12:04:40] CHANNEL REFRESH ERROR: Twitch user OAuth token is invalid or expired.

{"error":"Unauthorized","status":401,"message":"Invalid OAuth token"}
[2026-07-24 12:04:42] CHANNEL REFRESH ERROR: Twitch user OAuth token is invalid or expired.

{"error":"Unauthorized","status":401,"message":"Invalid OAuth token"}
[2026-07-24 12:04:44] CHANNEL REFRESH ERROR: Twitch user OAuth token is invalid or expired.

{"error":"Unauthorized","status":401,"message":"Invalid OAuth token"}
[2026-07-24 12:04:46] CHANNEL REFRESH ERROR: Twitch user OAuth token is invalid or expired.

{"error":"Unauthorized","status":401,"message":"Invalid OAuth token"}
[2026-07-24 12:04:48] CHANNEL REFRESH ERROR: Twitch user OAuth token is invalid or expired.

{"error":"Unauthorized","status":401,"message":"Invalid OAuth token"}
[2026-07-24 12:04:50] CHANNEL REFRESH ERROR: Twitch user OAuth token is invalid or expired.

{"error":"Unauthorized","status":401,"message":"Invalid OAuth token"}
[2026-07-24 12:04:52] CHANNEL REFRESH ERROR: Twitch user OAuth token is invalid or expired.

{"error":"Unauthorized","status":401,"message":"Invalid OAuth token"}
[2026-07-24 12:04:54] CHANNEL REFRESH ERROR: Twitch user OAuth token is invalid or expired.

{"error":"Unauthorized","status":401,"message":"Invalid OAuth token"}
[2026-07-24 12:04:56] CHANNEL REFRESH ERROR: Twitch user OAuth token is invalid or expired.

{"error":"Unauthorized","status":401,"message":"Invalid OAuth token"}
[2026-07-24 12:04:58] CHANNEL REFRESH ERROR: Twitch user OAuth token is invalid or expired.

{"error":"Unauthorized","status":401,"message":"Invalid OAuth token"}
[2026-07-24 12:05:00] CHANNEL REFRESH ERROR: Twitch user OAuth token is invalid or expired.

{"error":"Unauthorized","status":401,"message":"Invalid OAuth token"}
[2026-07-24 12:05:02] CHANNEL REFRESH ERROR: Twitch user OAuth token is invalid or expired.

{"error":"Unauthorized","status":401,"message":"Invalid OAuth token"}
[2026-07-24 12:05:04] CHANNEL REFRESH ERROR: Twitch user OAuth token is invalid or expired.

{"error":"Unauthorized","status":401,"message":"Invalid OAuth token"}
[2026-07-24 12:05:06] CHANNEL REFRESH ERROR: Twitch user OAuth token is invalid or expired.

{"error":"Unauthorized","status":401,"message":"Invalid OAuth token"}
[2026-07-24 12:05:08] CHANNEL REFRESH ERROR: Twitch user OAuth token is invalid or expired.

{"error":"Unauthorized","status":401,"message":"Invalid OAuth token"}
[2026-07-24 12:05:10] CHANNEL REFRESH ERROR: Twitch user OAuth token is invalid or expired.

{"error":"Unauthorized","status":401,"message":"Invalid OAuth token"}
[2026-07-24 12:05:12] CHANNEL REFRESH ERROR: Twitch user OAuth token is invalid or expired.

{"error":"Unauthorized","status":401,"message":"Invalid OAuth token"}
[2026-07-24 12:05:14] CHANNEL REFRESH ERROR: Twitch user OAuth token is invalid or expired.

{"error":"Unauthorized","status":401,"message":"Invalid OAuth token"}
[2026-07-24 12:05:16] CHANNEL REFRESH ERROR: Twitch user OAuth token is invalid or expired.

{"error":"Unauthorized","status":401,"message":"Invalid OAuth token"}
[2026-07-24 12:05:18] CHANNEL REFRESH ERROR: Twitch user OAuth token is invalid or expired.

{"error":"Unauthorized","status":401,"message":"Invalid OAuth token"}
[2026-07-24 12:05:20] CHANNEL REFRESH ERROR: Twitch user OAuth token is invalid or expired.

{"error":"Unauthorized","status":401,"message":"Invalid OAuth token"}
[2026-07-24 12:05:22] CHANNEL REFRESH ERROR: Twitch user OAuth token is invalid or expired.

{"error":"Unauthorized","status":401,"message":"Invalid OAuth token"}
[2026-07-24 12:05:24] CHANNEL REFRESH ERROR: Twitch user OAuth token is invalid or expired.

{"error":"Unauthorized","status":401,"message":"Invalid OAuth token"}
[2026-07-24 12:05:26] CHANNEL REFRESH ERROR: Twitch user OAuth token is invalid or expired.

{"error":"Unauthorized","status":401,"message":"Invalid OAuth token"}
[2026-07-24 12:05:28] CHANNEL REFRESH ERROR: Twitch user OAuth token is invalid or expired.

{"error":"Unauthorized","status":401,"message":"Invalid OAuth token"}
[2026-07-24 12:05:30] CHANNEL REFRESH ERROR: Twitch user OAuth token is invalid or expired.

{"error":"Unauthorized","status":401,"message":"Invalid OAuth token"}
[2026-07-24 12:05:32] CHANNEL REFRESH ERROR: Twitch user OAuth token is invalid or expired.

{"error":"Unauthorized","status":401,"message":"Invalid OAuth token"}
[2026-07-24 12:05:34] CHANNEL REFRESH ERROR: Twitch user OAuth token is invalid or expired.

{"error":"Unauthorized","status":401,"message":"Invalid OAuth token"}
[2026-07-24 12:05:36] CHANNEL REFRESH ERROR: Twitch user OAuth token is invalid or expired.

{"error":"Unauthorized","status":401,"message":"Invalid OAuth token"}
[2026-07-24 12:05:38] CHANNEL REFRESH ERROR: Twitch user OAuth token is invalid or expired.

{"error":"Unauthorized","status":401,"message":"Invalid OAuth token"}
[2026-07-24 12:05:40] CHANNEL REFRESH ERROR: Twitch user OAuth token is invalid or expired.

{"error":"Unauthorized","status":401,"message":"Invalid OAuth token"}
[2026-07-24 12:05:42] CHANNEL REFRESH ERROR: Twitch user OAuth token is invalid or expired.

{"error":"Unauthorized","status":401,"message":"Invalid OAuth token"}
[2026-07-24 12:05:44] CHANNEL REFRESH ERROR: Twitch user OAuth token is invalid or expired.

{"error":"Unauthorized","status":401,"message":"Invalid OAuth token"}
[2026-07-24 12:05:46] CHANNEL REFRESH ERROR: Twitch user OAuth token is invalid or expired.

{"error":"Unauthorized","status":401,"message":"Invalid OAuth token"}
[2026-07-24 12:05:49] CHANNEL REFRESH ERROR: Twitch user OAuth token is invalid or expired.

{"error":"Unauthorized","status":401,"message":"Invalid OAuth token"}
[2026-07-24 12:05:50] CHANNEL REFRESH ERROR: Twitch user OAuth token is invalid or expired.

{"error":"Unauthorized","status":401,"message":"Invalid OAuth token"}
[2026-07-24 12:05:52] CHANNEL REFRESH ERROR: Twitch user OAuth token is invalid or expired.

{"error":"Unauthorized","status":401,"message":"Invalid OAuth token"}
[2026-07-24 12:05:54] CHANNEL REFRESH ERROR: Twitch user OAuth token is invalid or expired.

{"error":"Unauthorized","status":401,"message":"Invalid OAuth token"}
[2026-07-24 12:05:56] CHANNEL REFRESH ERROR: Twitch user OAuth token is invalid or expired.

{"error":"Unauthorized","status":401,"message":"Invalid OAuth token"}
[2026-07-24 12:05:58] CHANNEL REFRESH ERROR: Twitch user OAuth token is invalid or expired.

{"error":"Unauthorized","status":401,"message":"Invalid OAuth token"}
[2026-07-24 12:06:01] CHANNEL REFRESH ERROR: Twitch user OAuth token is invalid or expired.

{"error":"Unauthorized","status":401,"message":"Invalid OAuth token"}
[2026-07-24 12:06:02] CHANNEL REFRESH ERROR: Twitch user OAuth token is invalid or expired.

{"error":"Unauthorized","status":401,"message":"Invalid OAuth token"}
[2026-07-24 12:06:04] CHANNEL REFRESH ERROR: Twitch user OAuth token is invalid or expired.

{"error":"Unauthorized","status":401,"message":"Invalid OAuth token"}
[2026-07-24 12:06:07] CHANNEL REFRESH ERROR: Twitch user OAuth token is invalid or expired.

{"error":"Unauthorized","status":401,"message":"Invalid OAuth token"}
[2026-07-24 12:06:08] CHANNEL REFRESH ERROR: Twitch user OAuth token is invalid or expired.

{"error":"Unauthorized","status":401,"message":"Invalid OAuth token"}
[2026-07-24 12:06:10] CHANNEL REFRESH ERROR: Twitch user OAuth token is invalid or expired.

{"error":"Unauthorized","status":401,"message":"Invalid OAuth token"}
[2026-07-24 12:06:13] CHANNEL REFRESH ERROR: Twitch user OAuth token is invalid or expired.

{"error":"Unauthorized","status":401,"message":"Invalid OAuth token"}
[2026-07-24 12:06:14] CHANNEL REFRESH ERROR: Twitch user OAuth token is invalid or expired.

{"error":"Unauthorized","status":401,"message":"Invalid OAuth token"}
[2026-07-24 12:06:16] CHANNEL REFRESH ERROR: Twitch user OAuth token is invalid or expired.

{"error":"Unauthorized","status":401,"message":"Invalid OAuth token"}
[2026-07-24 12:06:19] CHANNEL REFRESH ERROR: Twitch user OAuth token is invalid or expired.

{"error":"Unauthorized","status":401,"message":"Invalid OAuth token"}
[2026-07-24 12:06:20] CHANNEL REFRESH ERROR: Twitch user OAuth token is invalid or expired.

{"error":"Unauthorized","status":401,"message":"Invalid OAuth token"}
[2026-07-24 12:06:22] CHANNEL REFRESH ERROR: Twitch user OAuth token is invalid or expired.

{"error":"Unauthorized","status":401,"message":"Invalid OAuth token"}
[2026-07-24 12:06:25] CHANNEL REFRESH ERROR: Twitch user OAuth token is invalid or expired.

{"error":"Unauthorized","status":401,"message":"Invalid OAuth token"}
[2026-07-24 12:06:26] CHANNEL REFRESH ERROR: Twitch user OAuth token is invalid or expired.

{"error":"Unauthorized","status":401,"message":"Invalid OAuth token"}
[2026-07-24 12:06:28] CHANNEL REFRESH ERROR: Twitch user OAuth token is invalid or expired.

{"error":"Unauthorized","status":401,"message":"Invalid OAuth token"}
[2026-07-24 12:06:31] CHANNEL REFRESH ERROR: Twitch user OAuth token is invalid or expired.

{"error":"Unauthorized","status":401,"message":"Invalid OAuth token"}
[2026-07-24 12:06:33] CHANNEL REFRESH ERROR: Twitch user OAuth token is invalid or expired.

{"error":"Unauthorized","status":401,"message":"Invalid OAuth token"}
[2026-07-24 12:06:34] CHANNEL REFRESH ERROR: Twitch user OAuth token is invalid or expired.

{"error":"Unauthorized","status":401,"message":"Invalid OAuth token"}
[2026-07-24 12:06:37] CHANNEL REFRESH ERROR: Twitch user OAuth token is invalid or expired.

{"error":"Unauthorized","status":401,"message":"Invalid OAuth token"}
[2026-07-24 12:06:38] CHANNEL REFRESH ERROR: Twitch user OAuth token is invalid or expired.

{"error":"Unauthorized","status":401,"message":"Invalid OAuth token"}
[2026-07-24 12:06:41] CHANNEL REFRESH ERROR: Twitch user OAuth token is invalid or expired.

{"error":"Unauthorized","status":401,"message":"Invalid OAuth token"}
[2026-07-24 12:06:43] CHANNEL REFRESH ERROR: Twitch user OAuth token is invalid or expired.

{"error":"Unauthorized","status":401,"message":"Invalid OAuth token"}
[2026-07-24 12:06:45] CHANNEL REFRESH ERROR: Twitch user OAuth token is invalid or expired.

{"error":"Unauthorized","status":401,"message":"Invalid OAuth token"}
[2026-07-24 12:06:46] CHANNEL REFRESH ERROR: Twitch user OAuth token is invalid or expired.

{"error":"Unauthorized","status":401,"message":"Invalid OAuth token"}
[2026-07-24 12:06:49] CHANNEL REFRESH ERROR: Twitch user OAuth token is invalid or expired.

{"error":"Unauthorized","status":401,"message":"Invalid OAuth token"}
[2026-07-24 12:06:50] CHANNEL REFRESH ERROR: Twitch user OAuth token is invalid or expired.

{"error":"Unauthorized","status":401,"message":"Invalid OAuth token"}
[2026-07-24 12:06:53] CHANNEL REFRESH ERROR: Twitch user OAuth token is invalid or expired.

{"error":"Unauthorized","status":401,"message":"Invalid OAuth token"}
[2026-07-24 12:06:55] CHANNEL REFRESH ERROR: Twitch user OAuth token is invalid or expired.

{"error":"Unauthorized","status":401,"message":"Invalid OAuth token"}
[2026-07-24 12:06:57] CHANNEL REFRESH ERROR: Twitch user OAuth token is invalid or expired.

{"error":"Unauthorized","status":401,"message":"Invalid OAuth token"}
[2026-07-24 12:06:58] CHANNEL REFRESH ERROR: Twitch user OAuth token is invalid or expired.

{"error":"Unauthorized","status":401,"message":"Invalid OAuth token"}
[2026-07-24 12:07:01] CHANNEL REFRESH ERROR: Twitch user OAuth token is invalid or expired.

{"error":"Unauthorized","status":401,"message":"Invalid OAuth token"}
[2026-07-24 12:07:03] CHANNEL REFRESH ERROR: Twitch user OAuth token is invalid or expired.

{"error":"Unauthorized","status":401,"message":"Invalid OAuth token"}
[2026-07-24 12:07:05] CHANNEL REFRESH ERROR: Twitch user OAuth token is invalid or expired.

{"error":"Unauthorized","status":401,"message":"Invalid OAuth token"}
[2026-07-24 12:07:07] CHANNEL REFRESH ERROR: Twitch user OAuth token is invalid or expired.

{"error":"Unauthorized","status":401,"message":"Invalid OAuth token"}
[2026-07-24 12:07:08] CHANNEL REFRESH ERROR: Twitch user OAuth token is invalid or expired.

{"error":"Unauthorized","status":401,"message":"Invalid OAuth token"}
[2026-07-24 12:07:11] CHANNEL REFRESH ERROR: Twitch user OAuth token is invalid or expired.

{"error":"Unauthorized","status":401,"message":"Invalid OAuth token"}
[2026-07-24 12:07:13] CHANNEL REFRESH ERROR: Twitch user OAuth token is invalid or expired.

{"error":"Unauthorized","status":401,"message":"Invalid OAuth token"}
[2026-07-24 12:07:15] CHANNEL REFRESH ERROR: Twitch user OAuth token is invalid or expired.

{"error":"Unauthorized","status":401,"message":"Invalid OAuth token"}
[2026-07-24 12:07:16] CHANNEL REFRESH ERROR: Twitch user OAuth token is invalid or expired.

{"error":"Unauthorized","status":401,"message":"Invalid OAuth token"}
[2026-07-24 12:07:19] CHANNEL REFRESH ERROR: Twitch user OAuth token is invalid or expired.

{"error":"Unauthorized","status":401,"message":"Invalid OAuth token"}
[2026-07-24 12:07:20] CHANNEL REFRESH ERROR: Twitch user OAuth token is invalid or expired.

{"error":"Unauthorized","status":401,"message":"Invalid OAuth token"}
[2026-07-24 12:07:22] CHANNEL REFRESH ERROR: Twitch user OAuth token is invalid or expired.

{"error":"Unauthorized","status":401,"message":"Invalid OAuth token"}
[2026-07-24 12:07:25] CHANNEL REFRESH ERROR: Twitch user OAuth token is invalid or expired.

{"error":"Unauthorized","status":401,"message":"Invalid OAuth token"}
[2026-07-24 12:07:26] CHANNEL REFRESH ERROR: Twitch user OAuth token is invalid or expired.

{"error":"Unauthorized","status":401,"message":"Invalid OAuth token"}
[2026-07-24 12:07:29] CHANNEL REFRESH ERROR: Twitch user OAuth token is invalid or expired.

{"error":"Unauthorized","status":401,"message":"Invalid OAuth token"}
[2026-07-24 12:07:31] CHANNEL REFRESH ERROR: Twitch user OAuth token is invalid or expired.

{"error":"Unauthorized","status":401,"message":"Invalid OAuth token"}
[2026-07-24 12:07:32] CHANNEL REFRESH ERROR: Twitch user OAuth token is invalid or expired.

{"error":"Unauthorized","status":401,"message":"Invalid OAuth token"}
[2026-07-24 12:07:35] CHANNEL REFRESH ERROR: Twitch user OAuth token is invalid or expired.

{"error":"Unauthorized","status":401,"message":"Invalid OAuth token"}
[2026-07-24 12:07:37] CHANNEL REFRESH ERROR: Twitch user OAuth token is invalid or expired.

{"error":"Unauthorized","status":401,"message":"Invalid OAuth token"}
[2026-07-24 12:07:39] CHANNEL REFRESH ERROR: Twitch user OAuth token is invalid or expired.

{"error":"Unauthorized","status":401,"message":"Invalid OAuth token"}
[2026-07-24 12:07:41] CHANNEL REFRESH ERROR: Twitch user OAuth token is invalid or expired.

{"error":"Unauthorized","status":401,"message":"Invalid OAuth token"}
[2026-07-24 12:07:43] CHANNEL REFRESH ERROR: Twitch user OAuth token is invalid or expired.

{"error":"Unauthorized","status":401,"message":"Invalid OAuth token"}
[2026-07-24 12:07:45] CHANNEL REFRESH ERROR: Twitch user OAuth token is invalid or expired.

{"error":"Unauthorized","status":401,"message":"Invalid OAuth token"}
[2026-07-24 12:07:47] CHANNEL REFRESH ERROR: Twitch user OAuth token is invalid or expired.

{"error":"Unauthorized","status":401,"message":"Invalid OAuth token"}
[2026-07-24 12:07:49] CHANNEL REFRESH ERROR: Twitch user OAuth token is invalid or expired.

{"error":"Unauthorized","status":401,"message":"Invalid OAuth token"}
[2026-07-24 12:07:51] CHANNEL REFRESH ERROR: Twitch user OAuth token is invalid or expired.

{"error":"Unauthorized","status":401,"message":"Invalid OAuth token"}
[2026-07-24 12:07:53] CHANNEL REFRESH ERROR: Twitch user OAuth token is invalid or expired.

{"error":"Unauthorized","status":401,"message":"Invalid OAuth token"}
[2026-07-24 12:07:55] CHANNEL REFRESH ERROR: Twitch user OAuth token is invalid or expired.

{"error":"Unauthorized","status":401,"message":"Invalid OAuth token"}
[2026-07-24 12:07:57] CHANNEL REFRESH ERROR: Twitch user OAuth token is invalid or expired.

{"error":"Unauthorized","status":401,"message":"Invalid OAuth token"}
[2026-07-24 12:07:59] CHANNEL REFRESH ERROR: Twitch user OAuth token is invalid or expired.

{"error":"Unauthorized","status":401,"message":"Invalid OAuth token"}
[2026-07-24 12:08:01] CHANNEL REFRESH ERROR: Twitch user OAuth token is invalid or expired.

{"error":"Unauthorized","status":401,"message":"Invalid OAuth token"}
[2026-07-24 12:08:03] CHANNEL REFRESH ERROR: Twitch user OAuth token is invalid or expired.

{"error":"Unauthorized","status":401,"message":"Invalid OAuth token"}
[2026-07-24 12:08:05] CHANNEL REFRESH ERROR: Twitch user OAuth token is invalid or expired.

{"error":"Unauthorized","status":401,"message":"Invalid OAuth token"}
[2026-07-24 12:08:07] CHANNEL REFRESH ERROR: Twitch user OAuth token is invalid or expired.

{"error":"Unauthorized","status":401,"message":"Invalid OAuth token"}
[2026-07-24 12:08:09] CHANNEL REFRESH ERROR: Twitch user OAuth token is invalid or expired.

{"error":"Unauthorized","status":401,"message":"Invalid OAuth token"}
[2026-07-24 12:08:11] CHANNEL REFRESH ERROR: Twitch user OAuth token is invalid or expired.

{"error":"Unauthorized","status":401,"message":"Invalid OAuth token"}
[2026-07-24 12:08:13] CHANNEL REFRESH ERROR: Twitch user OAuth token is invalid or expired.

{"error":"Unauthorized","status":401,"message":"Invalid OAuth token"}
[2026-07-24 12:08:15] CHANNEL REFRESH ERROR: Twitch user OAuth token is invalid or expired.

{"error":"Unauthorized","status":401,"message":"Invalid OAuth token"}
[2026-07-24 12:08:17] CHANNEL REFRESH ERROR: Twitch user OAuth token is invalid or expired.

{"error":"Unauthorized","status":401,"message":"Invalid OAuth token"}
[2026-07-24 12:08:19] CHANNEL REFRESH ERROR: Twitch user OAuth token is invalid or expired.

{"error":"Unauthorized","status":401,"message":"Invalid OAuth token"}
[2026-07-24 12:08:21] CHANNEL REFRESH ERROR: Twitch user OAuth token is invalid or expired.

{"error":"Unauthorized","status":401,"message":"Invalid OAuth token"}
[2026-07-24 12:08:23] CHANNEL REFRESH ERROR: Twitch user OAuth token is invalid or expired.

{"error":"Unauthorized","status":401,"message":"Invalid OAuth token"}
[2026-07-24 12:08:25] CHANNEL REFRESH ERROR: Twitch user OAuth token is invalid or expired.

{"error":"Unauthorized","status":401,"message":"Invalid OAuth token"}
[2026-07-24 12:08:27] CHANNEL REFRESH ERROR: Twitch user OAuth token is invalid or expired.

{"error":"Unauthorized","status":401,"message":"Invalid OAuth token"}
[2026-07-24 12:08:29] CHANNEL REFRESH ERROR: Twitch user OAuth token is invalid or expired.

{"error":"Unauthorized","status":401,"message":"Invalid OAuth token"}
[2026-07-24 12:08:31] CHANNEL REFRESH ERROR: Twitch user OAuth token is invalid or expired.

{"error":"Unauthorized","status":401,"message":"Invalid OAuth token"}
[2026-07-24 12:08:33] CHANNEL REFRESH ERROR: Twitch user OAuth token is invalid or expired.

{"error":"Unauthorized","status":401,"message":"Invalid OAuth token"}
[2026-07-24 12:08:35] CHANNEL REFRESH ERROR: Twitch user OAuth token is invalid or expired.

{"error":"Unauthorized","status":401,"message":"Invalid OAuth token"}
[2026-07-24 12:08:37] CHANNEL REFRESH ERROR: Twitch user OAuth token is invalid or expired.

{"error":"Unauthorized","status":401,"message":"Invalid OAuth token"}
[2026-07-24 12:08:39] CHANNEL REFRESH ERROR: Twitch user OAuth token is invalid or expired.

{"error":"Unauthorized","status":401,"message":"Invalid OAuth token"}
[2026-07-24 12:08:41] CHANNEL REFRESH ERROR: Twitch user OAuth token is invalid or expired.

{"error":"Unauthorized","status":401,"message":"Invalid OAuth token"}
[2026-07-24 12:08:43] CHANNEL REFRESH ERROR: Twitch user OAuth token is invalid or expired.

{"error":"Unauthorized","status":401,"message":"Invalid OAuth token"}
[2026-07-24 12:08:45] CHANNEL REFRESH ERROR: Twitch user OAuth token is invalid or expired.

{"error":"Unauthorized","status":401,"message":"Invalid OAuth token"}
[2026-07-24 12:08:47] CHANNEL REFRESH ERROR: Twitch user OAuth token is invalid or expired.

{"error":"Unauthorized","status":401,"message":"Invalid OAuth token"}
[2026-07-24 12:08:49] CHANNEL REFRESH ERROR: Twitch user OAuth token is invalid or expired.

{"error":"Unauthorized","status":401,"message":"Invalid OAuth token"}
[2026-07-24 12:08:51] CHANNEL REFRESH ERROR: Twitch user OAuth token is invalid or expired.

{"error":"Unauthorized","status":401,"message":"Invalid OAuth token"}
[2026-07-24 12:08:53] CHANNEL REFRESH ERROR: Twitch user OAuth token is invalid or expired.

{"error":"Unauthorized","status":401,"message":"Invalid OAuth token"}
[2026-07-24 12:08:55] CHANNEL REFRESH ERROR: Twitch user OAuth token is invalid or expired.

{"error":"Unauthorized","status":401,"message":"Invalid OAuth token"}
[2026-07-24 12:08:57] CHANNEL REFRESH ERROR: Twitch user OAuth token is invalid or expired.

{"error":"Unauthorized","status":401,"message":"Invalid OAuth token"}
[2026-07-24 12:08:59] CHANNEL REFRESH ERROR: Twitch user OAuth token is invalid or expired.

{"error":"Unauthorized","status":401,"message":"Invalid OAuth token"}
[2026-07-24 12:09:01] CHANNEL REFRESH ERROR: Twitch user OAuth token is invalid or expired.

{"error":"Unauthorized","status":401,"message":"Invalid OAuth token"}
[2026-07-24 12:09:03] CHANNEL REFRESH ERROR: Twitch user OAuth token is invalid or expired.

{"error":"Unauthorized","status":401,"message":"Invalid OAuth token"}
[2026-07-24 12:09:05] CHANNEL REFRESH ERROR: Twitch user OAuth token is invalid or expired.

{"error":"Unauthorized","status":401,"message":"Invalid OAuth token"}
[2026-07-24 12:09:07] CHANNEL REFRESH ERROR: Twitch user OAuth token is invalid or expired.

{"error":"Unauthorized","status":401,"message":"Invalid OAuth token"}
[2026-07-24 12:09:09] CHANNEL REFRESH ERROR: Twitch user OAuth token is invalid or expired.

{"error":"Unauthorized","status":401,"message":"Invalid OAuth token"}
[2026-07-24 12:09:11] CHANNEL REFRESH ERROR: Twitch user OAuth token is invalid or expired.

{"error":"Unauthorized","status":401,"message":"Invalid OAuth token"}
[2026-07-24 12:09:13] CHANNEL REFRESH ERROR: Twitch user OAuth token is invalid or expired.

{"error":"Unauthorized","status":401,"message":"Invalid OAuth token"}
[2026-07-24 12:09:15] CHANNEL REFRESH ERROR: Twitch user OAuth token is invalid or expired.

{"error":"Unauthorized","status":401,"message":"Invalid OAuth token"}
[2026-07-24 12:09:17] CHANNEL REFRESH ERROR: Twitch user OAuth token is invalid or expired.

{"error":"Unauthorized","status":401,"message":"Invalid OAuth token"}
[2026-07-24 12:09:19] CHANNEL REFRESH ERROR: Twitch user OAuth token is invalid or expired.

{"error":"Unauthorized","status":401,"message":"Invalid OAuth token"}
[2026-07-24 12:09:21] CHANNEL REFRESH ERROR: Twitch user OAuth token is invalid or expired.

{"error":"Unauthorized","status":401,"message":"Invalid OAuth token"}
[2026-07-24 12:09:23] CHANNEL REFRESH ERROR: Twitch user OAuth token is invalid or expired.

{"error":"Unauthorized","status":401,"message":"Invalid OAuth token"}
[2026-07-24 12:09:25] CHANNEL REFRESH ERROR: Twitch user OAuth token is invalid or expired.

{"error":"Unauthorized","status":401,"message":"Invalid OAuth token"}
[2026-07-24 12:09:27] CHANNEL REFRESH ERROR: Twitch user OAuth token is invalid or expired.

{"error":"Unauthorized","status":401,"message":"Invalid OAuth token"}
[2026-07-24 12:09:29] CHANNEL REFRESH ERROR: Twitch user OAuth token is invalid or expired.

{"error":"Unauthorized","status":401,"message":"Invalid OAuth token"}
[2026-07-24 12:09:31] CHANNEL REFRESH ERROR: Twitch user OAuth token is invalid or expired.

{"error":"Unauthorized","status":401,"message":"Invalid OAuth token"}
[2026-07-24 12:09:33] CHANNEL REFRESH ERROR: Twitch user OAuth token is invalid or expired.

{"error":"Unauthorized","status":401,"message":"Invalid OAuth token"}
[2026-07-24 12:09:35] CHANNEL REFRESH ERROR: Twitch user OAuth token is invalid or expired.

{"error":"Unauthorized","status":401,"message":"Invalid OAuth token"}
[2026-07-24 12:09:37] CHANNEL REFRESH ERROR: Twitch user OAuth token is invalid or expired.

{"error":"Unauthorized","status":401,"message":"Invalid OAuth token"}
[2026-07-24 12:09:39] CHANNEL REFRESH ERROR: Twitch user OAuth token is invalid or expired.

{"error":"Unauthorized","status":401,"message":"Invalid OAuth token"}
[2026-07-24 12:09:41] CHANNEL REFRESH ERROR: Twitch user OAuth token is invalid or expired.

{"error":"Unauthorized","status":401,"message":"Invalid OAuth token"}
[2026-07-24 12:09:43] CHANNEL REFRESH ERROR: Twitch user OAuth token is invalid or expired.

{"error":"Unauthorized","status":401,"message":"Invalid OAuth token"}
[2026-07-24 12:09:45] CHANNEL REFRESH ERROR: Twitch user OAuth token is invalid or expired.

{"error":"Unauthorized","status":401,"message":"Invalid OAuth token"}
[2026-07-24 12:09:47] CHANNEL REFRESH ERROR: Twitch user OAuth token is invalid or expired.

{"error":"Unauthorized","status":401,"message":"Invalid OAuth token"}
[2026-07-24 12:09:49] CHANNEL REFRESH ERROR: Twitch user OAuth token is invalid or expired.

{"error":"Unauthorized","status":401,"message":"Invalid OAuth token"}
[2026-07-24 12:09:51] CHANNEL REFRESH ERROR: Twitch user OAuth token is invalid or expired.

{"error":"Unauthorized","status":401,"message":"Invalid OAuth token"}
[2026-07-24 12:09:53] CHANNEL REFRESH ERROR: Twitch user OAuth token is invalid or expired.

{"error":"Unauthorized","status":401,"message":"Invalid OAuth token"}
[2026-07-24 12:09:55] CHANNEL REFRESH ERROR: Twitch user OAuth token is invalid or expired.

{"error":"Unauthorized","status":401,"message":"Invalid OAuth token"}
[2026-07-24 12:09:57] CHANNEL REFRESH ERROR: Twitch user OAuth token is invalid or expired.

{"error":"Unauthorized","status":401,"message":"Invalid OAuth token"}
[2026-07-24 12:09:59] CHANNEL REFRESH ERROR: Twitch user OAuth token is invalid or expired.

{"error":"Unauthorized","status":401,"message":"Invalid OAuth token"}
[2026-07-24 12:10:01] CHANNEL REFRESH ERROR: Twitch user OAuth token is invalid or expired.

{"error":"Unauthorized","status":401,"message":"Invalid OAuth token"}
[2026-07-24 12:10:03] CHANNEL REFRESH ERROR: Twitch user OAuth token is invalid or expired.

{"error":"Unauthorized","status":401,"message":"Invalid OAuth token"}
[2026-07-24 12:10:05] CHANNEL REFRESH ERROR: Twitch user OAuth token is invalid or expired.

{"error":"Unauthorized","status":401,"message":"Invalid OAuth token"}
[2026-07-24 12:10:07] CHANNEL REFRESH ERROR: Twitch user OAuth token is invalid or expired.

{"error":"Unauthorized","status":401,"message":"Invalid OAuth token"}
[2026-07-24 12:10:09] CHANNEL REFRESH ERROR: Twitch user OAuth token is invalid or expired.

{"error":"Unauthorized","status":401,"message":"Invalid OAuth token"}
[2026-07-24 12:10:11] CHANNEL REFRESH ERROR: Twitch user OAuth token is invalid or expired.

{"error":"Unauthorized","status":401,"message":"Invalid OAuth token"}
[2026-07-24 12:10:13] CHANNEL REFRESH ERROR: Twitch user OAuth token is invalid or expired.

{"error":"Unauthorized","status":401,"message":"Invalid OAuth token"}
[2026-07-24 12:10:15] CHANNEL REFRESH ERROR: Twitch user OAuth token is invalid or expired.

{"error":"Unauthorized","status":401,"message":"Invalid OAuth token"}
[2026-07-24 12:10:17] CHANNEL REFRESH ERROR: Twitch user OAuth token is invalid or expired.

{"error":"Unauthorized","status":401,"message":"Invalid OAuth token"}
[2026-07-24 12:10:19] CHANNEL REFRESH ERROR: Twitch user OAuth token is invalid or expired.

{"error":"Unauthorized","status":401,"message":"Invalid OAuth token"}
[2026-07-24 12:10:21] CHANNEL REFRESH ERROR: Twitch user OAuth token is invalid or expired.

{"error":"Unauthorized","status":401,"message":"Invalid OAuth token"}
[2026-07-24 12:10:23] CHANNEL REFRESH ERROR: Twitch user OAuth token is invalid or expired.

{"error":"Unauthorized","status":401,"message":"Invalid OAuth token"}
[2026-07-24 12:10:25] CHANNEL REFRESH ERROR: Twitch user OAuth token is invalid or expired.

{"error":"Unauthorized","status":401,"message":"Invalid OAuth token"}
[2026-07-24 12:10:27] CHANNEL REFRESH ERROR: Twitch user OAuth token is invalid or expired.

{"error":"Unauthorized","status":401,"message":"Invalid OAuth token"}
[2026-07-24 12:10:29] CHANNEL REFRESH ERROR: Twitch user OAuth token is invalid or expired.

{"error":"Unauthorized","status":401,"message":"Invalid OAuth token"}
[2026-07-24 12:10:31] CHANNEL REFRESH ERROR: Twitch user OAuth token is invalid or expired.

{"error":"Unauthorized","status":401,"message":"Invalid OAuth token"}
[2026-07-24 12:10:33] CHANNEL REFRESH ERROR: Twitch user OAuth token is invalid or expired.

{"error":"Unauthorized","status":401,"message":"Invalid OAuth token"}
[2026-07-24 12:10:35] CHANNEL REFRESH ERROR: Twitch user OAuth token is invalid or expired.

{"error":"Unauthorized","status":401,"message":"Invalid OAuth token"}
[2026-07-24 12:10:37] CHANNEL REFRESH ERROR: Twitch user OAuth token is invalid or expired.

{"error":"Unauthorized","status":401,"message":"Invalid OAuth token"}
[2026-07-24 12:10:39] CHANNEL REFRESH ERROR: Twitch user OAuth token is invalid or expired.

{"error":"Unauthorized","status":401,"message":"Invalid OAuth token"}
[2026-07-24 12:10:41] CHANNEL REFRESH ERROR: Twitch user OAuth token is invalid or expired.

{"error":"Unauthorized","status":401,"message":"Invalid OAuth token"}
[2026-07-24 12:10:43] CHANNEL REFRESH ERROR: Twitch user OAuth token is invalid or expired.

{"error":"Unauthorized","status":401,"message":"Invalid OAuth token"}
[2026-07-24 12:10:45] CHANNEL REFRESH ERROR: Twitch user OAuth token is invalid or expired.

{"error":"Unauthorized","status":401,"message":"Invalid OAuth token"}
[2026-07-24 12:10:47] CHANNEL REFRESH ERROR: Twitch user OAuth token is invalid or expired.

{"error":"Unauthorized","status":401,"message":"Invalid OAuth token"}
[2026-07-24 12:10:49] CHANNEL REFRESH ERROR: Twitch user OAuth token is invalid or expired.

{"error":"Unauthorized","status":401,"message":"Invalid OAuth token"}
[2026-07-24 12:10:51] CHANNEL REFRESH ERROR: Twitch user OAuth token is invalid or expired.

{"error":"Unauthorized","status":401,"message":"Invalid OAuth token"}
[2026-07-24 12:10:53] CHANNEL REFRESH ERROR: Twitch user OAuth token is invalid or expired.

{"error":"Unauthorized","status":401,"message":"Invalid OAuth token"}
[2026-07-24 12:10:55] CHANNEL REFRESH ERROR: Twitch user OAuth token is invalid or expired.

{"error":"Unauthorized","status":401,"message":"Invalid OAuth token"}
[2026-07-24 12:10:57] CHANNEL REFRESH ERROR: Twitch user OAuth token is invalid or expired.

{"error":"Unauthorized","status":401,"message":"Invalid OAuth token"}
[2026-07-24 12:10:59] CHANNEL REFRESH ERROR: Twitch user OAuth token is invalid or expired.

{"error":"Unauthorized","status":401,"message":"Invalid OAuth token"}
[2026-07-24 12:11:01] CHANNEL REFRESH ERROR: Twitch user OAuth token is invalid or expired.

{"error":"Unauthorized","status":401,"message":"Invalid OAuth token"}
[2026-07-24 12:11:03] CHANNEL REFRESH ERROR: Twitch user OAuth token is invalid or expired.

{"error":"Unauthorized","status":401,"message":"Invalid OAuth token"}
[2026-07-24 12:11:05] CHANNEL REFRESH ERROR: Twitch user OAuth token is invalid or expired.

{"error":"Unauthorized","status":401,"message":"Invalid OAuth token"}
[2026-07-24 12:11:07] CHANNEL REFRESH ERROR: Twitch user OAuth token is invalid or expired.

{"error":"Unauthorized","status":401,"message":"Invalid OAuth token"}
[2026-07-24 12:11:09] CHANNEL REFRESH ERROR: Twitch user OAuth token is invalid or expired.

{"error":"Unauthorized","status":401,"message":"Invalid OAuth token"}
[2026-07-24 12:11:11] CHANNEL REFRESH ERROR: Twitch user OAuth token is invalid or expired.

{"error":"Unauthorized","status":401,"message":"Invalid OAuth token"}
[2026-07-24 12:11:13] CHANNEL REFRESH ERROR: Twitch user OAuth token is invalid or expired.

{"error":"Unauthorized","status":401,"message":"Invalid OAuth token"}
[2026-07-24 12:11:15] CHANNEL REFRESH ERROR: Twitch user OAuth token is invalid or expired.

{"error":"Unauthorized","status":401,"message":"Invalid OAuth token"}
[2026-07-24 12:11:17] CHANNEL REFRESH ERROR: Twitch user OAuth token is invalid or expired.

{"error":"Unauthorized","status":401,"message":"Invalid OAuth token"}
[2026-07-24 12:11:19] CHANNEL REFRESH ERROR: Twitch user OAuth token is invalid or expired.

{"error":"Unauthorized","status":401,"message":"Invalid OAuth token"}
[2026-07-24 12:11:21] CHANNEL REFRESH ERROR: Twitch user OAuth token is invalid or expired.

{"error":"Unauthorized","status":401,"message":"Invalid OAuth token"}
[2026-07-24 12:11:23] CHANNEL REFRESH ERROR: Twitch user OAuth token is invalid or expired.

{"error":"Unauthorized","status":401,"message":"Invalid OAuth token"}
[2026-07-24 12:11:25] CHANNEL REFRESH ERROR: Twitch user OAuth token is invalid or expired.

{"error":"Unauthorized","status":401,"message":"Invalid OAuth token"}
[2026-07-24 12:11:27] CHANNEL REFRESH ERROR: Twitch user OAuth token is invalid or expired.

{"error":"Unauthorized","status":401,"message":"Invalid OAuth token"}
[2026-07-24 12:11:29] CHANNEL REFRESH ERROR: Twitch user OAuth token is invalid or expired.

{"error":"Unauthorized","status":401,"message":"Invalid OAuth token"}
[2026-07-24 12:11:31] CHANNEL REFRESH ERROR: Twitch user OAuth token is invalid or expired.

{"error":"Unauthorized","status":401,"message":"Invalid OAuth token"}
[2026-07-24 12:11:33] CHANNEL REFRESH ERROR: Twitch user OAuth token is invalid or expired.

{"error":"Unauthorized","status":401,"message":"Invalid OAuth token"}
[2026-07-24 12:11:35] CHANNEL REFRESH ERROR: Twitch user OAuth token is invalid or expired.

{"error":"Unauthorized","status":401,"message":"Invalid OAuth token"}
[2026-07-24 12:11:37] CHANNEL REFRESH ERROR: Twitch user OAuth token is invalid or expired.

{"error":"Unauthorized","status":401,"message":"Invalid OAuth token"}
[2026-07-24 12:11:39] CHANNEL REFRESH ERROR: Twitch user OAuth token is invalid or expired.

{"error":"Unauthorized","status":401,"message":"Invalid OAuth token"}
[2026-07-24 12:11:41] CHANNEL REFRESH ERROR: Twitch user OAuth token is invalid or expired.

{"error":"Unauthorized","status":401,"message":"Invalid OAuth token"}
[2026-07-24 12:11:43] CHANNEL REFRESH ERROR: Twitch user OAuth token is invalid or expired.

{"error":"Unauthorized","status":401,"message":"Invalid OAuth token"}
[2026-07-24 12:11:45] CHANNEL REFRESH ERROR: Twitch user OAuth token is invalid or expired.

{"error":"Unauthorized","status":401,"message":"Invalid OAuth token"}
[2026-07-24 12:11:47] CHANNEL REFRESH ERROR: Twitch user OAuth token is invalid or expired.

{"error":"Unauthorized","status":401,"message":"Invalid OAuth token"}
[2026-07-24 12:11:49] CHANNEL REFRESH ERROR: Twitch user OAuth token is invalid or expired.

{"error":"Unauthorized","status":401,"message":"Invalid OAuth token"}
[2026-07-24 12:11:51] CHANNEL REFRESH ERROR: Twitch user OAuth token is invalid or expired.

{"error":"Unauthorized","status":401,"message":"Invalid OAuth token"}
[2026-07-24 12:11:53] CHANNEL REFRESH ERROR: Twitch user OAuth token is invalid or expired.

{"error":"Unauthorized","status":401,"message":"Invalid OAuth token"}
[2026-07-24 12:11:55] CHANNEL REFRESH ERROR: Twitch user OAuth token is invalid or expired.

{"error":"Unauthorized","status":401,"message":"Invalid OAuth token"}
[2026-07-24 12:11:57] CHANNEL REFRESH ERROR: Twitch user OAuth token is invalid or expired.

{"error":"Unauthorized","status":401,"message":"Invalid OAuth token"}
[2026-07-24 12:11:59] CHANNEL REFRESH ERROR: Twitch user OAuth token is invalid or expired.

{"error":"Unauthorized","status":401,"message":"Invalid OAuth token"}
[2026-07-24 12:12:01] CHANNEL REFRESH ERROR: Twitch user OAuth token is invalid or expired.

{"error":"Unauthorized","status":401,"message":"Invalid OAuth token"}
[2026-07-24 12:12:03] CHANNEL REFRESH ERROR: Twitch user OAuth token is invalid or expired.

{"error":"Unauthorized","status":401,"message":"Invalid OAuth token"}
[2026-07-24 12:12:05] CHANNEL REFRESH ERROR: Twitch user OAuth token is invalid or expired.

{"error":"Unauthorized","status":401,"message":"Invalid OAuth token"}
[2026-07-24 12:12:07] CHANNEL REFRESH ERROR: Twitch user OAuth token is invalid or expired.

{"error":"Unauthorized","status":401,"message":"Invalid OAuth token"}
[2026-07-24 12:12:09] CHANNEL REFRESH ERROR: Twitch user OAuth token is invalid or expired.

{"error":"Unauthorized","status":401,"message":"Invalid OAuth token"}
[2026-07-24 12:12:11] CHANNEL REFRESH ERROR: Twitch user OAuth token is invalid or expired.

{"error":"Unauthorized","status":401,"message":"Invalid OAuth token"}
[2026-07-24 12:12:13] CHANNEL REFRESH ERROR: Twitch user OAuth token is invalid or expired.

{"error":"Unauthorized","status":401,"message":"Invalid OAuth token"}
[2026-07-24 12:12:15] CHANNEL REFRESH ERROR: Twitch user OAuth token is invalid or expired.

{"error":"Unauthorized","status":401,"message":"Invalid OAuth token"}
[2026-07-24 12:12:17] CHANNEL REFRESH ERROR: Twitch user OAuth token is invalid or expired.

{"error":"Unauthorized","status":401,"message":"Invalid OAuth token"}
[2026-07-24 12:12:19] CHANNEL REFRESH ERROR: Twitch user OAuth token is invalid or expired.

{"error":"Unauthorized","status":401,"message":"Invalid OAuth token"}
[2026-07-24 12:12:21] CHANNEL REFRESH ERROR: Twitch user OAuth token is invalid or expired.

{"error":"Unauthorized","status":401,"message":"Invalid OAuth token"}
[2026-07-24 12:12:23] CHANNEL REFRESH ERROR: Twitch user OAuth token is invalid or expired.

{"error":"Unauthorized","status":401,"message":"Invalid OAuth token"}
[2026-07-24 12:12:26] CHANNEL REFRESH ERROR: Twitch user OAuth token is invalid or expired.

{"error":"Unauthorized","status":401,"message":"Invalid OAuth token"}
[2026-07-24 12:12:29] CHANNEL REFRESH ERROR: Twitch user OAuth token is invalid or expired.

{"error":"Unauthorized","status":401,"message":"Invalid OAuth token"}
[2026-07-24 12:12:31] CHANNEL REFRESH ERROR: Twitch user OAuth token is invalid or expired.

{"error":"Unauthorized","status":401,"message":"Invalid OAuth token"}
[2026-07-24 12:12:33] CHANNEL REFRESH ERROR: Twitch user OAuth token is invalid or expired.

{"error":"Unauthorized","status":401,"message":"Invalid OAuth token"}
[2026-07-24 12:12:36] CHANNEL REFRESH ERROR: Twitch user OAuth token is invalid or expired.

{"error":"Unauthorized","status":401,"message":"Invalid OAuth token"}
[2026-07-24 12:12:37] CHANNEL REFRESH ERROR: Twitch user OAuth token is invalid or expired.

{"error":"Unauthorized","status":401,"message":"Invalid OAuth token"}
[2026-07-24 12:12:39] CHANNEL REFRESH ERROR: Twitch user OAuth token is invalid or expired.

{"error":"Unauthorized","status":401,"message":"Invalid OAuth token"}
[2026-07-24 12:12:41] CHANNEL REFRESH ERROR: Twitch user OAuth token is invalid or expired.

{"error":"Unauthorized","status":401,"message":"Invalid OAuth token"}
[2026-07-24 12:12:43] CHANNEL REFRESH ERROR: Twitch user OAuth token is invalid or expired.

{"error":"Unauthorized","status":401,"message":"Invalid OAuth token"}
[2026-07-24 12:12:45] CHANNEL REFRESH ERROR: Twitch user OAuth token is invalid or expired.

{"error":"Unauthorized","status":401,"message":"Invalid OAuth token"}
[2026-07-24 12:12:47] CHANNEL REFRESH ERROR: Twitch user OAuth token is invalid or expired.

{"error":"Unauthorized","status":401,"message":"Invalid OAuth token"}
[2026-07-24 12:12:50] CHANNEL REFRESH ERROR: Twitch user OAuth token is invalid or expired.

{"error":"Unauthorized","status":401,"message":"Invalid OAuth token"}
[2026-07-24 12:12:51] CHANNEL REFRESH ERROR: Twitch user OAuth token is invalid or expired.

{"error":"Unauthorized","status":401,"message":"Invalid OAuth token"}
[2026-07-24 12:12:53] CHANNEL REFRESH ERROR: Twitch user OAuth token is invalid or expired.

{"error":"Unauthorized","status":401,"message":"Invalid OAuth token"}
[2026-07-24 12:12:55] CHANNEL REFRESH ERROR: Twitch user OAuth token is invalid or expired.

{"error":"Unauthorized","status":401,"message":"Invalid OAuth token"}
[2026-07-24 12:12:57] CHANNEL REFRESH ERROR: Twitch user OAuth token is invalid or expired.

{"error":"Unauthorized","status":401,"message":"Invalid OAuth token"}
[2026-07-24 12:12:59] CHANNEL REFRESH ERROR: Twitch user OAuth token is invalid or expired.

{"error":"Unauthorized","status":401,"message":"Invalid OAuth token"}
[2026-07-24 12:13:01] CHANNEL REFRESH ERROR: Twitch user OAuth token is invalid or expired.

{"error":"Unauthorized","status":401,"message":"Invalid OAuth token"}
[2026-07-24 12:13:03] CHANNEL REFRESH ERROR: Twitch user OAuth token is invalid or expired.

{"error":"Unauthorized","status":401,"message":"Invalid OAuth token"}
[2026-07-24 12:13:08] CHANNEL REFRESH ERROR: Twitch user OAuth token is invalid or expired.

{"error":"Unauthorized","status":401,"message":"Invalid OAuth token"}
[2026-07-24 12:13:09] CHANNEL REFRESH ERROR: Twitch user OAuth token is invalid or expired.

{"error":"Unauthorized","status":401,"message":"Invalid OAuth token"}
[2026-07-24 12:13:12] CHANNEL REFRESH ERROR: Twitch user OAuth token is invalid or expired.

{"error":"Unauthorized","status":401,"message":"Invalid OAuth token"}
[2026-07-24 12:13:16] CHANNEL REFRESH ERROR: Twitch user OAuth token is invalid or expired.

{"error":"Unauthorized","status":401,"message":"Invalid OAuth token"}
[2026-07-24 12:13:18] CHANNEL REFRESH ERROR: Twitch user OAuth token is invalid or expired.

{"error":"Unauthorized","status":401,"message":"Invalid OAuth token"}
[2026-07-24 12:13:19] CHANNEL REFRESH ERROR: Twitch user OAuth token is invalid or expired.

{"error":"Unauthorized","status":401,"message":"Invalid OAuth token"}
[2026-07-24 12:13:21] CHANNEL REFRESH ERROR: Twitch user OAuth token is invalid or expired.

{"error":"Unauthorized","status":401,"message":"Invalid OAuth token"}
[2026-07-24 12:13:23] CHANNEL REFRESH ERROR: Twitch user OAuth token is invalid or expired.

{"error":"Unauthorized","status":401,"message":"Invalid OAuth token"}
[2026-07-24 12:13:25] CHANNEL REFRESH ERROR: Twitch user OAuth token is invalid or expired.

{"error":"Unauthorized","status":401,"message":"Invalid OAuth token"}
[2026-07-24 12:13:27] CHANNEL REFRESH ERROR: Twitch user OAuth token is invalid or expired.

{"error":"Unauthorized","status":401,"message":"Invalid OAuth token"}
[2026-07-24 12:13:29] CHANNEL REFRESH ERROR: Twitch user OAuth token is invalid or expired.

{"error":"Unauthorized","status":401,"message":"Invalid OAuth token"}
[2026-07-24 12:13:31] CHANNEL REFRESH ERROR: Twitch user OAuth token is invalid or expired.

{"error":"Unauthorized","status":401,"message":"Invalid OAuth token"}
[2026-07-24 12:13:34] CHANNEL REFRESH ERROR: Twitch user OAuth token is invalid or expired.

{"error":"Unauthorized","status":401,"message":"Invalid OAuth token"}
[2026-07-24 12:13:38] CHANNEL REFRESH ERROR: Twitch user OAuth token is invalid or expired.

{"error":"Unauthorized","status":401,"message":"Invalid OAuth token"}
[2026-07-24 12:13:39] CHANNEL REFRESH ERROR: Twitch user OAuth token is invalid or expired.

{"error":"Unauthorized","status":401,"message":"Invalid OAuth token"}
[2026-07-24 12:13:42] CHANNEL REFRESH ERROR: Twitch user OAuth token is invalid or expired.

{"error":"Unauthorized","status":401,"message":"Invalid OAuth token"}
[2026-07-24 12:13:43] CHANNEL REFRESH ERROR: Twitch user OAuth token is invalid or expired.

{"error":"Unauthorized","status":401,"message":"Invalid OAuth token"}
[2026-07-24 12:13:45] CHANNEL REFRESH ERROR: Twitch user OAuth token is invalid or expired.

{"error":"Unauthorized","status":401,"message":"Invalid OAuth token"}
[2026-07-24 12:13:48] CHANNEL REFRESH ERROR: Twitch user OAuth token is invalid or expired.

{"error":"Unauthorized","status":401,"message":"Invalid OAuth token"}
[2026-07-24 12:13:51] CHANNEL REFRESH ERROR: Twitch user OAuth token is invalid or expired.

{"error":"Unauthorized","status":401,"message":"Invalid OAuth token"}
[2026-07-24 12:13:53] CHANNEL REFRESH ERROR: Twitch user OAuth token is invalid or expired.

{"error":"Unauthorized","status":401,"message":"Invalid OAuth token"}
[2026-07-24 12:13:55] CHANNEL REFRESH ERROR: Twitch user OAuth token is invalid or expired.

{"error":"Unauthorized","status":401,"message":"Invalid OAuth token"}
[2026-07-24 12:13:57] CHANNEL REFRESH ERROR: Twitch user OAuth token is invalid or expired.

{"error":"Unauthorized","status":401,"message":"Invalid OAuth token"}
[2026-07-24 12:13:59] CHANNEL REFRESH ERROR: Twitch user OAuth token is invalid or expired.

{"error":"Unauthorized","status":401,"message":"Invalid OAuth token"}
[2026-07-24 12:14:01] CHANNEL REFRESH ERROR: Twitch user OAuth token is invalid or expired.

{"error":"Unauthorized","status":401,"message":"Invalid OAuth token"}
[2026-07-24 12:14:03] CHANNEL REFRESH ERROR: Twitch user OAuth token is invalid or expired.

{"error":"Unauthorized","status":401,"message":"Invalid OAuth token"}
[2026-07-24 12:14:05] CHANNEL REFRESH ERROR: Twitch user OAuth token is invalid or expired.

{"error":"Unauthorized","status":401,"message":"Invalid OAuth token"}
[2026-07-24 12:14:07] CHANNEL REFRESH ERROR: Twitch user OAuth token is invalid or expired.

{"error":"Unauthorized","status":401,"message":"Invalid OAuth token"}
[2026-07-24 12:14:09] CHANNEL REFRESH ERROR: Twitch user OAuth token is invalid or expired.

{"error":"Unauthorized","status":401,"message":"Invalid OAuth token"}
[2026-07-24 12:14:11] CHANNEL REFRESH ERROR: Twitch user OAuth token is invalid or expired.

{"error":"Unauthorized","status":401,"message":"Invalid OAuth token"}
[2026-07-24 12:14:13] CHANNEL REFRESH ERROR: Twitch user OAuth token is invalid or expired.

{"error":"Unauthorized","status":401,"message":"Invalid OAuth token"}
[2026-07-24 12:14:15] CHANNEL REFRESH ERROR: Twitch user OAuth token is invalid or expired.

{"error":"Unauthorized","status":401,"message":"Invalid OAuth token"}
[2026-07-24 12:14:18] CHANNEL REFRESH ERROR: Twitch user OAuth token is invalid or expired.

{"error":"Unauthorized","status":401,"message":"Invalid OAuth token"}
[2026-07-24 12:14:20] CHANNEL REFRESH ERROR: Twitch user OAuth token is invalid or expired.

{"error":"Unauthorized","status":401,"message":"Invalid OAuth token"}
[2026-07-24 12:14:21] CHANNEL REFRESH ERROR: Twitch user OAuth token is invalid or expired.

{"error":"Unauthorized","status":401,"message":"Invalid OAuth token"}
[2026-07-24 12:14:23] CHANNEL REFRESH ERROR: Twitch user OAuth token is invalid or expired.

{"error":"Unauthorized","status":401,"message":"Invalid OAuth token"}
[2026-07-24 12:14:25] CHANNEL REFRESH ERROR: Twitch user OAuth token is invalid or expired.

{"error":"Unauthorized","status":401,"message":"Invalid OAuth token"}
[2026-07-24 12:14:27] CHANNEL REFRESH ERROR: Twitch user OAuth token is invalid or expired.

{"error":"Unauthorized","status":401,"message":"Invalid OAuth token"}
[2026-07-24 12:14:29] CHANNEL REFRESH ERROR: Twitch user OAuth token is invalid or expired.

{"error":"Unauthorized","status":401,"message":"Invalid OAuth token"}
[2026-07-24 12:14:33] CHANNEL REFRESH ERROR: Twitch user OAuth token is invalid or expired.

{"error":"Unauthorized","status":401,"message":"Invalid OAuth token"}
[2026-07-24 12:14:35] CHANNEL REFRESH ERROR: Twitch user OAuth token is invalid or expired.

{"error":"Unauthorized","status":401,"message":"Invalid OAuth token"}
[2026-07-24 12:14:38] CHANNEL REFRESH ERROR: Twitch user OAuth token is invalid or expired.

{"error":"Unauthorized","status":401,"message":"Invalid OAuth token"}
[2026-07-24 12:14:39] CHANNEL REFRESH ERROR: Twitch user OAuth token is invalid or expired.

{"error":"Unauthorized","status":401,"message":"Invalid OAuth token"}
[2026-07-24 12:14:41] CHANNEL REFRESH ERROR: Twitch user OAuth token is invalid or expired.

{"error":"Unauthorized","status":401,"message":"Invalid OAuth token"}
[2026-07-24 12:14:44] CHANNEL REFRESH ERROR: Twitch user OAuth token is invalid or expired.

{"error":"Unauthorized","status":401,"message":"Invalid OAuth token"}
[2026-07-24 12:14:45] CHANNEL REFRESH ERROR: Twitch user OAuth token is invalid or expired.

{"error":"Unauthorized","status":401,"message":"Invalid OAuth token"}
[2026-07-24 12:14:47] CHANNEL REFRESH ERROR: Twitch user OAuth token is invalid or expired.

{"error":"Unauthorized","status":401,"message":"Invalid OAuth token"}
[2026-07-24 12:14:49] CHANNEL REFRESH ERROR: Twitch user OAuth token is invalid or expired.

{"error":"Unauthorized","status":401,"message":"Invalid OAuth token"}
[2026-07-24 12:14:52] CHANNEL REFRESH ERROR: Twitch user OAuth token is invalid or expired.

{"error":"Unauthorized","status":401,"message":"Invalid OAuth token"}
[2026-07-24 12:14:53] CHANNEL REFRESH ERROR: Twitch user OAuth token is invalid or expired.

{"error":"Unauthorized","status":401,"message":"Invalid OAuth token"}
[2026-07-24 12:14:55] CHANNEL REFRESH ERROR: Twitch user OAuth token is invalid or expired.

{"error":"Unauthorized","status":401,"message":"Invalid OAuth token"}
[2026-07-24 12:14:57] CHANNEL REFRESH ERROR: Twitch user OAuth token is invalid or expired.

{"error":"Unauthorized","status":401,"message":"Invalid OAuth token"}
[2026-07-24 12:14:59] CHANNEL REFRESH ERROR: Twitch user OAuth token is invalid or expired.

{"error":"Unauthorized","status":401,"message":"Invalid OAuth token"}
[2026-07-24 12:15:01] CHANNEL REFRESH ERROR: Twitch user OAuth token is invalid or expired.

{"error":"Unauthorized","status":401,"message":"Invalid OAuth token"}
[2026-07-24 12:15:03] CHANNEL REFRESH ERROR: Twitch user OAuth token is invalid or expired.

{"error":"Unauthorized","status":401,"message":"Invalid OAuth token"}
[2026-07-24 12:15:05] CHANNEL REFRESH ERROR: Twitch user OAuth token is invalid or expired.

{"error":"Unauthorized","status":401,"message":"Invalid OAuth token"}
[2026-07-24 12:15:07] CHANNEL REFRESH ERROR: Twitch user OAuth token is invalid or expired.

{"error":"Unauthorized","status":401,"message":"Invalid OAuth token"}
[2026-07-24 12:15:09] CHANNEL REFRESH ERROR: Twitch user OAuth token is invalid or expired.

{"error":"Unauthorized","status":401,"message":"Invalid OAuth token"}
[2026-07-24 12:15:11] CHANNEL REFRESH ERROR: Twitch user OAuth token is invalid or expired.

{"error":"Unauthorized","status":401,"message":"Invalid OAuth token"}
[2026-07-24 12:15:13] CHANNEL REFRESH ERROR: Twitch user OAuth token is invalid or expired.

{"error":"Unauthorized","status":401,"message":"Invalid OAuth token"}
[2026-07-24 12:15:15] CHANNEL REFRESH ERROR: Twitch user OAuth token is invalid or expired.

{"error":"Unauthorized","status":401,"message":"Invalid OAuth token"}
[2026-07-24 12:15:17] CHANNEL REFRESH ERROR: Twitch user OAuth token is invalid or expired.

{"error":"Unauthorized","status":401,"message":"Invalid OAuth token"}
[2026-07-24 12:15:19] CHANNEL REFRESH ERROR: Twitch user OAuth token is invalid or expired.

{"error":"Unauthorized","status":401,"message":"Invalid OAuth token"}
[2026-07-24 12:15:21] CHANNEL REFRESH ERROR: Twitch user OAuth token is invalid or expired.

{"error":"Unauthorized","status":401,"message":"Invalid OAuth token"}
[2026-07-24 12:15:23] CHANNEL REFRESH ERROR: Twitch user OAuth token is invalid or expired.

{"error":"Unauthorized","status":401,"message":"Invalid OAuth token"}
[2026-07-24 12:15:25] CHANNEL REFRESH ERROR: Twitch user OAuth token is invalid or expired.

{"error":"Unauthorized","status":401,"message":"Invalid OAuth token"}
[2026-07-24 12:15:27] CHANNEL REFRESH ERROR: Twitch user OAuth token is invalid or expired.

{"error":"Unauthorized","status":401,"message":"Invalid OAuth token"}
[2026-07-24 12:15:29] CHANNEL REFRESH ERROR: Twitch user OAuth token is invalid or expired.

{"error":"Unauthorized","status":401,"message":"Invalid OAuth token"}
[2026-07-24 12:15:31] CHANNEL REFRESH ERROR: Twitch user OAuth token is invalid or expired.

{"error":"Unauthorized","status":401,"message":"Invalid OAuth token"}
[2026-07-24 12:15:33] CHANNEL REFRESH ERROR: Twitch user OAuth token is invalid or expired.

{"error":"Unauthorized","status":401,"message":"Invalid OAuth token"}
[2026-07-24 12:15:35] CHANNEL REFRESH ERROR: Twitch user OAuth token is invalid or expired.

{"error":"Unauthorized","status":401,"message":"Invalid OAuth token"}
[2026-07-24 12:15:37] CHANNEL REFRESH ERROR: Twitch user OAuth token is invalid or expired.

{"error":"Unauthorized","status":401,"message":"Invalid OAuth token"}
[2026-07-24 12:15:39] CHANNEL REFRESH ERROR: Twitch user OAuth token is invalid or expired.

{"error":"Unauthorized","status":401,"message":"Invalid OAuth token"}
[2026-07-24 12:15:41] CHANNEL REFRESH ERROR: Twitch user OAuth token is invalid or expired.

{"error":"Unauthorized","status":401,"message":"Invalid OAuth token"}
[2026-07-24 12:15:43] CHANNEL REFRESH ERROR: Twitch user OAuth token is invalid or expired.

{"error":"Unauthorized","status":401,"message":"Invalid OAuth token"}
[2026-07-24 12:15:45] CHANNEL REFRESH ERROR: Twitch user OAuth token is invalid or expired.

{"error":"Unauthorized","status":401,"message":"Invalid OAuth token"}
[2026-07-24 12:15:47] CHANNEL REFRESH ERROR: Twitch user OAuth token is invalid or expired.

{"error":"Unauthorized","status":401,"message":"Invalid OAuth token"}
[2026-07-24 12:15:49] CHANNEL REFRESH ERROR: Twitch user OAuth token is invalid or expired.

{"error":"Unauthorized","status":401,"message":"Invalid OAuth token"}
[2026-07-24 12:15:51] CHANNEL REFRESH ERROR: Twitch user OAuth token is invalid or expired.

{"error":"Unauthorized","status":401,"message":"Invalid OAuth token"}
[2026-07-24 12:15:53] CHANNEL REFRESH ERROR: Twitch user OAuth token is invalid or expired.

{"error":"Unauthorized","status":401,"message":"Invalid OAuth token"}
[2026-07-24 12:15:55] CHANNEL REFRESH ERROR: Twitch user OAuth token is invalid or expired.

{"error":"Unauthorized","status":401,"message":"Invalid OAuth token"}
[2026-07-24 12:15:57] CHANNEL REFRESH ERROR: Twitch user OAuth token is invalid or expired.

{"error":"Unauthorized","status":401,"message":"Invalid OAuth token"}
[2026-07-24 12:15:59] CHANNEL REFRESH ERROR: Twitch user OAuth token is invalid or expired.

{"error":"Unauthorized","status":401,"message":"Invalid OAuth token"}
[2026-07-24 12:16:01] CHANNEL REFRESH ERROR: Twitch user OAuth token is invalid or expired.

{"error":"Unauthorized","status":401,"message":"Invalid OAuth token"}
[2026-07-24 12:16:03] CHANNEL REFRESH ERROR: Twitch user OAuth token is invalid or expired.

{"error":"Unauthorized","status":401,"message":"Invalid OAuth token"}
[2026-07-24 12:16:05] CHANNEL REFRESH ERROR: Twitch user OAuth token is invalid or expired.

{"error":"Unauthorized","status":401,"message":"Invalid OAuth token"}
[2026-07-24 12:16:07] CHANNEL REFRESH ERROR: Twitch user OAuth token is invalid or expired.

{"error":"Unauthorized","status":401,"message":"Invalid OAuth token"}
[2026-07-24 12:16:09] CHANNEL REFRESH ERROR: Twitch user OAuth token is invalid or expired.

{"error":"Unauthorized","status":401,"message":"Invalid OAuth token"}
[2026-07-24 12:16:11] CHANNEL REFRESH ERROR: Twitch user OAuth token is invalid or expired.

{"error":"Unauthorized","status":401,"message":"Invalid OAuth token"}
[2026-07-24 12:16:13] CHANNEL REFRESH ERROR: Twitch user OAuth token is invalid or expired.

{"error":"Unauthorized","status":401,"message":"Invalid OAuth token"}
[2026-07-24 12:16:15] CHANNEL REFRESH ERROR: Twitch user OAuth token is invalid or expired.

{"error":"Unauthorized","status":401,"message":"Invalid OAuth token"}
[2026-07-24 12:16:17] CHANNEL REFRESH ERROR: Twitch user OAuth token is invalid or expired.

{"error":"Unauthorized","status":401,"message":"Invalid OAuth token"}
[2026-07-24 12:16:19] CHANNEL REFRESH ERROR: Twitch user OAuth token is invalid or expired.

{"error":"Unauthorized","status":401,"message":"Invalid OAuth token"}
[2026-07-24 12:16:21] CHANNEL REFRESH ERROR: Twitch user OAuth token is invalid or expired.

{"error":"Unauthorized","status":401,"message":"Invalid OAuth token"}
[2026-07-24 12:16:24] CHANNEL REFRESH ERROR: Twitch user OAuth token is invalid or expired.

{"error":"Unauthorized","status":401,"message":"Invalid OAuth token"}
[2026-07-24 12:16:25] CHANNEL REFRESH ERROR: Twitch user OAuth token is invalid or expired.

{"error":"Unauthorized","status":401,"message":"Invalid OAuth token"}
[2026-07-24 12:16:27] CHANNEL REFRESH ERROR: Twitch user OAuth token is invalid or expired.

{"error":"Unauthorized","status":401,"message":"Invalid OAuth token"}
[2026-07-24 12:16:29] CHANNEL REFRESH ERROR: Twitch user OAuth token is invalid or expired.

{"error":"Unauthorized","status":401,"message":"Invalid OAuth token"}
[2026-07-24 12:16:31] CHANNEL REFRESH ERROR: Twitch user OAuth token is invalid or expired.

{"error":"Unauthorized","status":401,"message":"Invalid OAuth token"}
[2026-07-24 12:16:33] CHANNEL REFRESH ERROR: Twitch user OAuth token is invalid or expired.

{"error":"Unauthorized","status":401,"message":"Invalid OAuth token"}
[2026-07-24 12:16:36] CHANNEL REFRESH ERROR: Twitch user OAuth token is invalid or expired.

{"error":"Unauthorized","status":401,"message":"Invalid OAuth token"}
[2026-07-24 12:16:38] CHANNEL REFRESH ERROR: Twitch user OAuth token is invalid or expired.

{"error":"Unauthorized","status":401,"message":"Invalid OAuth token"}
[2026-07-24 12:16:39] CHANNEL REFRESH ERROR: Twitch user OAuth token is invalid or expired.

{"error":"Unauthorized","status":401,"message":"Invalid OAuth token"}
[2026-07-24 12:16:41] CHANNEL REFRESH ERROR: Twitch user OAuth token is invalid or expired.

{"error":"Unauthorized","status":401,"message":"Invalid OAuth token"}
[2026-07-24 12:16:43] CHANNEL REFRESH ERROR: Twitch user OAuth token is invalid or expired.

{"error":"Unauthorized","status":401,"message":"Invalid OAuth token"}
[2026-07-24 12:16:45] CHANNEL REFRESH ERROR: Twitch user OAuth token is invalid or expired.

{"error":"Unauthorized","status":401,"message":"Invalid OAuth token"}
[2026-07-24 12:16:47] CHANNEL REFRESH ERROR: Twitch user OAuth token is invalid or expired.

{"error":"Unauthorized","status":401,"message":"Invalid OAuth token"}
[2026-07-24 12:16:49] CHANNEL REFRESH ERROR: Twitch user OAuth token is invalid or expired.

{"error":"Unauthorized","status":401,"message":"Invalid OAuth token"}
[2026-07-24 12:16:51] CHANNEL REFRESH ERROR: Twitch user OAuth token is invalid or expired.

{"error":"Unauthorized","status":401,"message":"Invalid OAuth token"}
[2026-07-24 12:16:53] CHANNEL REFRESH ERROR: Twitch user OAuth token is invalid or expired.

{"error":"Unauthorized","status":401,"message":"Invalid OAuth token"}
[2026-07-24 12:16:55] CHANNEL REFRESH ERROR: Twitch user OAuth token is invalid or expired.

{"error":"Unauthorized","status":401,"message":"Invalid OAuth token"}
[2026-07-24 12:16:57] CHANNEL REFRESH ERROR: Twitch user OAuth token is invalid or expired.

{"error":"Unauthorized","status":401,"message":"Invalid OAuth token"}
[2026-07-24 12:16:59] CHANNEL REFRESH ERROR: Twitch user OAuth token is invalid or expired.

{"error":"Unauthorized","status":401,"message":"Invalid OAuth token"}
[2026-07-24 12:17:01] CHANNEL REFRESH ERROR: Twitch user OAuth token is invalid or expired.

{"error":"Unauthorized","status":401,"message":"Invalid OAuth token"}
[2026-07-24 12:17:03] CHANNEL REFRESH ERROR: Twitch user OAuth token is invalid or expired.

{"error":"Unauthorized","status":401,"message":"Invalid OAuth token"}
[2026-07-24 12:17:05] CHANNEL REFRESH ERROR: Twitch user OAuth token is invalid or expired.

{"error":"Unauthorized","status":401,"message":"Invalid OAuth token"}
[2026-07-24 12:17:07] CHANNEL REFRESH ERROR: Twitch user OAuth token is invalid or expired.

{"error":"Unauthorized","status":401,"message":"Invalid OAuth token"}
[2026-07-24 12:17:09] CHANNEL REFRESH ERROR: Twitch user OAuth token is invalid or expired.

{"error":"Unauthorized","status":401,"message":"Invalid OAuth token"}
[2026-07-24 12:17:11] CHANNEL REFRESH ERROR: Twitch user OAuth token is invalid or expired.

{"error":"Unauthorized","status":401,"message":"Invalid OAuth token"}
[2026-07-24 12:17:14] CHANNEL REFRESH ERROR: Twitch user OAuth token is invalid or expired.

{"error":"Unauthorized","status":401,"message":"Invalid OAuth token"}
[2026-07-24 12:17:15] CHANNEL REFRESH ERROR: Twitch user OAuth token is invalid or expired.

{"error":"Unauthorized","status":401,"message":"Invalid OAuth token"}
[2026-07-24 12:17:17] CHANNEL REFRESH ERROR: Twitch user OAuth token is invalid or expired.

{"error":"Unauthorized","status":401,"message":"Invalid OAuth token"}
[2026-07-24 12:17:19] CHANNEL REFRESH ERROR: Twitch user OAuth token is invalid or expired.

{"error":"Unauthorized","status":401,"message":"Invalid OAuth token"}
[2026-07-24 12:17:21] CHANNEL REFRESH ERROR: Twitch user OAuth token is invalid or expired.

{"error":"Unauthorized","status":401,"message":"Invalid OAuth token"}
[2026-07-24 12:17:23] CHANNEL REFRESH ERROR: Twitch user OAuth token is invalid or expired.

{"error":"Unauthorized","status":401,"message":"Invalid OAuth token"}
[2026-07-24 12:17:25] CHANNEL REFRESH ERROR: Twitch user OAuth token is invalid or expired.

{"error":"Unauthorized","status":401,"message":"Invalid OAuth token"}
[2026-07-24 12:17:28] CHANNEL REFRESH ERROR: Twitch user OAuth token is invalid or expired.

{"error":"Unauthorized","status":401,"message":"Invalid OAuth token"}
[2026-07-24 12:17:29] CHANNEL REFRESH ERROR: Twitch user OAuth token is invalid or expired.

{"error":"Unauthorized","status":401,"message":"Invalid OAuth token"}
[2026-07-24 12:17:33] CHANNEL REFRESH ERROR: Twitch user OAuth token is invalid or expired.

{"error":"Unauthorized","status":401,"message":"Invalid OAuth token"}
[2026-07-24 12:17:35] CHANNEL REFRESH ERROR: Twitch user OAuth token is invalid or expired.

{"error":"Unauthorized","status":401,"message":"Invalid OAuth token"}
[2026-07-24 12:17:38] CHANNEL REFRESH ERROR: Twitch user OAuth token is invalid or expired.

{"error":"Unauthorized","status":401,"message":"Invalid OAuth token"}
[2026-07-24 12:17:39] CHANNEL REFRESH ERROR: Twitch user OAuth token is invalid or expired.

{"error":"Unauthorized","status":401,"message":"Invalid OAuth token"}
[2026-07-24 12:17:41] CHANNEL REFRESH ERROR: Twitch user OAuth token is invalid or expired.

{"error":"Unauthorized","status":401,"message":"Invalid OAuth token"}
[2026-07-24 12:17:43] CHANNEL REFRESH ERROR: Twitch user OAuth token is invalid or expired.

{"error":"Unauthorized","status":401,"message":"Invalid OAuth token"}
[2026-07-24 12:17:45] CHANNEL REFRESH ERROR: Twitch user OAuth token is invalid or expired.

{"error":"Unauthorized","status":401,"message":"Invalid OAuth token"}
[2026-07-24 12:17:47] CHANNEL REFRESH ERROR: Twitch user OAuth token is invalid or expired.

{"error":"Unauthorized","status":401,"message":"Invalid OAuth token"}
[2026-07-24 12:17:49] CHANNEL REFRESH ERROR: Twitch user OAuth token is invalid or expired.

{"error":"Unauthorized","status":401,"message":"Invalid OAuth token"}
[2026-07-24 12:17:51] CHANNEL REFRESH ERROR: Twitch user OAuth token is invalid or expired.

{"error":"Unauthorized","status":401,"message":"Invalid OAuth token"}
[2026-07-24 12:17:53] CHANNEL REFRESH ERROR: Twitch user OAuth token is invalid or expired.

{"error":"Unauthorized","status":401,"message":"Invalid OAuth token"}
[2026-07-24 12:17:55] CHANNEL REFRESH ERROR: Twitch user OAuth token is invalid or expired.

{"error":"Unauthorized","status":401,"message":"Invalid OAuth token"}
[2026-07-24 12:17:57] CHANNEL REFRESH ERROR: Twitch user OAuth token is invalid or expired.

{"error":"Unauthorized","status":401,"message":"Invalid OAuth token"}
[2026-07-24 12:17:59] CHANNEL REFRESH ERROR: Twitch user OAuth token is invalid or expired.

{"error":"Unauthorized","status":401,"message":"Invalid OAuth token"}
[2026-07-24 12:18:01] CHANNEL REFRESH ERROR: Twitch user OAuth token is invalid or expired.

{"error":"Unauthorized","status":401,"message":"Invalid OAuth token"}
[2026-07-24 12:18:03] CHANNEL REFRESH ERROR: Twitch user OAuth token is invalid or expired.

{"error":"Unauthorized","status":401,"message":"Invalid OAuth token"}
[2026-07-24 12:18:05] CHANNEL REFRESH ERROR: Twitch user OAuth token is invalid or expired.

{"error":"Unauthorized","status":401,"message":"Invalid OAuth token"}
[2026-07-24 12:18:07] CHANNEL REFRESH ERROR: Twitch user OAuth token is invalid or expired.

{"error":"Unauthorized","status":401,"message":"Invalid OAuth token"}
[2026-07-24 12:18:09] CHANNEL REFRESH ERROR: Twitch user OAuth token is invalid or expired.

{"error":"Unauthorized","status":401,"message":"Invalid OAuth token"}
[2026-07-24 12:18:11] CHANNEL REFRESH ERROR: Twitch user OAuth token is invalid or expired.

{"error":"Unauthorized","status":401,"message":"Invalid OAuth token"}
[2026-07-24 12:18:13] CHANNEL REFRESH ERROR: Twitch user OAuth token is invalid or expired.

{"error":"Unauthorized","status":401,"message":"Invalid OAuth token"}
[2026-07-24 12:18:15] CHANNEL REFRESH ERROR: Twitch user OAuth token is invalid or expired.

{"error":"Unauthorized","status":401,"message":"Invalid OAuth token"}
[2026-07-24 12:18:17] CHANNEL REFRESH ERROR: Twitch user OAuth token is invalid or expired.

{"error":"Unauthorized","status":401,"message":"Invalid OAuth token"}
[2026-07-24 12:18:19] CHANNEL REFRESH ERROR: Twitch user OAuth token is invalid or expired.

{"error":"Unauthorized","status":401,"message":"Invalid OAuth token"}
[2026-07-24 12:18:21] CHANNEL REFRESH ERROR: Twitch user OAuth token is invalid or expired.

{"error":"Unauthorized","status":401,"message":"Invalid OAuth token"}
[2026-07-24 12:18:23] CHANNEL REFRESH ERROR: Twitch user OAuth token is invalid or expired.

{"error":"Unauthorized","status":401,"message":"Invalid OAuth token"}
[2026-07-24 12:18:25] CHANNEL REFRESH ERROR: Twitch user OAuth token is invalid or expired.

{"error":"Unauthorized","status":401,"message":"Invalid OAuth token"}
[2026-07-24 12:18:27] CHANNEL REFRESH ERROR: Twitch user OAuth token is invalid or expired.

{"error":"Unauthorized","status":401,"message":"Invalid OAuth token"}
[2026-07-24 12:18:29] CHANNEL REFRESH ERROR: Twitch user OAuth token is invalid or expired.

{"error":"Unauthorized","status":401,"message":"Invalid OAuth token"}
[2026-07-24 12:18:31] CHANNEL REFRESH ERROR: Twitch user OAuth token is invalid or expired.

{"error":"Unauthorized","status":401,"message":"Invalid OAuth token"}
[2026-07-24 12:18:33] CHANNEL REFRESH ERROR: Twitch user OAuth token is invalid or expired.

{"error":"Unauthorized","status":401,"message":"Invalid OAuth token"}
[2026-07-24 12:18:35] CHANNEL REFRESH ERROR: Twitch user OAuth token is invalid or expired.

{"error":"Unauthorized","status":401,"message":"Invalid OAuth token"}
[2026-07-24 12:18:37] CHANNEL REFRESH ERROR: Twitch user OAuth token is invalid or expired.

{"error":"Unauthorized","status":401,"message":"Invalid OAuth token"}
[2026-07-24 12:18:39] CHANNEL REFRESH ERROR: Twitch user OAuth token is invalid or expired.

{"error":"Unauthorized","status":401,"message":"Invalid OAuth token"}
[2026-07-24 12:18:41] CHANNEL REFRESH ERROR: Twitch user OAuth token is invalid or expired.

{"error":"Unauthorized","status":401,"message":"Invalid OAuth token"}
[2026-07-24 12:18:43] CHANNEL REFRESH ERROR: Twitch user OAuth token is invalid or expired.

{"error":"Unauthorized","status":401,"message":"Invalid OAuth token"}
[2026-07-24 12:18:45] CHANNEL REFRESH ERROR: Twitch user OAuth token is invalid or expired.

{"error":"Unauthorized","status":401,"message":"Invalid OAuth token"}
[2026-07-24 12:18:47] CHANNEL REFRESH ERROR: Twitch user OAuth token is invalid or expired.

{"error":"Unauthorized","status":401,"message":"Invalid OAuth token"}
[2026-07-24 12:18:49] CHANNEL REFRESH ERROR: Twitch user OAuth token is invalid or expired.

{"error":"Unauthorized","status":401,"message":"Invalid OAuth token"}
[2026-07-24 12:18:51] CHANNEL REFRESH ERROR: Twitch user OAuth token is invalid or expired.

{"error":"Unauthorized","status":401,"message":"Invalid OAuth token"}
[2026-07-24 12:18:53] CHANNEL REFRESH ERROR: Twitch user OAuth token is invalid or expired.

{"error":"Unauthorized","status":401,"message":"Invalid OAuth token"}
[2026-07-24 12:18:55] CHANNEL REFRESH ERROR: Twitch user OAuth token is invalid or expired.

{"error":"Unauthorized","status":401,"message":"Invalid OAuth token"}
[2026-07-24 12:18:57] CHANNEL REFRESH ERROR: Twitch user OAuth token is invalid or expired.

{"error":"Unauthorized","status":401,"message":"Invalid OAuth token"}
[2026-07-24 12:18:59] CHANNEL REFRESH ERROR: Twitch user OAuth token is invalid or expired.

{"error":"Unauthorized","status":401,"message":"Invalid OAuth token"}
[2026-07-24 12:19:01] CHANNEL REFRESH ERROR: Twitch user OAuth token is invalid or expired.

{"error":"Unauthorized","status":401,"message":"Invalid OAuth token"}
[2026-07-24 12:19:03] CHANNEL REFRESH ERROR: Twitch user OAuth token is invalid or expired.

{"error":"Unauthorized","status":401,"message":"Invalid OAuth token"}
[2026-07-24 12:19:05] CHANNEL REFRESH ERROR: Twitch user OAuth token is invalid or expired.

{"error":"Unauthorized","status":401,"message":"Invalid OAuth token"}
[2026-07-24 12:19:07] CHANNEL REFRESH ERROR: Twitch user OAuth token is invalid or expired.

{"error":"Unauthorized","status":401,"message":"Invalid OAuth token"}
[2026-07-24 12:19:09] CHANNEL REFRESH ERROR: Twitch user OAuth token is invalid or expired.

{"error":"Unauthorized","status":401,"message":"Invalid OAuth token"}
[2026-07-24 12:19:11] CHANNEL REFRESH ERROR: Twitch user OAuth token is invalid or expired.

{"error":"Unauthorized","status":401,"message":"Invalid OAuth token"}
[2026-07-24 12:19:13] CHANNEL REFRESH ERROR: Twitch user OAuth token is invalid or expired.

{"error":"Unauthorized","status":401,"message":"Invalid OAuth token"}
[2026-07-24 12:19:15] CHANNEL REFRESH ERROR: Twitch user OAuth token is invalid or expired.

{"error":"Unauthorized","status":401,"message":"Invalid OAuth token"}
[2026-07-24 12:19:17] CHANNEL REFRESH ERROR: Twitch user OAuth token is invalid or expired.

{"error":"Unauthorized","status":401,"message":"Invalid OAuth token"}
[2026-07-24 12:19:19] CHANNEL REFRESH ERROR: Twitch user OAuth token is invalid or expired.

{"error":"Unauthorized","status":401,"message":"Invalid OAuth token"}
[2026-07-24 12:19:21] CHANNEL REFRESH ERROR: Twitch user OAuth token is invalid or expired.

{"error":"Unauthorized","status":401,"message":"Invalid OAuth token"}
[2026-07-24 12:19:23] CHANNEL REFRESH ERROR: Twitch user OAuth token is invalid or expired.

{"error":"Unauthorized","status":401,"message":"Invalid OAuth token"}
[2026-07-24 12:19:25] CHANNEL REFRESH ERROR: Twitch user OAuth token is invalid or expired.

{"error":"Unauthorized","status":401,"message":"Invalid OAuth token"}
[2026-07-24 12:19:27] CHANNEL REFRESH ERROR: Twitch user OAuth token is invalid or expired.

{"error":"Unauthorized","status":401,"message":"Invalid OAuth token"}
[2026-07-24 12:19:29] CHANNEL REFRESH ERROR: Twitch user OAuth token is invalid or expired.

{"error":"Unauthorized","status":401,"message":"Invalid OAuth token"}
[2026-07-24 12:19:32] CHANNEL REFRESH ERROR: Twitch user OAuth token is invalid or expired.

{"error":"Unauthorized","status":401,"message":"Invalid OAuth token"}
[2026-07-24 12:19:34] CHANNEL REFRESH ERROR: Twitch user OAuth token is invalid or expired.

{"error":"Unauthorized","status":401,"message":"Invalid OAuth token"}
[2026-07-24 12:19:37] CHANNEL REFRESH ERROR: Twitch user OAuth token is invalid or expired.

{"error":"Unauthorized","status":401,"message":"Invalid OAuth token"}
[2026-07-24 12:19:38] CHANNEL REFRESH ERROR: Twitch user OAuth token is invalid or expired.

{"error":"Unauthorized","status":401,"message":"Invalid OAuth token"}
[2026-07-24 12:19:39] CHANNEL REFRESH ERROR: Twitch user OAuth token is invalid or expired.

{"error":"Unauthorized","status":401,"message":"Invalid OAuth token"}
[2026-07-24 12:19:41] CHANNEL REFRESH ERROR: Twitch user OAuth token is invalid or expired.

{"error":"Unauthorized","status":401,"message":"Invalid OAuth token"}
[2026-07-24 12:19:44] CHANNEL REFRESH ERROR: Twitch user OAuth token is invalid or expired.

{"error":"Unauthorized","status":401,"message":"Invalid OAuth token"}
[2026-07-24 12:19:45] CHANNEL REFRESH ERROR: Twitch user OAuth token is invalid or expired.

{"error":"Unauthorized","status":401,"message":"Invalid OAuth token"}
[2026-07-24 12:19:49] CHANNEL REFRESH ERROR: Twitch user OAuth token is invalid or expired.

{"error":"Unauthorized","status":401,"message":"Invalid OAuth token"}
[2026-07-24 12:19:49] CHANNEL REFRESH ERROR: Twitch user OAuth token is invalid or expired.

{"error":"Unauthorized","status":401,"message":"Invalid OAuth token"}
[2026-07-24 12:19:51] CHANNEL REFRESH ERROR: Twitch user OAuth token is invalid or expired.

{"error":"Unauthorized","status":401,"message":"Invalid OAuth token"}
[2026-07-24 12:19:53] CHANNEL REFRESH ERROR: Twitch user OAuth token is invalid or expired.

{"error":"Unauthorized","status":401,"message":"Invalid OAuth token"}
[2026-07-24 12:19:55] CHANNEL REFRESH ERROR: Twitch user OAuth token is invalid or expired.

{"error":"Unauthorized","status":401,"message":"Invalid OAuth token"}
[2026-07-24 12:19:58] CHANNEL REFRESH ERROR: Twitch user OAuth token is invalid or expired.

{"error":"Unauthorized","status":401,"message":"Invalid OAuth token"}
[2026-07-24 12:20:00] CHANNEL REFRESH ERROR: Twitch user OAuth token is invalid or expired.

{"error":"Unauthorized","status":401,"message":"Invalid OAuth token"}
[2026-07-24 12:20:01] CHANNEL REFRESH ERROR: Twitch user OAuth token is invalid or expired.

{"error":"Unauthorized","status":401,"message":"Invalid OAuth token"}
[2026-07-24 12:20:03] CHANNEL REFRESH ERROR: Twitch user OAuth token is invalid or expired.

{"error":"Unauthorized","status":401,"message":"Invalid OAuth token"}
[2026-07-24 12:20:06] CHANNEL REFRESH ERROR: Twitch user OAuth token is invalid or expired.

{"error":"Unauthorized","status":401,"message":"Invalid OAuth token"}
[2026-07-24 12:20:08] CHANNEL REFRESH ERROR: Twitch user OAuth token is invalid or expired.

{"error":"Unauthorized","status":401,"message":"Invalid OAuth token"}
[2026-07-24 12:20:09] CHANNEL REFRESH ERROR: Twitch user OAuth token is invalid or expired.

{"error":"Unauthorized","status":401,"message":"Invalid OAuth token"}
[2026-07-24 12:20:11] CHANNEL REFRESH ERROR: Twitch user OAuth token is invalid or expired.

{"error":"Unauthorized","status":401,"message":"Invalid OAuth token"}
[2026-07-24 12:20:14] CHANNEL REFRESH ERROR: Twitch user OAuth token is invalid or expired.

{"error":"Unauthorized","status":401,"message":"Invalid OAuth token"}
[2026-07-24 12:20:16] CHANNEL REFRESH ERROR: Twitch user OAuth token is invalid or expired.

{"error":"Unauthorized","status":401,"message":"Invalid OAuth token"}
[2026-07-24 12:20:17] CHANNEL REFRESH ERROR: Twitch user OAuth token is invalid or expired.

{"error":"Unauthorized","status":401,"message":"Invalid OAuth token"}
[2026-07-24 12:20:19] CHANNEL REFRESH ERROR: Twitch user OAuth token is invalid or expired.

{"error":"Unauthorized","status":401,"message":"Invalid OAuth token"}
[2026-07-24 12:20:21] CHANNEL REFRESH ERROR: Twitch user OAuth token is invalid or expired.

{"error":"Unauthorized","status":401,"message":"Invalid OAuth token"}
[2026-07-24 12:20:23] CHANNEL REFRESH ERROR: Twitch user OAuth token is invalid or expired.

{"error":"Unauthorized","status":401,"message":"Invalid OAuth token"}
[2026-07-24 12:20:25] CHANNEL REFRESH ERROR: Twitch user OAuth token is invalid or expired.

{"error":"Unauthorized","status":401,"message":"Invalid OAuth token"}
[2026-07-24 12:20:27] CHANNEL REFRESH ERROR: Twitch user OAuth token is invalid or expired.

{"error":"Unauthorized","status":401,"message":"Invalid OAuth token"}
[2026-07-24 12:20:29] CHANNEL REFRESH ERROR: Twitch user OAuth token is invalid or expired.

{"error":"Unauthorized","status":401,"message":"Invalid OAuth token"}
[2026-07-24 12:20:31] CHANNEL REFRESH ERROR: Twitch user OAuth token is invalid or expired.

{"error":"Unauthorized","status":401,"message":"Invalid OAuth token"}
[2026-07-24 12:20:33] CHANNEL REFRESH ERROR: Twitch user OAuth token is invalid or expired.

{"error":"Unauthorized","status":401,"message":"Invalid OAuth token"}
[2026-07-24 12:20:36] CHANNEL REFRESH ERROR: Twitch user OAuth token is invalid or expired.

{"error":"Unauthorized","status":401,"message":"Invalid OAuth token"}
[2026-07-24 12:20:40] CHANNEL REFRESH ERROR: Twitch user OAuth token is invalid or expired.

{"error":"Unauthorized","status":401,"message":"Invalid OAuth token"}
[2026-07-24 12:20:41] CHANNEL REFRESH ERROR: Twitch user OAuth token is invalid or expired.

{"error":"Unauthorized","status":401,"message":"Invalid OAuth token"}
[2026-07-24 12:20:44] CHANNEL REFRESH ERROR: Twitch user OAuth token is invalid or expired.

{"error":"Unauthorized","status":401,"message":"Invalid OAuth token"}
[2026-07-24 12:20:45] CHANNEL REFRESH ERROR: Twitch user OAuth token is invalid or expired.

{"error":"Unauthorized","status":401,"message":"Invalid OAuth token"}
[2026-07-24 12:20:47] CHANNEL REFRESH ERROR: Twitch user OAuth token is invalid or expired.

{"error":"Unauthorized","status":401,"message":"Invalid OAuth token"}
[2026-07-24 12:20:49] CHANNEL REFRESH ERROR: Twitch user OAuth token is invalid or expired.

{"error":"Unauthorized","status":401,"message":"Invalid OAuth token"}
[2026-07-24 12:20:52] CHANNEL REFRESH ERROR: Twitch user OAuth token is invalid or expired.

{"error":"Unauthorized","status":401,"message":"Invalid OAuth token"}
[2026-07-24 12:20:53] CHANNEL REFRESH ERROR: Twitch user OAuth token is invalid or expired.

{"error":"Unauthorized","status":401,"message":"Invalid OAuth token"}
[2026-07-24 12:20:55] CHANNEL REFRESH ERROR: Twitch user OAuth token is invalid or expired.

{"error":"Unauthorized","status":401,"message":"Invalid OAuth token"}
[2026-07-24 12:20:57] CHANNEL REFRESH ERROR: Twitch user OAuth token is invalid or expired.

{"error":"Unauthorized","status":401,"message":"Invalid OAuth token"}
[2026-07-24 12:21:00] CHANNEL REFRESH ERROR: Twitch user OAuth token is invalid or expired.

{"error":"Unauthorized","status":401,"message":"Invalid OAuth token"}
[2026-07-24 12:21:01] CHANNEL REFRESH ERROR: Twitch user OAuth token is invalid or expired.

{"error":"Unauthorized","status":401,"message":"Invalid OAuth token"}
[2026-07-24 12:21:04] CHANNEL REFRESH ERROR: Twitch user OAuth token is invalid or expired.

{"error":"Unauthorized","status":401,"message":"Invalid OAuth token"}
[2026-07-24 12:21:05] CHANNEL REFRESH ERROR: Twitch user OAuth token is invalid or expired.

{"error":"Unauthorized","status":401,"message":"Invalid OAuth token"}
[2026-07-24 12:21:07] CHANNEL REFRESH ERROR: Twitch user OAuth token is invalid or expired.

{"error":"Unauthorized","status":401,"message":"Invalid OAuth token"}
[2026-07-24 12:21:09] CHANNEL REFRESH ERROR: Twitch user OAuth token is invalid or expired.

{"error":"Unauthorized","status":401,"message":"Invalid OAuth token"}
[2026-07-24 12:21:12] CHANNEL REFRESH ERROR: Twitch user OAuth token is invalid or expired.

{"error":"Unauthorized","status":401,"message":"Invalid OAuth token"}
[2026-07-24 12:21:13] CHANNEL REFRESH ERROR: Twitch user OAuth token is invalid or expired.

{"error":"Unauthorized","status":401,"message":"Invalid OAuth token"}
[2026-07-24 12:21:15] CHANNEL REFRESH ERROR: Twitch user OAuth token is invalid or expired.

{"error":"Unauthorized","status":401,"message":"Invalid OAuth token"}
[2026-07-24 12:21:17] CHANNEL REFRESH ERROR: Twitch user OAuth token is invalid or expired.

{"error":"Unauthorized","status":401,"message":"Invalid OAuth token"}
[2026-07-24 12:21:19] CHANNEL REFRESH ERROR: Twitch user OAuth token is invalid or expired.

{"error":"Unauthorized","status":401,"message":"Invalid OAuth token"}
[2026-07-24 12:21:22] CHANNEL REFRESH ERROR: Twitch user OAuth token is invalid or expired.

{"error":"Unauthorized","status":401,"message":"Invalid OAuth token"}
[2026-07-24 12:21:23] CHANNEL REFRESH ERROR: Twitch user OAuth token is invalid or expired.

{"error":"Unauthorized","status":401,"message":"Invalid OAuth token"}
[2026-07-24 12:21:26] CHANNEL REFRESH ERROR: Twitch user OAuth token is invalid or expired.

{"error":"Unauthorized","status":401,"message":"Invalid OAuth token"}
[2026-07-24 12:21:28] CHANNEL REFRESH ERROR: Twitch user OAuth token is invalid or expired.

{"error":"Unauthorized","status":401,"message":"Invalid OAuth token"}
[2026-07-24 12:21:29] CHANNEL REFRESH ERROR: Twitch user OAuth token is invalid or expired.

{"error":"Unauthorized","status":401,"message":"Invalid OAuth token"}
[2026-07-24 12:21:31] CHANNEL REFRESH ERROR: Twitch user OAuth token is invalid or expired.

{"error":"Unauthorized","status":401,"message":"Invalid OAuth token"}
[2026-07-24 12:21:34] CHANNEL REFRESH ERROR: Twitch user OAuth token is invalid or expired.

{"error":"Unauthorized","status":401,"message":"Invalid OAuth token"}
[2026-07-24 12:21:35] CHANNEL REFRESH ERROR: Twitch user OAuth token is invalid or expired.

{"error":"Unauthorized","status":401,"message":"Invalid OAuth token"}
[2026-07-24 12:21:38] CHANNEL REFRESH ERROR: Twitch user OAuth token is invalid or expired.

{"error":"Unauthorized","status":401,"message":"Invalid OAuth token"}
[2026-07-24 12:21:39] CHANNEL REFRESH ERROR: Twitch user OAuth token is invalid or expired.

{"error":"Unauthorized","status":401,"message":"Invalid OAuth token"}
[2026-07-24 12:21:41] CHANNEL REFRESH ERROR: Twitch user OAuth token is invalid or expired.

{"error":"Unauthorized","status":401,"message":"Invalid OAuth token"}
[2026-07-24 12:21:43] CHANNEL REFRESH ERROR: Twitch user OAuth token is invalid or expired.

{"error":"Unauthorized","status":401,"message":"Invalid OAuth token"}
[2026-07-24 12:21:45] CHANNEL REFRESH ERROR: Twitch user OAuth token is invalid or expired.

{"error":"Unauthorized","status":401,"message":"Invalid OAuth token"}
[2026-07-24 12:21:47] CHANNEL REFRESH ERROR: Twitch user OAuth token is invalid or expired.

{"error":"Unauthorized","status":401,"message":"Invalid OAuth token"}
[2026-07-24 12:21:49] CHANNEL REFRESH ERROR: Twitch user OAuth token is invalid or expired.

{"error":"Unauthorized","status":401,"message":"Invalid OAuth token"}
[2026-07-24 12:21:51] CHANNEL REFRESH ERROR: Twitch user OAuth token is invalid or expired.

{"error":"Unauthorized","status":401,"message":"Invalid OAuth token"}
[2026-07-24 12:21:54] CHANNEL REFRESH ERROR: Twitch user OAuth token is invalid or expired.

{"error":"Unauthorized","status":401,"message":"Invalid OAuth token"}
[2026-07-24 12:21:56] CHANNEL REFRESH ERROR: Twitch user OAuth token is invalid or expired.

{"error":"Unauthorized","status":401,"message":"Invalid OAuth token"}
[2026-07-24 12:21:57] CHANNEL REFRESH ERROR: Twitch user OAuth token is invalid or expired.

{"error":"Unauthorized","status":401,"message":"Invalid OAuth token"}
[2026-07-24 12:21:59] CHANNEL REFRESH ERROR: Twitch user OAuth token is invalid or expired.

{"error":"Unauthorized","status":401,"message":"Invalid OAuth token"}
[2026-07-24 12:22:01] CHANNEL REFRESH ERROR: Twitch user OAuth token is invalid or expired.

{"error":"Unauthorized","status":401,"message":"Invalid OAuth token"}
[2026-07-24 12:22:03] CHANNEL REFRESH ERROR: Twitch user OAuth token is invalid or expired.

{"error":"Unauthorized","status":401,"message":"Invalid OAuth token"}
[2026-07-24 12:22:06] CHANNEL REFRESH ERROR: Twitch user OAuth token is invalid or expired.

{"error":"Unauthorized","status":401,"message":"Invalid OAuth token"}
[2026-07-24 12:22:07] CHANNEL REFRESH ERROR: Twitch user OAuth token is invalid or expired.

{"error":"Unauthorized","status":401,"message":"Invalid OAuth token"}
[2026-07-24 12:22:09] CHANNEL REFRESH ERROR: Twitch user OAuth token is invalid or expired.

{"error":"Unauthorized","status":401,"message":"Invalid OAuth token"}
[2026-07-24 12:22:11] CHANNEL REFRESH ERROR: Twitch user OAuth token is invalid or expired.

{"error":"Unauthorized","status":401,"message":"Invalid OAuth token"}
[2026-07-24 12:22:15] CHANNEL REFRESH ERROR: Twitch user OAuth token is invalid or expired.

{"error":"Unauthorized","status":401,"message":"Invalid OAuth token"}
[2026-07-24 12:22:16] CHANNEL REFRESH ERROR: Twitch user OAuth token is invalid or expired.

{"error":"Unauthorized","status":401,"message":"Invalid OAuth token"}
[2026-07-24 12:22:17] CHANNEL REFRESH ERROR: Twitch user OAuth token is invalid or expired.

{"error":"Unauthorized","status":401,"message":"Invalid OAuth token"}
[2026-07-24 12:22:19] CHANNEL REFRESH ERROR: Twitch user OAuth token is invalid or expired.

{"error":"Unauthorized","status":401,"message":"Invalid OAuth token"}
[2026-07-24 12:22:21] CHANNEL REFRESH ERROR: Twitch user OAuth token is invalid or expired.

{"error":"Unauthorized","status":401,"message":"Invalid OAuth token"}
[2026-07-24 12:22:23] CHANNEL REFRESH ERROR: Twitch user OAuth token is invalid or expired.

{"error":"Unauthorized","status":401,"message":"Invalid OAuth token"}
[2026-07-24 12:22:25] CHANNEL REFRESH ERROR: Twitch user OAuth token is invalid or expired.

{"error":"Unauthorized","status":401,"message":"Invalid OAuth token"}
[2026-07-24 12:22:27] CHANNEL REFRESH ERROR: Twitch user OAuth token is invalid or expired.

{"error":"Unauthorized","status":401,"message":"Invalid OAuth token"}
[2026-07-24 12:22:29] CHANNEL REFRESH ERROR: Twitch user OAuth token is invalid or expired.

{"error":"Unauthorized","status":401,"message":"Invalid OAuth token"}
[2026-07-24 12:22:31] CHANNEL REFRESH ERROR: Twitch user OAuth token is invalid or expired.

{"error":"Unauthorized","status":401,"message":"Invalid OAuth token"}
[2026-07-24 12:22:33] CHANNEL REFRESH ERROR: Twitch user OAuth token is invalid or expired.

{"error":"Unauthorized","status":401,"message":"Invalid OAuth token"}
[2026-07-24 12:22:35] CHANNEL REFRESH ERROR: Twitch user OAuth token is invalid or expired.

{"error":"Unauthorized","status":401,"message":"Invalid OAuth token"}
[2026-07-24 12:22:37] CHANNEL REFRESH ERROR: Twitch user OAuth token is invalid or expired.

{"error":"Unauthorized","status":401,"message":"Invalid OAuth token"}
[2026-07-24 12:22:39] CHANNEL REFRESH ERROR: Twitch user OAuth token is invalid or expired.

{"error":"Unauthorized","status":401,"message":"Invalid OAuth token"}
[2026-07-24 12:22:41] CHANNEL REFRESH ERROR: Twitch user OAuth token is invalid or expired.

{"error":"Unauthorized","status":401,"message":"Invalid OAuth token"}
[2026-07-24 12:22:43] CHANNEL REFRESH ERROR: Twitch user OAuth token is invalid or expired.

{"error":"Unauthorized","status":401,"message":"Invalid OAuth token"}
[2026-07-24 12:22:45] CHANNEL REFRESH ERROR: Twitch user OAuth token is invalid or expired.

{"error":"Unauthorized","status":401,"message":"Invalid OAuth token"}
[2026-07-24 12:22:47] CHANNEL REFRESH ERROR: Twitch user OAuth token is invalid or expired.

{"error":"Unauthorized","status":401,"message":"Invalid OAuth token"}
[2026-07-24 12:22:49] CHANNEL REFRESH ERROR: Twitch user OAuth token is invalid or expired.

{"error":"Unauthorized","status":401,"message":"Invalid OAuth token"}
[2026-07-24 12:22:51] CHANNEL REFRESH ERROR: Twitch user OAuth token is invalid or expired.

{"error":"Unauthorized","status":401,"message":"Invalid OAuth token"}
[2026-07-24 12:22:53] CHANNEL REFRESH ERROR: Twitch user OAuth token is invalid or expired.

{"error":"Unauthorized","status":401,"message":"Invalid OAuth token"}
[2026-07-24 12:22:55] CHANNEL REFRESH ERROR: Twitch user OAuth token is invalid or expired.

{"error":"Unauthorized","status":401,"message":"Invalid OAuth token"}
[2026-07-24 12:22:57] CHANNEL REFRESH ERROR: Twitch user OAuth token is invalid or expired.

{"error":"Unauthorized","status":401,"message":"Invalid OAuth token"}
[2026-07-24 12:22:59] CHANNEL REFRESH ERROR: Twitch user OAuth token is invalid or expired.

{"error":"Unauthorized","status":401,"message":"Invalid OAuth token"}
[2026-07-24 12:23:01] CHANNEL REFRESH ERROR: Twitch user OAuth token is invalid or expired.

{"error":"Unauthorized","status":401,"message":"Invalid OAuth token"}
[2026-07-24 12:23:03] CHANNEL REFRESH ERROR: Twitch user OAuth token is invalid or expired.

{"error":"Unauthorized","status":401,"message":"Invalid OAuth token"}
[2026-07-24 12:23:05] CHANNEL REFRESH ERROR: Twitch user OAuth token is invalid or expired.

{"error":"Unauthorized","status":401,"message":"Invalid OAuth token"}
[2026-07-24 12:23:07] CHANNEL REFRESH ERROR: Twitch user OAuth token is invalid or expired.

{"error":"Unauthorized","status":401,"message":"Invalid OAuth token"}
[2026-07-24 12:23:10] CHANNEL REFRESH ERROR: Twitch user OAuth token is invalid or expired.

{"error":"Unauthorized","status":401,"message":"Invalid OAuth token"}
[2026-07-24 12:23:12] CHANNEL REFRESH ERROR: Twitch user OAuth token is invalid or expired.

{"error":"Unauthorized","status":401,"message":"Invalid OAuth token"}
[2026-07-24 12:23:13] CHANNEL REFRESH ERROR: Twitch user OAuth token is invalid or expired.

{"error":"Unauthorized","status":401,"message":"Invalid OAuth token"}
[2026-07-24 12:23:15] CHANNEL REFRESH ERROR: Twitch user OAuth token is invalid or expired.

{"error":"Unauthorized","status":401,"message":"Invalid OAuth token"}
[2026-07-24 12:23:17] CHANNEL REFRESH ERROR: Twitch user OAuth token is invalid or expired.

{"error":"Unauthorized","status":401,"message":"Invalid OAuth token"}
[2026-07-24 12:23:19] CHANNEL REFRESH ERROR: Twitch user OAuth token is invalid or expired.

{"error":"Unauthorized","status":401,"message":"Invalid OAuth token"}
[2026-07-24 12:23:21] CHANNEL REFRESH ERROR: Twitch user OAuth token is invalid or expired.

{"error":"Unauthorized","status":401,"message":"Invalid OAuth token"}
[2026-07-24 12:23:24] CHANNEL REFRESH ERROR: Twitch user OAuth token is invalid or expired.

{"error":"Unauthorized","status":401,"message":"Invalid OAuth token"}
[2026-07-24 12:23:25] CHANNEL REFRESH ERROR: Twitch user OAuth token is invalid or expired.

{"error":"Unauthorized","status":401,"message":"Invalid OAuth token"}
[2026-07-24 12:23:27] CHANNEL REFRESH ERROR: Twitch user OAuth token is invalid or expired.

{"error":"Unauthorized","status":401,"message":"Invalid OAuth token"}
[2026-07-24 12:23:29] CHANNEL REFRESH ERROR: Twitch user OAuth token is invalid or expired.

{"error":"Unauthorized","status":401,"message":"Invalid OAuth token"}
[2026-07-24 12:23:31] CHANNEL REFRESH ERROR: Twitch user OAuth token is invalid or expired.

{"error":"Unauthorized","status":401,"message":"Invalid OAuth token"}
[2026-07-24 12:23:33] CHANNEL REFRESH ERROR: Twitch user OAuth token is invalid or expired.

{"error":"Unauthorized","status":401,"message":"Invalid OAuth token"}
[2026-07-24 12:23:35] CHANNEL REFRESH ERROR: Twitch user OAuth token is invalid or expired.

{"error":"Unauthorized","status":401,"message":"Invalid OAuth token"}
[2026-07-24 12:23:37] CHANNEL REFRESH ERROR: Twitch user OAuth token is invalid or expired.

{"error":"Unauthorized","status":401,"message":"Invalid OAuth token"}
[2026-07-24 12:23:39] CHANNEL REFRESH ERROR: Twitch user OAuth token is invalid or expired.

{"error":"Unauthorized","status":401,"message":"Invalid OAuth token"}
[2026-07-24 12:23:41] CHANNEL REFRESH ERROR: Twitch user OAuth token is invalid or expired.

{"error":"Unauthorized","status":401,"message":"Invalid OAuth token"}
[2026-07-24 12:23:43] CHANNEL REFRESH ERROR: Twitch user OAuth token is invalid or expired.

{"error":"Unauthorized","status":401,"message":"Invalid OAuth token"}
[2026-07-24 12:23:45] CHANNEL REFRESH ERROR: Twitch user OAuth token is invalid or expired.

{"error":"Unauthorized","status":401,"message":"Invalid OAuth token"}
[2026-07-24 12:23:47] CHANNEL REFRESH ERROR: Twitch user OAuth token is invalid or expired.

{"error":"Unauthorized","status":401,"message":"Invalid OAuth token"}
[2026-07-24 12:23:49] CHANNEL REFRESH ERROR: Twitch user OAuth token is invalid or expired.

{"error":"Unauthorized","status":401,"message":"Invalid OAuth token"}
[2026-07-24 12:23:51] CHANNEL REFRESH ERROR: Twitch user OAuth token is invalid or expired.

{"error":"Unauthorized","status":401,"message":"Invalid OAuth token"}
[2026-07-24 12:23:53] CHANNEL REFRESH ERROR: Twitch user OAuth token is invalid or expired.

{"error":"Unauthorized","status":401,"message":"Invalid OAuth token"}
[2026-07-24 12:23:55] CHANNEL REFRESH ERROR: Twitch user OAuth token is invalid or expired.

{"error":"Unauthorized","status":401,"message":"Invalid OAuth token"}
[2026-07-24 12:23:57] CHANNEL REFRESH ERROR: Twitch user OAuth token is invalid or expired.

{"error":"Unauthorized","status":401,"message":"Invalid OAuth token"}
[2026-07-24 12:23:59] CHANNEL REFRESH ERROR: Twitch user OAuth token is invalid or expired.

{"error":"Unauthorized","status":401,"message":"Invalid OAuth token"}
[2026-07-24 12:24:01] CHANNEL REFRESH ERROR: Twitch user OAuth token is invalid or expired.

{"error":"Unauthorized","status":401,"message":"Invalid OAuth token"}
[2026-07-24 12:24:03] CHANNEL REFRESH ERROR: Twitch user OAuth token is invalid or expired.

{"error":"Unauthorized","status":401,"message":"Invalid OAuth token"}
[2026-07-24 12:24:05] CHANNEL REFRESH ERROR: Twitch user OAuth token is invalid or expired.

{"error":"Unauthorized","status":401,"message":"Invalid OAuth token"}
[2026-07-24 12:24:07] CHANNEL REFRESH ERROR: Twitch user OAuth token is invalid or expired.

{"error":"Unauthorized","status":401,"message":"Invalid OAuth token"}
[2026-07-24 12:24:09] CHANNEL REFRESH ERROR: Twitch user OAuth token is invalid or expired.

{"error":"Unauthorized","status":401,"message":"Invalid OAuth token"}
[2026-07-24 12:24:11] CHANNEL REFRESH ERROR: Twitch user OAuth token is invalid or expired.

{"error":"Unauthorized","status":401,"message":"Invalid OAuth token"}
[2026-07-24 12:24:13] CHANNEL REFRESH ERROR: Twitch user OAuth token is invalid or expired.

{"error":"Unauthorized","status":401,"message":"Invalid OAuth token"}
[2026-07-24 12:24:15] CHANNEL REFRESH ERROR: Twitch user OAuth token is invalid or expired.

{"error":"Unauthorized","status":401,"message":"Invalid OAuth token"}
[2026-07-24 12:24:17] CHANNEL REFRESH ERROR: Twitch user OAuth token is invalid or expired.

{"error":"Unauthorized","status":401,"message":"Invalid OAuth token"}
[2026-07-24 12:24:19] CHANNEL REFRESH ERROR: Twitch user OAuth token is invalid or expired.

{"error":"Unauthorized","status":401,"message":"Invalid OAuth token"}
[2026-07-24 12:24:21] CHANNEL REFRESH ERROR: Twitch user OAuth token is invalid or expired.

{"error":"Unauthorized","status":401,"message":"Invalid OAuth token"}
[2026-07-24 12:24:23] CHANNEL REFRESH ERROR: Twitch user OAuth token is invalid or expired.

{"error":"Unauthorized","status":401,"message":"Invalid OAuth token"}
[2026-07-24 12:24:26] CHANNEL REFRESH ERROR: Twitch user OAuth token is invalid or expired.

{"error":"Unauthorized","status":401,"message":"Invalid OAuth token"}
[2026-07-24 12:24:27] CHANNEL REFRESH ERROR: Twitch user OAuth token is invalid or expired.

{"error":"Unauthorized","status":401,"message":"Invalid OAuth token"}
[2026-07-24 12:24:29] CHANNEL REFRESH ERROR: Twitch user OAuth token is invalid or expired.

{"error":"Unauthorized","status":401,"message":"Invalid OAuth token"}
[2026-07-24 12:24:31] CHANNEL REFRESH ERROR: Twitch user OAuth token is invalid or expired.

{"error":"Unauthorized","status":401,"message":"Invalid OAuth token"}
[2026-07-24 12:24:33] CHANNEL REFRESH ERROR: Twitch user OAuth token is invalid or expired.

{"error":"Unauthorized","status":401,"message":"Invalid OAuth token"}
[2026-07-24 12:24:35] CHANNEL REFRESH ERROR: Twitch user OAuth token is invalid or expired.

{"error":"Unauthorized","status":401,"message":"Invalid OAuth token"}
[2026-07-24 12:24:37] CHANNEL REFRESH ERROR: Twitch user OAuth token is invalid or expired.

{"error":"Unauthorized","status":401,"message":"Invalid OAuth token"}
[2026-07-24 12:24:39] CHANNEL REFRESH ERROR: Twitch user OAuth token is invalid or expired.

{"error":"Unauthorized","status":401,"message":"Invalid OAuth token"}
[2026-07-24 12:24:41] CHANNEL REFRESH ERROR: Twitch user OAuth token is invalid or expired.

{"error":"Unauthorized","status":401,"message":"Invalid OAuth token"}
[2026-07-24 12:24:43] CHANNEL REFRESH ERROR: Twitch user OAuth token is invalid or expired.

{"error":"Unauthorized","status":401,"message":"Invalid OAuth token"}
[2026-07-24 12:24:45] CHANNEL REFRESH ERROR: Twitch user OAuth token is invalid or expired.

{"error":"Unauthorized","status":401,"message":"Invalid OAuth token"}
[2026-07-24 12:24:47] CHANNEL REFRESH ERROR: Twitch user OAuth token is invalid or expired.

{"error":"Unauthorized","status":401,"message":"Invalid OAuth token"}
[2026-07-24 12:24:49] CHANNEL REFRESH ERROR: Twitch user OAuth token is invalid or expired.

{"error":"Unauthorized","status":401,"message":"Invalid OAuth token"}
[2026-07-24 12:24:51] CHANNEL REFRESH ERROR: Twitch user OAuth token is invalid or expired.

{"error":"Unauthorized","status":401,"message":"Invalid OAuth token"}
[2026-07-24 12:24:53] CHANNEL REFRESH ERROR: Twitch user OAuth token is invalid or expired.

{"error":"Unauthorized","status":401,"message":"Invalid OAuth token"}
[2026-07-24 12:24:55] CHANNEL REFRESH ERROR: Twitch user OAuth token is invalid or expired.

{"error":"Unauthorized","status":401,"message":"Invalid OAuth token"}
[2026-07-24 12:24:57] CHANNEL REFRESH ERROR: Twitch user OAuth token is invalid or expired.

{"error":"Unauthorized","status":401,"message":"Invalid OAuth token"}
[2026-07-24 12:24:59] CHANNEL REFRESH ERROR: Twitch user OAuth token is invalid or expired.

{"error":"Unauthorized","status":401,"message":"Invalid OAuth token"}
[2026-07-24 12:25:01] CHANNEL REFRESH ERROR: Twitch user OAuth token is invalid or expired.

{"error":"Unauthorized","status":401,"message":"Invalid OAuth token"}
[2026-07-24 12:25:03] CHANNEL REFRESH ERROR: Twitch user OAuth token is invalid or expired.

{"error":"Unauthorized","status":401,"message":"Invalid OAuth token"}
[2026-07-24 12:25:05] CHANNEL REFRESH ERROR: Twitch user OAuth token is invalid or expired.

{"error":"Unauthorized","status":401,"message":"Invalid OAuth token"}
[2026-07-24 12:25:07] CHANNEL REFRESH ERROR: Twitch user OAuth token is invalid or expired.

{"error":"Unauthorized","status":401,"message":"Invalid OAuth token"}
[2026-07-24 12:25:09] CHANNEL REFRESH ERROR: Twitch user OAuth token is invalid or expired.

{"error":"Unauthorized","status":401,"message":"Invalid OAuth token"}
[2026-07-24 12:25:11] CHANNEL REFRESH ERROR: Twitch user OAuth token is invalid or expired.

{"error":"Unauthorized","status":401,"message":"Invalid OAuth token"}
[2026-07-24 12:25:13] CHANNEL REFRESH ERROR: Twitch user OAuth token is invalid or expired.

{"error":"Unauthorized","status":401,"message":"Invalid OAuth token"}
[2026-07-24 12:25:15] CHANNEL REFRESH ERROR: Twitch user OAuth token is invalid or expired.

{"error":"Unauthorized","status":401,"message":"Invalid OAuth token"}
[2026-07-24 12:25:19] CHANNEL REFRESH ERROR: Twitch user OAuth token is invalid or expired.

{"error":"Unauthorized","status":401,"message":"Invalid OAuth token"}
[2026-07-24 12:25:19] CHANNEL REFRESH ERROR: Twitch user OAuth token is invalid or expired.

{"error":"Unauthorized","status":401,"message":"Invalid OAuth token"}
[2026-07-24 12:25:21] CHANNEL REFRESH ERROR: Twitch user OAuth token is invalid or expired.

{"error":"Unauthorized","status":401,"message":"Invalid OAuth token"}
[2026-07-24 12:25:24] CHANNEL REFRESH ERROR: Twitch user OAuth token is invalid or expired.

{"error":"Unauthorized","status":401,"message":"Invalid OAuth token"}
[2026-07-24 12:25:25] CHANNEL REFRESH ERROR: Twitch user OAuth token is invalid or expired.

{"error":"Unauthorized","status":401,"message":"Invalid OAuth token"}
[2026-07-24 12:25:29] CHANNEL REFRESH ERROR: Twitch user OAuth token is invalid or expired.

{"error":"Unauthorized","status":401,"message":"Invalid OAuth token"}
[2026-07-24 12:25:29] CHANNEL REFRESH ERROR: Twitch user OAuth token is invalid or expired.

{"error":"Unauthorized","status":401,"message":"Invalid OAuth token"}
[2026-07-24 12:25:31] CHANNEL REFRESH ERROR: Twitch user OAuth token is invalid or expired.

{"error":"Unauthorized","status":401,"message":"Invalid OAuth token"}
[2026-07-24 12:25:33] CHANNEL REFRESH ERROR: Twitch user OAuth token is invalid or expired.

{"error":"Unauthorized","status":401,"message":"Invalid OAuth token"}
[2026-07-24 12:25:36] CHANNEL REFRESH ERROR: Twitch user OAuth token is invalid or expired.

{"error":"Unauthorized","status":401,"message":"Invalid OAuth token"}
[2026-07-24 12:25:37] CHANNEL REFRESH ERROR: Twitch user OAuth token is invalid or expired.

{"error":"Unauthorized","status":401,"message":"Invalid OAuth token"}
[2026-07-24 12:25:39] CHANNEL REFRESH ERROR: Twitch user OAuth token is invalid or expired.

{"error":"Unauthorized","status":401,"message":"Invalid OAuth token"}
[2026-07-24 12:25:41] CHANNEL REFRESH ERROR: Twitch user OAuth token is invalid or expired.

{"error":"Unauthorized","status":401,"message":"Invalid OAuth token"}
[2026-07-24 12:25:43] CHANNEL REFRESH ERROR: Twitch user OAuth token is invalid or expired.

{"error":"Unauthorized","status":401,"message":"Invalid OAuth token"}
[2026-07-24 12:25:46] CHANNEL REFRESH ERROR: Twitch user OAuth token is invalid or expired.

{"error":"Unauthorized","status":401,"message":"Invalid OAuth token"}
[2026-07-24 12:25:49] CHANNEL REFRESH ERROR: Twitch user OAuth token is invalid or expired.

{"error":"Unauthorized","status":401,"message":"Invalid OAuth token"}
[2026-07-24 12:25:49] CHANNEL REFRESH ERROR: Twitch user OAuth token is invalid or expired.

{"error":"Unauthorized","status":401,"message":"Invalid OAuth token"}
[2026-07-24 12:25:51] CHANNEL REFRESH ERROR: Twitch user OAuth token is invalid or expired.

{"error":"Unauthorized","status":401,"message":"Invalid OAuth token"}
[2026-07-24 12:25:53] CHANNEL REFRESH ERROR: Twitch user OAuth token is invalid or expired.

{"error":"Unauthorized","status":401,"message":"Invalid OAuth token"}
[2026-07-24 12:25:55] CHANNEL REFRESH ERROR: Twitch user OAuth token is invalid or expired.

{"error":"Unauthorized","status":401,"message":"Invalid OAuth token"}
[2026-07-24 12:25:57] CHANNEL REFRESH ERROR: Twitch user OAuth token is invalid or expired.

{"error":"Unauthorized","status":401,"message":"Invalid OAuth token"}
[2026-07-24 12:25:59] CHANNEL REFRESH ERROR: Twitch user OAuth token is invalid or expired.

{"error":"Unauthorized","status":401,"message":"Invalid OAuth token"}
[2026-07-24 12:26:01] CHANNEL REFRESH ERROR: Twitch user OAuth token is invalid or expired.

{"error":"Unauthorized","status":401,"message":"Invalid OAuth token"}
[2026-07-24 12:26:03] CHANNEL REFRESH ERROR: Twitch user OAuth token is invalid or expired.

{"error":"Unauthorized","status":401,"message":"Invalid OAuth token"}
[2026-07-24 12:26:06] CHANNEL REFRESH ERROR: Twitch user OAuth token is invalid or expired.

{"error":"Unauthorized","status":401,"message":"Invalid OAuth token"}
[2026-07-24 12:26:07] CHANNEL REFRESH ERROR: Twitch user OAuth token is invalid or expired.

{"error":"Unauthorized","status":401,"message":"Invalid OAuth token"}
[2026-07-24 12:26:10] CHANNEL REFRESH ERROR: Twitch user OAuth token is invalid or expired.

{"error":"Unauthorized","status":401,"message":"Invalid OAuth token"}
[2026-07-24 12:26:11] CHANNEL REFRESH ERROR: Twitch user OAuth token is invalid or expired.

{"error":"Unauthorized","status":401,"message":"Invalid OAuth token"}
[2026-07-24 12:26:14] CHANNEL REFRESH ERROR: Twitch user OAuth token is invalid or expired.

{"error":"Unauthorized","status":401,"message":"Invalid OAuth token"}
[2026-07-24 12:26:15] CHANNEL REFRESH ERROR: Twitch user OAuth token is invalid or expired.

{"error":"Unauthorized","status":401,"message":"Invalid OAuth token"}
[2026-07-24 12:26:17] CHANNEL REFRESH ERROR: Twitch user OAuth token is invalid or expired.

{"error":"Unauthorized","status":401,"message":"Invalid OAuth token"}
[2026-07-24 12:26:20] CHANNEL REFRESH ERROR: Twitch user OAuth token is invalid or expired.

{"error":"Unauthorized","status":401,"message":"Invalid OAuth token"}
[2026-07-24 12:26:21] CHANNEL REFRESH ERROR: Twitch user OAuth token is invalid or expired.

{"error":"Unauthorized","status":401,"message":"Invalid OAuth token"}
[2026-07-24 12:26:24] CHANNEL REFRESH ERROR: Twitch user OAuth token is invalid or expired.

{"error":"Unauthorized","status":401,"message":"Invalid OAuth token"}
[2026-07-24 12:26:26] CHANNEL REFRESH ERROR: Twitch user OAuth token is invalid or expired.

{"error":"Unauthorized","status":401,"message":"Invalid OAuth token"}
[2026-07-24 12:26:27] CHANNEL REFRESH ERROR: Twitch user OAuth token is invalid or expired.

{"error":"Unauthorized","status":401,"message":"Invalid OAuth token"}
[2026-07-24 12:26:31] CHANNEL REFRESH ERROR: Twitch user OAuth token is invalid or expired.

{"error":"Unauthorized","status":401,"message":"Invalid OAuth token"}
[2026-07-24 12:26:31] CHANNEL REFRESH ERROR: Twitch user OAuth token is invalid or expired.

{"error":"Unauthorized","status":401,"message":"Invalid OAuth token"}
[2026-07-24 12:26:34] CHANNEL REFRESH ERROR: Twitch user OAuth token is invalid or expired.

{"error":"Unauthorized","status":401,"message":"Invalid OAuth token"}
[2026-07-24 12:26:35] CHANNEL REFRESH ERROR: Twitch user OAuth token is invalid or expired.

{"error":"Unauthorized","status":401,"message":"Invalid OAuth token"}
[2026-07-24 12:26:37] CHANNEL REFRESH ERROR: Twitch user OAuth token is invalid or expired.

{"error":"Unauthorized","status":401,"message":"Invalid OAuth token"}
[2026-07-24 12:26:39] CHANNEL REFRESH ERROR: Twitch user OAuth token is invalid or expired.

{"error":"Unauthorized","status":401,"message":"Invalid OAuth token"}
[2026-07-24 12:26:41] CHANNEL REFRESH ERROR: Twitch user OAuth token is invalid or expired.

{"error":"Unauthorized","status":401,"message":"Invalid OAuth token"}
[2026-07-24 12:26:43] CHANNEL REFRESH ERROR: Twitch user OAuth token is invalid or expired.

{"error":"Unauthorized","status":401,"message":"Invalid OAuth token"}
[2026-07-24 12:26:45] CHANNEL REFRESH ERROR: Twitch user OAuth token is invalid or expired.

{"error":"Unauthorized","status":401,"message":"Invalid OAuth token"}
[2026-07-24 12:26:47] CHANNEL REFRESH ERROR: Twitch user OAuth token is invalid or expired.

{"error":"Unauthorized","status":401,"message":"Invalid OAuth token"}
[2026-07-24 12:26:49] CHANNEL REFRESH ERROR: Twitch user OAuth token is invalid or expired.

{"error":"Unauthorized","status":401,"message":"Invalid OAuth token"}
[2026-07-24 12:26:51] CHANNEL REFRESH ERROR: Twitch user OAuth token is invalid or expired.

{"error":"Unauthorized","status":401,"message":"Invalid OAuth token"}
[2026-07-24 12:26:53] CHANNEL REFRESH ERROR: Twitch user OAuth token is invalid or expired.

{"error":"Unauthorized","status":401,"message":"Invalid OAuth token"}
[2026-07-24 12:26:55] CHANNEL REFRESH ERROR: Twitch user OAuth token is invalid or expired.

{"error":"Unauthorized","status":401,"message":"Invalid OAuth token"}
[2026-07-24 12:26:57] CHANNEL REFRESH ERROR: Twitch user OAuth token is invalid or expired.

{"error":"Unauthorized","status":401,"message":"Invalid OAuth token"}
[2026-07-24 12:27:00] CHANNEL REFRESH ERROR: Twitch user OAuth token is invalid or expired.

{"error":"Unauthorized","status":401,"message":"Invalid OAuth token"}
[2026-07-24 12:27:01] CHANNEL REFRESH ERROR: Twitch user OAuth token is invalid or expired.

{"error":"Unauthorized","status":401,"message":"Invalid OAuth token"}
[2026-07-24 12:27:05] CHANNEL REFRESH ERROR: Twitch user OAuth token is invalid or expired.

{"error":"Unauthorized","status":401,"message":"Invalid OAuth token"}
[2026-07-24 12:27:05] CHANNEL REFRESH ERROR: Twitch user OAuth token is invalid or expired.

{"error":"Unauthorized","status":401,"message":"Invalid OAuth token"}
[2026-07-24 12:27:07] CHANNEL REFRESH ERROR: Twitch user OAuth token is invalid or expired.

{"error":"Unauthorized","status":401,"message":"Invalid OAuth token"}
[2026-07-24 12:27:09] CHANNEL REFRESH ERROR: Twitch user OAuth token is invalid or expired.

{"error":"Unauthorized","status":401,"message":"Invalid OAuth token"}
[2026-07-24 12:27:12] CHANNEL REFRESH ERROR: Twitch user OAuth token is invalid or expired.

{"error":"Unauthorized","status":401,"message":"Invalid OAuth token"}
[2026-07-24 12:27:13] CHANNEL REFRESH ERROR: Twitch user OAuth token is invalid or expired.

{"error":"Unauthorized","status":401,"message":"Invalid OAuth token"}
[2026-07-24 12:27:15] CHANNEL REFRESH ERROR: Twitch user OAuth token is invalid or expired.

{"error":"Unauthorized","status":401,"message":"Invalid OAuth token"}
[2026-07-24 12:27:17] CHANNEL REFRESH ERROR: Twitch user OAuth token is invalid or expired.

{"error":"Unauthorized","status":401,"message":"Invalid OAuth token"}
[2026-07-24 12:27:19] CHANNEL REFRESH ERROR: Twitch user OAuth token is invalid or expired.

{"error":"Unauthorized","status":401,"message":"Invalid OAuth token"}
[2026-07-24 12:27:22] CHANNEL REFRESH ERROR: Twitch user OAuth token is invalid or expired.

{"error":"Unauthorized","status":401,"message":"Invalid OAuth token"}
[2026-07-24 12:27:24] CHANNEL REFRESH ERROR: Twitch user OAuth token is invalid or expired.

{"error":"Unauthorized","status":401,"message":"Invalid OAuth token"}
[2026-07-24 12:27:25] CHANNEL REFRESH ERROR: Twitch user OAuth token is invalid or expired.

{"error":"Unauthorized","status":401,"message":"Invalid OAuth token"}
[2026-07-24 12:27:27] CHANNEL REFRESH ERROR: Twitch user OAuth token is invalid or expired.

{"error":"Unauthorized","status":401,"message":"Invalid OAuth token"}
[2026-07-24 12:27:29] CHANNEL REFRESH ERROR: Twitch user OAuth token is invalid or expired.

{"error":"Unauthorized","status":401,"message":"Invalid OAuth token"}
[2026-07-24 12:27:31] CHANNEL REFRESH ERROR: Twitch user OAuth token is invalid or expired.

{"error":"Unauthorized","status":401,"message":"Invalid OAuth token"}
[2026-07-24 12:27:34] CHANNEL REFRESH ERROR: Twitch user OAuth token is invalid or expired.

{"error":"Unauthorized","status":401,"message":"Invalid OAuth token"}
[2026-07-24 12:27:36] CHANNEL REFRESH ERROR: Twitch user OAuth token is invalid or expired.

{"error":"Unauthorized","status":401,"message":"Invalid OAuth token"}
[2026-07-24 12:27:37] CHANNEL REFRESH ERROR: Twitch user OAuth token is invalid or expired.

{"error":"Unauthorized","status":401,"message":"Invalid OAuth token"}
[2026-07-24 12:27:39] CHANNEL REFRESH ERROR: Twitch user OAuth token is invalid or expired.

{"error":"Unauthorized","status":401,"message":"Invalid OAuth token"}
[2026-07-24 12:27:41] CHANNEL REFRESH ERROR: Twitch user OAuth token is invalid or expired.

{"error":"Unauthorized","status":401,"message":"Invalid OAuth token"}
[2026-07-24 12:27:43] CHANNEL REFRESH ERROR: Twitch user OAuth token is invalid or expired.

{"error":"Unauthorized","status":401,"message":"Invalid OAuth token"}
[2026-07-24 12:27:45] CHANNEL REFRESH ERROR: Twitch user OAuth token is invalid or expired.

{"error":"Unauthorized","status":401,"message":"Invalid OAuth token"}
[2026-07-24 12:27:47] CHANNEL REFRESH ERROR: Twitch user OAuth token is invalid or expired.

{"error":"Unauthorized","status":401,"message":"Invalid OAuth token"}
[2026-07-24 12:27:49] CHANNEL REFRESH ERROR: Twitch user OAuth token is invalid or expired.

{"error":"Unauthorized","status":401,"message":"Invalid OAuth token"}
[2026-07-24 12:27:51] CHANNEL REFRESH ERROR: Twitch user OAuth token is invalid or expired.

{"error":"Unauthorized","status":401,"message":"Invalid OAuth token"}
[2026-07-24 12:27:54] CHANNEL REFRESH ERROR: Twitch user OAuth token is invalid or expired.

{"error":"Unauthorized","status":401,"message":"Invalid OAuth token"}
[2026-07-24 12:27:55] CHANNEL REFRESH ERROR: Twitch user OAuth token is invalid or expired.

{"error":"Unauthorized","status":401,"message":"Invalid OAuth token"}
[2026-07-24 12:27:57] CHANNEL REFRESH ERROR: Twitch user OAuth token is invalid or expired.

{"error":"Unauthorized","status":401,"message":"Invalid OAuth token"}
[2026-07-24 12:27:59] CHANNEL REFRESH ERROR: Twitch user OAuth token is invalid or expired.

{"error":"Unauthorized","status":401,"message":"Invalid OAuth token"}
[2026-07-24 12:28:01] CHANNEL REFRESH ERROR: Twitch user OAuth token is invalid or expired.

{"error":"Unauthorized","status":401,"message":"Invalid OAuth token"}
[2026-07-24 12:28:03] CHANNEL REFRESH ERROR: Twitch user OAuth token is invalid or expired.

{"error":"Unauthorized","status":401,"message":"Invalid OAuth token"}
[2026-07-24 12:28:05] CHANNEL REFRESH ERROR: Twitch user OAuth token is invalid or expired.

{"error":"Unauthorized","status":401,"message":"Invalid OAuth token"}
[2026-07-24 12:28:07] CHANNEL REFRESH ERROR: Twitch user OAuth token is invalid or expired.

{"error":"Unauthorized","status":401,"message":"Invalid OAuth token"}
[2026-07-24 12:28:09] CHANNEL REFRESH ERROR: Twitch user OAuth token is invalid or expired.

{"error":"Unauthorized","status":401,"message":"Invalid OAuth token"}
[2026-07-24 12:28:11] CHANNEL REFRESH ERROR: Twitch user OAuth token is invalid or expired.

{"error":"Unauthorized","status":401,"message":"Invalid OAuth token"}
[2026-07-24 12:28:13] CHANNEL REFRESH ERROR: Twitch user OAuth token is invalid or expired.

{"error":"Unauthorized","status":401,"message":"Invalid OAuth token"}
[2026-07-24 12:28:15] CHANNEL REFRESH ERROR: Twitch user OAuth token is invalid or expired.

{"error":"Unauthorized","status":401,"message":"Invalid OAuth token"}
[2026-07-24 12:28:18] CHANNEL REFRESH ERROR: Twitch user OAuth token is invalid or expired.

{"error":"Unauthorized","status":401,"message":"Invalid OAuth token"}
[2026-07-24 12:28:19] CHANNEL REFRESH ERROR: Twitch user OAuth token is invalid or expired.

{"error":"Unauthorized","status":401,"message":"Invalid OAuth token"}
[2026-07-24 12:28:21] CHANNEL REFRESH ERROR: Twitch user OAuth token is invalid or expired.

{"error":"Unauthorized","status":401,"message":"Invalid OAuth token"}
[2026-07-24 12:28:24] CHANNEL REFRESH ERROR: Twitch user OAuth token is invalid or expired.

{"error":"Unauthorized","status":401,"message":"Invalid OAuth token"}
[2026-07-24 12:28:25] CHANNEL REFRESH ERROR: Twitch user OAuth token is invalid or expired.

{"error":"Unauthorized","status":401,"message":"Invalid OAuth token"}
[2026-07-24 12:28:27] CHANNEL REFRESH ERROR: Twitch user OAuth token is invalid or expired.

{"error":"Unauthorized","status":401,"message":"Invalid OAuth token"}
[2026-07-24 12:28:29] CHANNEL REFRESH ERROR: Twitch user OAuth token is invalid or expired.

{"error":"Unauthorized","status":401,"message":"Invalid OAuth token"}
[2026-07-24 12:28:31] CHANNEL REFRESH ERROR: Twitch user OAuth token is invalid or expired.

{"error":"Unauthorized","status":401,"message":"Invalid OAuth token"}
[2026-07-24 12:28:33] CHANNEL REFRESH ERROR: Twitch user OAuth token is invalid or expired.

{"error":"Unauthorized","status":401,"message":"Invalid OAuth token"}
[2026-07-24 12:28:35] CHANNEL REFRESH ERROR: Twitch user OAuth token is invalid or expired.

{"error":"Unauthorized","status":401,"message":"Invalid OAuth token"}
[2026-07-24 12:28:38] CHANNEL REFRESH ERROR: Twitch user OAuth token is invalid or expired.

{"error":"Unauthorized","status":401,"message":"Invalid OAuth token"}
[2026-07-24 12:28:39] CHANNEL REFRESH ERROR: Twitch user OAuth token is invalid or expired.

{"error":"Unauthorized","status":401,"message":"Invalid OAuth token"}
[2026-07-24 12:28:41] CHANNEL REFRESH ERROR: Twitch user OAuth token is invalid or expired.

{"error":"Unauthorized","status":401,"message":"Invalid OAuth token"}
[2026-07-24 12:28:43] CHANNEL REFRESH ERROR: Twitch user OAuth token is invalid or expired.

{"error":"Unauthorized","status":401,"message":"Invalid OAuth token"}
[2026-07-24 12:28:45] CHANNEL REFRESH ERROR: Twitch user OAuth token is invalid or expired.

{"error":"Unauthorized","status":401,"message":"Invalid OAuth token"}
[2026-07-24 12:28:47] CHANNEL REFRESH ERROR: Twitch user OAuth token is invalid or expired.

{"error":"Unauthorized","status":401,"message":"Invalid OAuth token"}
[2026-07-24 12:28:49] CHANNEL REFRESH ERROR: Twitch user OAuth token is invalid or expired.

{"error":"Unauthorized","status":401,"message":"Invalid OAuth token"}
[2026-07-24 12:28:51] CHANNEL REFRESH ERROR: Twitch user OAuth token is invalid or expired.

{"error":"Unauthorized","status":401,"message":"Invalid OAuth token"}
[2026-07-24 12:28:53] CHANNEL REFRESH ERROR: Twitch user OAuth token is invalid or expired.

{"error":"Unauthorized","status":401,"message":"Invalid OAuth token"}
[2026-07-24 12:28:55] CHANNEL REFRESH ERROR: Twitch user OAuth token is invalid or expired.

{"error":"Unauthorized","status":401,"message":"Invalid OAuth token"}
[2026-07-24 12:28:57] CHANNEL REFRESH ERROR: Twitch user OAuth token is invalid or expired.

{"error":"Unauthorized","status":401,"message":"Invalid OAuth token"}
[2026-07-24 12:28:59] CHANNEL REFRESH ERROR: Twitch user OAuth token is invalid or expired.

{"error":"Unauthorized","status":401,"message":"Invalid OAuth token"}
[2026-07-24 12:29:01] CHANNEL REFRESH ERROR: Twitch user OAuth token is invalid or expired.

{"error":"Unauthorized","status":401,"message":"Invalid OAuth token"}
[2026-07-24 12:29:03] CHANNEL REFRESH ERROR: Twitch user OAuth token is invalid or expired.

{"error":"Unauthorized","status":401,"message":"Invalid OAuth token"}
[2026-07-24 12:29:05] CHANNEL REFRESH ERROR: Twitch user OAuth token is invalid or expired.

{"error":"Unauthorized","status":401,"message":"Invalid OAuth token"}
[2026-07-24 12:29:07] CHANNEL REFRESH ERROR: Twitch user OAuth token is invalid or expired.

{"error":"Unauthorized","status":401,"message":"Invalid OAuth token"}
[2026-07-24 12:29:09] CHANNEL REFRESH ERROR: Twitch user OAuth token is invalid or expired.

{"error":"Unauthorized","status":401,"message":"Invalid OAuth token"}
[2026-07-24 12:29:11] CHANNEL REFRESH ERROR: Twitch user OAuth token is invalid or expired.

{"error":"Unauthorized","status":401,"message":"Invalid OAuth token"}
[2026-07-24 12:29:13] CHANNEL REFRESH ERROR: Twitch user OAuth token is invalid or expired.

{"error":"Unauthorized","status":401,"message":"Invalid OAuth token"}
[2026-07-24 12:29:15] CHANNEL REFRESH ERROR: Twitch user OAuth token is invalid or expired.

{"error":"Unauthorized","status":401,"message":"Invalid OAuth token"}
[2026-07-24 12:29:17] CHANNEL REFRESH ERROR: Twitch user OAuth token is invalid or expired.

{"error":"Unauthorized","status":401,"message":"Invalid OAuth token"}
[2026-07-24 12:29:19] CHANNEL REFRESH ERROR: Twitch user OAuth token is invalid or expired.

{"error":"Unauthorized","status":401,"message":"Invalid OAuth token"}
[2026-07-24 12:29:21] CHANNEL REFRESH ERROR: Twitch user OAuth token is invalid or expired.

{"error":"Unauthorized","status":401,"message":"Invalid OAuth token"}
[2026-07-24 12:29:23] CHANNEL REFRESH ERROR: Twitch user OAuth token is invalid or expired.

{"error":"Unauthorized","status":401,"message":"Invalid OAuth token"}
[2026-07-24 12:29:25] CHANNEL REFRESH ERROR: Twitch user OAuth token is invalid or expired.

{"error":"Unauthorized","status":401,"message":"Invalid OAuth token"}
[2026-07-24 12:29:27] CHANNEL REFRESH ERROR: Twitch user OAuth token is invalid or expired.

{"error":"Unauthorized","status":401,"message":"Invalid OAuth token"}
[2026-07-24 12:29:29] CHANNEL REFRESH ERROR: Twitch user OAuth token is invalid or expired.

{"error":"Unauthorized","status":401,"message":"Invalid OAuth token"}
[2026-07-24 12:29:31] CHANNEL REFRESH ERROR: Twitch user OAuth token is invalid or expired.

{"error":"Unauthorized","status":401,"message":"Invalid OAuth token"}
[2026-07-24 12:29:33] CHANNEL REFRESH ERROR: Twitch user OAuth token is invalid or expired.

{"error":"Unauthorized","status":401,"message":"Invalid OAuth token"}
[2026-07-24 12:29:35] CHANNEL REFRESH ERROR: Twitch user OAuth token is invalid or expired.

{"error":"Unauthorized","status":401,"message":"Invalid OAuth token"}
[2026-07-24 12:29:37] CHANNEL REFRESH ERROR: Twitch user OAuth token is invalid or expired.

{"error":"Unauthorized","status":401,"message":"Invalid OAuth token"}
[2026-07-24 12:29:39] CHANNEL REFRESH ERROR: Twitch user OAuth token is invalid or expired.

{"error":"Unauthorized","status":401,"message":"Invalid OAuth token"}
[2026-07-24 12:29:41] CHANNEL REFRESH ERROR: Twitch user OAuth token is invalid or expired.

{"error":"Unauthorized","status":401,"message":"Invalid OAuth token"}
[2026-07-24 12:29:43] CHANNEL REFRESH ERROR: Twitch user OAuth token is invalid or expired.

{"error":"Unauthorized","status":401,"message":"Invalid OAuth token"}
[2026-07-24 12:29:45] CHANNEL REFRESH ERROR: Twitch user OAuth token is invalid or expired.

{"error":"Unauthorized","status":401,"message":"Invalid OAuth token"}
[2026-07-24 12:29:47] CHANNEL REFRESH ERROR: Twitch user OAuth token is invalid or expired.

{"error":"Unauthorized","status":401,"message":"Invalid OAuth token"}
[2026-07-24 12:29:49] CHANNEL REFRESH ERROR: Twitch user OAuth token is invalid or expired.

{"error":"Unauthorized","status":401,"message":"Invalid OAuth token"}
[2026-07-24 12:29:52] CHANNEL REFRESH ERROR: Twitch user OAuth token is invalid or expired.

{"error":"Unauthorized","status":401,"message":"Invalid OAuth token"}
[2026-07-24 12:29:54] CHANNEL REFRESH ERROR: Twitch user OAuth token is invalid or expired.

{"error":"Unauthorized","status":401,"message":"Invalid OAuth token"}
[2026-07-24 12:29:55] CHANNEL REFRESH ERROR: Twitch user OAuth token is invalid or expired.

{"error":"Unauthorized","status":401,"message":"Invalid OAuth token"}
[2026-07-24 12:29:57] CHANNEL REFRESH ERROR: Twitch user OAuth token is invalid or expired.

{"error":"Unauthorized","status":401,"message":"Invalid OAuth token"}
[2026-07-24 12:30:00] CHANNEL REFRESH ERROR: Twitch user OAuth token is invalid or expired.

{"error":"Unauthorized","status":401,"message":"Invalid OAuth token"}
[2026-07-24 12:30:01] CHANNEL REFRESH ERROR: Twitch user OAuth token is invalid or expired.

{"error":"Unauthorized","status":401,"message":"Invalid OAuth token"}
[2026-07-24 12:30:03] CHANNEL REFRESH ERROR: Twitch user OAuth token is invalid or expired.

{"error":"Unauthorized","status":401,"message":"Invalid OAuth token"}
[2026-07-24 12:30:06] CHANNEL REFRESH ERROR: Twitch user OAuth token is invalid or expired.

{"error":"Unauthorized","status":401,"message":"Invalid OAuth token"}
[2026-07-24 12:30:08] CHANNEL REFRESH ERROR: Twitch user OAuth token is invalid or expired.

{"error":"Unauthorized","status":401,"message":"Invalid OAuth token"}
[2026-07-24 12:30:09] CHANNEL REFRESH ERROR: Twitch user OAuth token is invalid or expired.

{"error":"Unauthorized","status":401,"message":"Invalid OAuth token"}
[2026-07-24 12:30:11] CHANNEL REFRESH ERROR: Twitch user OAuth token is invalid or expired.

{"error":"Unauthorized","status":401,"message":"Invalid OAuth token"}
[2026-07-24 12:30:13] CHANNEL REFRESH ERROR: Twitch user OAuth token is invalid or expired.

{"error":"Unauthorized","status":401,"message":"Invalid OAuth token"}
[2026-07-24 12:30:15] CHANNEL REFRESH ERROR: Twitch user OAuth token is invalid or expired.

{"error":"Unauthorized","status":401,"message":"Invalid OAuth token"}
[2026-07-24 12:30:17] CHANNEL REFRESH ERROR: Twitch user OAuth token is invalid or expired.

{"error":"Unauthorized","status":401,"message":"Invalid OAuth token"}
[2026-07-24 12:30:19] CHANNEL REFRESH ERROR: Twitch user OAuth token is invalid or expired.

{"error":"Unauthorized","status":401,"message":"Invalid OAuth token"}
[2026-07-24 12:30:21] CHANNEL REFRESH ERROR: Twitch user OAuth token is invalid or expired.

{"error":"Unauthorized","status":401,"message":"Invalid OAuth token"}
[2026-07-24 12:30:23] CHANNEL REFRESH ERROR: Twitch user OAuth token is invalid or expired.

{"error":"Unauthorized","status":401,"message":"Invalid OAuth token"}
[2026-07-24 12:30:25] CHANNEL REFRESH ERROR: Twitch user OAuth token is invalid or expired.

{"error":"Unauthorized","status":401,"message":"Invalid OAuth token"}
[2026-07-24 12:30:27] CHANNEL REFRESH ERROR: Twitch user OAuth token is invalid or expired.

{"error":"Unauthorized","status":401,"message":"Invalid OAuth token"}
[2026-07-24 12:30:29] CHANNEL REFRESH ERROR: Twitch user OAuth token is invalid or expired.

{"error":"Unauthorized","status":401,"message":"Invalid OAuth token"}
[2026-07-24 12:30:31] CHANNEL REFRESH ERROR: Twitch user OAuth token is invalid or expired.

{"error":"Unauthorized","status":401,"message":"Invalid OAuth token"}
[2026-07-24 12:30:33] CHANNEL REFRESH ERROR: Twitch user OAuth token is invalid or expired.

{"error":"Unauthorized","status":401,"message":"Invalid OAuth token"}
[2026-07-24 12:30:36] CHANNEL REFRESH ERROR: Twitch user OAuth token is invalid or expired.

{"error":"Unauthorized","status":401,"message":"Invalid OAuth token"}
[2026-07-24 12:30:37] CHANNEL REFRESH ERROR: Twitch user OAuth token is invalid or expired.

{"error":"Unauthorized","status":401,"message":"Invalid OAuth token"}
[2026-07-24 12:30:39] CHANNEL REFRESH ERROR: Twitch user OAuth token is invalid or expired.

{"error":"Unauthorized","status":401,"message":"Invalid OAuth token"}
[2026-07-24 12:30:41] CHANNEL REFRESH ERROR: Twitch user OAuth token is invalid or expired.

{"error":"Unauthorized","status":401,"message":"Invalid OAuth token"}
[2026-07-24 12:30:43] CHANNEL REFRESH ERROR: Twitch user OAuth token is invalid or expired.

{"error":"Unauthorized","status":401,"message":"Invalid OAuth token"}
[2026-07-24 12:30:45] CHANNEL REFRESH ERROR: Twitch user OAuth token is invalid or expired.

{"error":"Unauthorized","status":401,"message":"Invalid OAuth token"}
[2026-07-24 12:30:47] CHANNEL REFRESH ERROR: Twitch user OAuth token is invalid or expired.

{"error":"Unauthorized","status":401,"message":"Invalid OAuth token"}
[2026-07-24 12:30:49] CHANNEL REFRESH ERROR: Twitch user OAuth token is invalid or expired.

{"error":"Unauthorized","status":401,"message":"Invalid OAuth token"}
[2026-07-24 12:30:51] CHANNEL REFRESH ERROR: Twitch user OAuth token is invalid or expired.

{"error":"Unauthorized","status":401,"message":"Invalid OAuth token"}
[2026-07-24 12:30:53] CHANNEL REFRESH ERROR: Twitch user OAuth token is invalid or expired.

{"error":"Unauthorized","status":401,"message":"Invalid OAuth token"}
[2026-07-24 12:30:55] CHANNEL REFRESH ERROR: Twitch user OAuth token is invalid or expired.

{"error":"Unauthorized","status":401,"message":"Invalid OAuth token"}
[2026-07-24 12:30:57] CHANNEL REFRESH ERROR: Twitch user OAuth token is invalid or expired.

{"error":"Unauthorized","status":401,"message":"Invalid OAuth token"}
[2026-07-24 12:30:59] CHANNEL REFRESH ERROR: Twitch user OAuth token is invalid or expired.

{"error":"Unauthorized","status":401,"message":"Invalid OAuth token"}
[2026-07-24 12:31:01] CHANNEL REFRESH ERROR: Twitch user OAuth token is invalid or expired.

{"error":"Unauthorized","status":401,"message":"Invalid OAuth token"}
[2026-07-24 12:31:03] CHANNEL REFRESH ERROR: Twitch user OAuth token is invalid or expired.

{"error":"Unauthorized","status":401,"message":"Invalid OAuth token"}
[2026-07-24 12:31:05] CHANNEL REFRESH ERROR: Twitch user OAuth token is invalid or expired.

{"error":"Unauthorized","status":401,"message":"Invalid OAuth token"}
[2026-07-24 12:31:07] CHANNEL REFRESH ERROR: Twitch user OAuth token is invalid or expired.

{"error":"Unauthorized","status":401,"message":"Invalid OAuth token"}
[2026-07-24 12:31:09] CHANNEL REFRESH ERROR: Twitch user OAuth token is invalid or expired.

{"error":"Unauthorized","status":401,"message":"Invalid OAuth token"}
[2026-07-24 12:31:11] CHANNEL REFRESH ERROR: Twitch user OAuth token is invalid or expired.

{"error":"Unauthorized","status":401,"message":"Invalid OAuth token"}
[2026-07-24 12:31:13] CHANNEL REFRESH ERROR: Twitch user OAuth token is invalid or expired.

{"error":"Unauthorized","status":401,"message":"Invalid OAuth token"}
[2026-07-24 12:31:15] CHANNEL REFRESH ERROR: Twitch user OAuth token is invalid or expired.

{"error":"Unauthorized","status":401,"message":"Invalid OAuth token"}
[2026-07-24 12:31:17] CHANNEL REFRESH ERROR: Twitch user OAuth token is invalid or expired.

{"error":"Unauthorized","status":401,"message":"Invalid OAuth token"}
[2026-07-24 12:31:19] CHANNEL REFRESH ERROR: Twitch user OAuth token is invalid or expired.

{"error":"Unauthorized","status":401,"message":"Invalid OAuth token"}
[2026-07-24 12:31:21] CHANNEL REFRESH ERROR: Twitch user OAuth token is invalid or expired.

{"error":"Unauthorized","status":401,"message":"Invalid OAuth token"}
[2026-07-24 12:31:23] CHANNEL REFRESH ERROR: Twitch user OAuth token is invalid or expired.

{"error":"Unauthorized","status":401,"message":"Invalid OAuth token"}
[2026-07-24 12:31:25] CHANNEL REFRESH ERROR: Twitch user OAuth token is invalid or expired.

{"error":"Unauthorized","status":401,"message":"Invalid OAuth token"}
[2026-07-24 12:31:27] CHANNEL REFRESH ERROR: Twitch user OAuth token is invalid or expired.

{"error":"Unauthorized","status":401,"message":"Invalid OAuth token"}
[2026-07-24 12:31:29] CHANNEL REFRESH ERROR: Twitch user OAuth token is invalid or expired.

{"error":"Unauthorized","status":401,"message":"Invalid OAuth token"}
[2026-07-24 12:31:31] CHANNEL REFRESH ERROR: Twitch user OAuth token is invalid or expired.

{"error":"Unauthorized","status":401,"message":"Invalid OAuth token"}
[2026-07-24 12:31:33] CHANNEL REFRESH ERROR: Twitch user OAuth token is invalid or expired.

{"error":"Unauthorized","status":401,"message":"Invalid OAuth token"}
[2026-07-24 12:31:36] CHANNEL REFRESH ERROR: Twitch user OAuth token is invalid or expired.

{"error":"Unauthorized","status":401,"message":"Invalid OAuth token"}
[2026-07-24 12:31:38] CHANNEL REFRESH ERROR: Twitch user OAuth token is invalid or expired.

{"error":"Unauthorized","status":401,"message":"Invalid OAuth token"}
[2026-07-24 12:31:40] CHANNEL REFRESH ERROR: Twitch user OAuth token is invalid or expired.

{"error":"Unauthorized","status":401,"message":"Invalid OAuth token"}
[2026-07-24 12:31:42] CHANNEL REFRESH ERROR: Twitch user OAuth token is invalid or expired.

{"error":"Unauthorized","status":401,"message":"Invalid OAuth token"}
[2026-07-24 12:31:43] CHANNEL REFRESH ERROR: Twitch user OAuth token is invalid or expired.

{"error":"Unauthorized","status":401,"message":"Invalid OAuth token"}
[2026-07-24 12:31:45] CHANNEL REFRESH ERROR: Twitch user OAuth token is invalid or expired.

{"error":"Unauthorized","status":401,"message":"Invalid OAuth token"}
[2026-07-24 12:31:47] CHANNEL REFRESH ERROR: Twitch user OAuth token is invalid or expired.

{"error":"Unauthorized","status":401,"message":"Invalid OAuth token"}
[2026-07-24 12:31:50] CHANNEL REFRESH ERROR: Twitch user OAuth token is invalid or expired.

{"error":"Unauthorized","status":401,"message":"Invalid OAuth token"}
[2026-07-24 12:31:51] CHANNEL REFRESH ERROR: Twitch user OAuth token is invalid or expired.

{"error":"Unauthorized","status":401,"message":"Invalid OAuth token"}
[2026-07-24 12:31:53] CHANNEL REFRESH ERROR: Twitch user OAuth token is invalid or expired.

{"error":"Unauthorized","status":401,"message":"Invalid OAuth token"}
[2026-07-24 12:31:55] CHANNEL REFRESH ERROR: Twitch user OAuth token is invalid or expired.

{"error":"Unauthorized","status":401,"message":"Invalid OAuth token"}
[2026-07-24 12:31:57] CHANNEL REFRESH ERROR: Twitch user OAuth token is invalid or expired.

{"error":"Unauthorized","status":401,"message":"Invalid OAuth token"}
[2026-07-24 12:32:00] CHANNEL REFRESH ERROR: Twitch user OAuth token is invalid or expired.

{"error":"Unauthorized","status":401,"message":"Invalid OAuth token"}
[2026-07-24 12:32:02] CHANNEL REFRESH ERROR: Twitch user OAuth token is invalid or expired.

{"error":"Unauthorized","status":401,"message":"Invalid OAuth token"}
[2026-07-24 12:32:03] CHANNEL REFRESH ERROR: Twitch user OAuth token is invalid or expired.

{"error":"Unauthorized","status":401,"message":"Invalid OAuth token"}
[2026-07-24 12:32:06] CHANNEL REFRESH ERROR: Twitch user OAuth token is invalid or expired.

{"error":"Unauthorized","status":401,"message":"Invalid OAuth token"}
[2026-07-24 12:32:07] CHANNEL REFRESH ERROR: Twitch user OAuth token is invalid or expired.

{"error":"Unauthorized","status":401,"message":"Invalid OAuth token"}
[2026-07-24 12:32:09] CHANNEL REFRESH ERROR: Twitch user OAuth token is invalid or expired.

{"error":"Unauthorized","status":401,"message":"Invalid OAuth token"}
[2026-07-24 12:32:12] CHANNEL REFRESH ERROR: Twitch user OAuth token is invalid or expired.

{"error":"Unauthorized","status":401,"message":"Invalid OAuth token"}
[2026-07-24 12:32:13] CHANNEL REFRESH ERROR: Twitch user OAuth token is invalid or expired.

{"error":"Unauthorized","status":401,"message":"Invalid OAuth token"}
[2026-07-24 12:32:15] CHANNEL REFRESH ERROR: Twitch user OAuth token is invalid or expired.

{"error":"Unauthorized","status":401,"message":"Invalid OAuth token"}
[2026-07-24 12:32:18] CHANNEL REFRESH ERROR: Twitch user OAuth token is invalid or expired.

{"error":"Unauthorized","status":401,"message":"Invalid OAuth token"}
[2026-07-24 12:32:19] CHANNEL REFRESH ERROR: Twitch user OAuth token is invalid or expired.

{"error":"Unauthorized","status":401,"message":"Invalid OAuth token"}
[2026-07-24 12:32:21] CHANNEL REFRESH ERROR: Twitch user OAuth token is invalid or expired.

{"error":"Unauthorized","status":401,"message":"Invalid OAuth token"}
[2026-07-24 12:32:23] CHANNEL REFRESH ERROR: Twitch user OAuth token is invalid or expired.

{"error":"Unauthorized","status":401,"message":"Invalid OAuth token"}
[2026-07-24 12:32:25] CHANNEL REFRESH ERROR: Twitch user OAuth token is invalid or expired.

{"error":"Unauthorized","status":401,"message":"Invalid OAuth token"}
[2026-07-24 12:32:27] CHANNEL REFRESH ERROR: Twitch user OAuth token is invalid or expired.

{"error":"Unauthorized","status":401,"message":"Invalid OAuth token"}
[2026-07-24 12:32:30] CHANNEL REFRESH ERROR: Twitch user OAuth token is invalid or expired.

{"error":"Unauthorized","status":401,"message":"Invalid OAuth token"}
[2026-07-24 12:32:31] CHANNEL REFRESH ERROR: Twitch user OAuth token is invalid or expired.

{"error":"Unauthorized","status":401,"message":"Invalid OAuth token"}
[2026-07-24 12:32:33] CHANNEL REFRESH ERROR: Twitch user OAuth token is invalid or expired.

{"error":"Unauthorized","status":401,"message":"Invalid OAuth token"}
[2026-07-24 12:32:36] CHANNEL REFRESH ERROR: Twitch user OAuth token is invalid or expired.

{"error":"Unauthorized","status":401,"message":"Invalid OAuth token"}
[2026-07-24 12:32:37] CHANNEL REFRESH ERROR: Twitch user OAuth token is invalid or expired.

{"error":"Unauthorized","status":401,"message":"Invalid OAuth token"}
[2026-07-24 12:32:42] CHANNEL REFRESH ERROR: Twitch user OAuth token is invalid or expired.

{"error":"Unauthorized","status":401,"message":"Invalid OAuth token"}
[2026-07-24 12:32:43] CHANNEL REFRESH ERROR: Twitch user OAuth token is invalid or expired.

{"error":"Unauthorized","status":401,"message":"Invalid OAuth token"}
[2026-07-24 12:32:46] CHANNEL REFRESH ERROR: Twitch user OAuth token is invalid or expired.

{"error":"Unauthorized","status":401,"message":"Invalid OAuth token"}
[2026-07-24 12:32:47] CHANNEL REFRESH ERROR: Twitch user OAuth token is invalid or expired.

{"error":"Unauthorized","status":401,"message":"Invalid OAuth token"}
[2026-07-24 12:32:49] CHANNEL REFRESH ERROR: Twitch user OAuth token is invalid or expired.

{"error":"Unauthorized","status":401,"message":"Invalid OAuth token"}
[2026-07-24 12:32:51] CHANNEL REFRESH ERROR: Twitch user OAuth token is invalid or expired.

{"error":"Unauthorized","status":401,"message":"Invalid OAuth token"}
[2026-07-24 12:32:53] CHANNEL REFRESH ERROR: Twitch user OAuth token is invalid or expired.

{"error":"Unauthorized","status":401,"message":"Invalid OAuth token"}
[2026-07-24 12:32:55] CHANNEL REFRESH ERROR: Twitch user OAuth token is invalid or expired.

{"error":"Unauthorized","status":401,"message":"Invalid OAuth token"}
[2026-07-24 12:32:57] CHANNEL REFRESH ERROR: Twitch user OAuth token is invalid or expired.

{"error":"Unauthorized","status":401,"message":"Invalid OAuth token"}
[2026-07-24 12:32:59] CHANNEL REFRESH ERROR: Twitch user OAuth token is invalid or expired.

{"error":"Unauthorized","status":401,"message":"Invalid OAuth token"}
[2026-07-24 12:33:01] CHANNEL REFRESH ERROR: Twitch user OAuth token is invalid or expired.

{"error":"Unauthorized","status":401,"message":"Invalid OAuth token"}
[2026-07-24 12:33:04] CHANNEL REFRESH ERROR: Twitch user OAuth token is invalid or expired.

{"error":"Unauthorized","status":401,"message":"Invalid OAuth token"}
[2026-07-24 12:33:06] CHANNEL REFRESH ERROR: Twitch user OAuth token is invalid or expired.

{"error":"Unauthorized","status":401,"message":"Invalid OAuth token"}
[2026-07-24 12:33:08] CHANNEL REFRESH ERROR: Twitch user OAuth token is invalid or expired.

{"error":"Unauthorized","status":401,"message":"Invalid OAuth token"}
[2026-07-24 12:33:10] CHANNEL REFRESH ERROR: Twitch user OAuth token is invalid or expired.

{"error":"Unauthorized","status":401,"message":"Invalid OAuth token"}
[2026-07-24 12:33:11] CHANNEL REFRESH ERROR: Twitch user OAuth token is invalid or expired.

{"error":"Unauthorized","status":401,"message":"Invalid OAuth token"}
[2026-07-24 12:33:14] CHANNEL REFRESH ERROR: Twitch user OAuth token is invalid or expired.

{"error":"Unauthorized","status":401,"message":"Invalid OAuth token"}
[2026-07-24 12:33:15] CHANNEL REFRESH ERROR: Twitch user OAuth token is invalid or expired.

{"error":"Unauthorized","status":401,"message":"Invalid OAuth token"}
[2026-07-24 12:33:17] CHANNEL REFRESH ERROR: Twitch user OAuth token is invalid or expired.

{"error":"Unauthorized","status":401,"message":"Invalid OAuth token"}
[2026-07-24 12:33:19] CHANNEL REFRESH ERROR: Twitch user OAuth token is invalid or expired.

{"error":"Unauthorized","status":401,"message":"Invalid OAuth token"}
[2026-07-24 12:33:21] CHANNEL REFRESH ERROR: Twitch user OAuth token is invalid or expired.

{"error":"Unauthorized","status":401,"message":"Invalid OAuth token"}
[2026-07-24 12:33:23] CHANNEL REFRESH ERROR: Twitch user OAuth token is invalid or expired.

{"error":"Unauthorized","status":401,"message":"Invalid OAuth token"}
[2026-07-24 12:33:25] CHANNEL REFRESH ERROR: Twitch user OAuth token is invalid or expired.

{"error":"Unauthorized","status":401,"message":"Invalid OAuth token"}
[2026-07-24 12:33:29] CHANNEL REFRESH ERROR: Twitch user OAuth token is invalid or expired.

{"error":"Unauthorized","status":401,"message":"Invalid OAuth token"}
[2026-07-24 12:33:30] CHANNEL REFRESH ERROR: Twitch user OAuth token is invalid or expired.

{"error":"Unauthorized","status":401,"message":"Invalid OAuth token"}
[2026-07-24 12:33:31] CHANNEL REFRESH ERROR: Twitch user OAuth token is invalid or expired.

{"error":"Unauthorized","status":401,"message":"Invalid OAuth token"}
[2026-07-24 12:33:33] CHANNEL REFRESH ERROR: Twitch user OAuth token is invalid or expired.

{"error":"Unauthorized","status":401,"message":"Invalid OAuth token"}
[2026-07-24 12:33:35] CHANNEL REFRESH ERROR: Twitch user OAuth token is invalid or expired.

{"error":"Unauthorized","status":401,"message":"Invalid OAuth token"}
[2026-07-24 12:33:37] CHANNEL REFRESH ERROR: Twitch user OAuth token is invalid or expired.

{"error":"Unauthorized","status":401,"message":"Invalid OAuth token"}
[2026-07-24 12:33:40] CHANNEL REFRESH ERROR: Twitch user OAuth token is invalid or expired.

{"error":"Unauthorized","status":401,"message":"Invalid OAuth token"}
[2026-07-24 12:33:43] CHANNEL REFRESH ERROR: Twitch user OAuth token is invalid or expired.

{"error":"Unauthorized","status":401,"message":"Invalid OAuth token"}
[2026-07-24 12:33:44] CHANNEL REFRESH ERROR: Twitch user OAuth token is invalid or expired.

{"error":"Unauthorized","status":401,"message":"Invalid OAuth token"}
[2026-07-24 12:33:45] CHANNEL REFRESH ERROR: Twitch user OAuth token is invalid or expired.

{"error":"Unauthorized","status":401,"message":"Invalid OAuth token"}
[2026-07-24 12:33:47] CHANNEL REFRESH ERROR: Twitch user OAuth token is invalid or expired.

{"error":"Unauthorized","status":401,"message":"Invalid OAuth token"}
[2026-07-24 12:33:49] CHANNEL REFRESH ERROR: Twitch user OAuth token is invalid or expired.

{"error":"Unauthorized","status":401,"message":"Invalid OAuth token"}
[2026-07-24 12:33:51] CHANNEL REFRESH ERROR: Twitch user OAuth token is invalid or expired.

{"error":"Unauthorized","status":401,"message":"Invalid OAuth token"}
[2026-07-24 12:33:53] CHANNEL REFRESH ERROR: Twitch user OAuth token is invalid or expired.

{"error":"Unauthorized","status":401,"message":"Invalid OAuth token"}
[2026-07-24 12:33:55] CHANNEL REFRESH ERROR: Twitch user OAuth token is invalid or expired.

{"error":"Unauthorized","status":401,"message":"Invalid OAuth token"}
[2026-07-24 12:33:57] CHANNEL REFRESH ERROR: Twitch user OAuth token is invalid or expired.

{"error":"Unauthorized","status":401,"message":"Invalid OAuth token"}
[2026-07-24 12:33:59] CHANNEL REFRESH ERROR: Twitch user OAuth token is invalid or expired.

{"error":"Unauthorized","status":401,"message":"Invalid OAuth token"}
[2026-07-24 12:34:01] CHANNEL REFRESH ERROR: Twitch user OAuth token is invalid or expired.

{"error":"Unauthorized","status":401,"message":"Invalid OAuth token"}
[2026-07-24 12:34:03] CHANNEL REFRESH ERROR: Twitch user OAuth token is invalid or expired.

{"error":"Unauthorized","status":401,"message":"Invalid OAuth token"}
[2026-07-24 12:34:05] CHANNEL REFRESH ERROR: Twitch user OAuth token is invalid or expired.

{"error":"Unauthorized","status":401,"message":"Invalid OAuth token"}
[2026-07-24 12:34:07] CHANNEL REFRESH ERROR: Twitch user OAuth token is invalid or expired.

{"error":"Unauthorized","status":401,"message":"Invalid OAuth token"}
[2026-07-24 12:34:09] CHANNEL REFRESH ERROR: Twitch user OAuth token is invalid or expired.

{"error":"Unauthorized","status":401,"message":"Invalid OAuth token"}
[2026-07-24 12:34:11] CHANNEL REFRESH ERROR: Twitch user OAuth token is invalid or expired.

{"error":"Unauthorized","status":401,"message":"Invalid OAuth token"}
[2026-07-24 12:34:13] CHANNEL REFRESH ERROR: Twitch user OAuth token is invalid or expired.

{"error":"Unauthorized","status":401,"message":"Invalid OAuth token"}
[2026-07-24 12:34:15] CHANNEL REFRESH ERROR: Twitch user OAuth token is invalid or expired.

{"error":"Unauthorized","status":401,"message":"Invalid OAuth token"}
[2026-07-24 12:34:17] CHANNEL REFRESH ERROR: Twitch user OAuth token is invalid or expired.

{"error":"Unauthorized","status":401,"message":"Invalid OAuth token"}
[2026-07-24 12:34:19] CHANNEL REFRESH ERROR: Twitch user OAuth token is invalid or expired.

{"error":"Unauthorized","status":401,"message":"Invalid OAuth token"}
[2026-07-24 12:34:21] CHANNEL REFRESH ERROR: Twitch user OAuth token is invalid or expired.

{"error":"Unauthorized","status":401,"message":"Invalid OAuth token"}
[2026-07-24 12:34:23] CHANNEL REFRESH ERROR: Twitch user OAuth token is invalid or expired.

{"error":"Unauthorized","status":401,"message":"Invalid OAuth token"}
[2026-07-24 12:34:25] CHANNEL REFRESH ERROR: Twitch user OAuth token is invalid or expired.

{"error":"Unauthorized","status":401,"message":"Invalid OAuth token"}
[2026-07-24 12:34:27] CHANNEL REFRESH ERROR: Twitch user OAuth token is invalid or expired.

{"error":"Unauthorized","status":401,"message":"Invalid OAuth token"}
[2026-07-24 12:34:29] CHANNEL REFRESH ERROR: Twitch user OAuth token is invalid or expired.

{"error":"Unauthorized","status":401,"message":"Invalid OAuth token"}
[2026-07-24 12:34:31] CHANNEL REFRESH ERROR: Twitch user OAuth token is invalid or expired.

{"error":"Unauthorized","status":401,"message":"Invalid OAuth token"}
[2026-07-24 12:34:33] CHANNEL REFRESH ERROR: Twitch user OAuth token is invalid or expired.

{"error":"Unauthorized","status":401,"message":"Invalid OAuth token"}
[2026-07-24 12:34:35] CHANNEL REFRESH ERROR: Twitch user OAuth token is invalid or expired.

{"error":"Unauthorized","status":401,"message":"Invalid OAuth token"}
[2026-07-24 12:34:37] CHANNEL REFRESH ERROR: Twitch user OAuth token is invalid or expired.

{"error":"Unauthorized","status":401,"message":"Invalid OAuth token"}
[2026-07-24 12:34:39] CHANNEL REFRESH ERROR: Twitch user OAuth token is invalid or expired.

{"error":"Unauthorized","status":401,"message":"Invalid OAuth token"}
[2026-07-24 12:34:41] CHANNEL REFRESH ERROR: Twitch user OAuth token is invalid or expired.

{"error":"Unauthorized","status":401,"message":"Invalid OAuth token"}
[2026-07-24 12:34:43] CHANNEL REFRESH ERROR: Twitch user OAuth token is invalid or expired.

{"error":"Unauthorized","status":401,"message":"Invalid OAuth token"}
[2026-07-24 12:34:45] CHANNEL REFRESH ERROR: Twitch user OAuth token is invalid or expired.

{"error":"Unauthorized","status":401,"message":"Invalid OAuth token"}
[2026-07-24 12:34:47] CHANNEL REFRESH ERROR: Twitch user OAuth token is invalid or expired.

{"error":"Unauthorized","status":401,"message":"Invalid OAuth token"}
[2026-07-24 12:34:49] CHANNEL REFRESH ERROR: Twitch user OAuth token is invalid or expired.

{"error":"Unauthorized","status":401,"message":"Invalid OAuth token"}
[2026-07-24 12:34:51] CHANNEL REFRESH ERROR: Twitch user OAuth token is invalid or expired.

{"error":"Unauthorized","status":401,"message":"Invalid OAuth token"}
[2026-07-24 12:34:53] CHANNEL REFRESH ERROR: Twitch user OAuth token is invalid or expired.

{"error":"Unauthorized","status":401,"message":"Invalid OAuth token"}
[2026-07-24 12:34:55] CHANNEL REFRESH ERROR: Twitch user OAuth token is invalid or expired.

{"error":"Unauthorized","status":401,"message":"Invalid OAuth token"}
[2026-07-24 12:34:57] CHANNEL REFRESH ERROR: Twitch user OAuth token is invalid or expired.

{"error":"Unauthorized","status":401,"message":"Invalid OAuth token"}
[2026-07-24 12:34:59] CHANNEL REFRESH ERROR: Twitch user OAuth token is invalid or expired.

{"error":"Unauthorized","status":401,"message":"Invalid OAuth token"}
[2026-07-24 12:35:02] CHANNEL REFRESH ERROR: Twitch user OAuth token is invalid or expired.

{"error":"Unauthorized","status":401,"message":"Invalid OAuth token"}
[2026-07-24 12:35:04] CHANNEL REFRESH ERROR: Twitch user OAuth token is invalid or expired.

{"error":"Unauthorized","status":401,"message":"Invalid OAuth token"}
[2026-07-24 12:35:05] CHANNEL REFRESH ERROR: Twitch user OAuth token is invalid or expired.

{"error":"Unauthorized","status":401,"message":"Invalid OAuth token"}
[2026-07-24 12:35:09] CHANNEL REFRESH ERROR: Twitch user OAuth token is invalid or expired.

{"error":"Unauthorized","status":401,"message":"Invalid OAuth token"}
[2026-07-24 12:35:09] CHANNEL REFRESH ERROR: Twitch user OAuth token is invalid or expired.

{"error":"Unauthorized","status":401,"message":"Invalid OAuth token"}
[2026-07-24 12:35:11] CHANNEL REFRESH ERROR: Twitch user OAuth token is invalid or expired.

{"error":"Unauthorized","status":401,"message":"Invalid OAuth token"}
[2026-07-24 12:35:13] CHANNEL REFRESH ERROR: Twitch user OAuth token is invalid or expired.

{"error":"Unauthorized","status":401,"message":"Invalid OAuth token"}
[2026-07-24 12:35:16] CHANNEL REFRESH ERROR: Twitch user OAuth token is invalid or expired.

{"error":"Unauthorized","status":401,"message":"Invalid OAuth token"}
[2026-07-24 12:35:17] CHANNEL REFRESH ERROR: Twitch user OAuth token is invalid or expired.

{"error":"Unauthorized","status":401,"message":"Invalid OAuth token"}
[2026-07-24 12:35:20] CHANNEL REFRESH ERROR: Twitch user OAuth token is invalid or expired.

{"error":"Unauthorized","status":401,"message":"Invalid OAuth token"}
[2026-07-24 12:35:21] CHANNEL REFRESH ERROR: Twitch user OAuth token is invalid or expired.

{"error":"Unauthorized","status":401,"message":"Invalid OAuth token"}
[2026-07-24 12:35:23] CHANNEL REFRESH ERROR: Twitch user OAuth token is invalid or expired.

{"error":"Unauthorized","status":401,"message":"Invalid OAuth token"}
[2026-07-24 12:35:25] CHANNEL REFRESH ERROR: Twitch user OAuth token is invalid or expired.

{"error":"Unauthorized","status":401,"message":"Invalid OAuth token"}
[2026-07-24 12:35:27] CHANNEL REFRESH ERROR: Twitch user OAuth token is invalid or expired.

{"error":"Unauthorized","status":401,"message":"Invalid OAuth token"}
[2026-07-24 12:35:29] CHANNEL REFRESH ERROR: Twitch user OAuth token is invalid or expired.

{"error":"Unauthorized","status":401,"message":"Invalid OAuth token"}
[2026-07-24 12:35:31] CHANNEL REFRESH ERROR: Twitch user OAuth token is invalid or expired.

{"error":"Unauthorized","status":401,"message":"Invalid OAuth token"}
[2026-07-24 12:35:33] CHANNEL REFRESH ERROR: Twitch user OAuth token is invalid or expired.

{"error":"Unauthorized","status":401,"message":"Invalid OAuth token"}
[2026-07-24 12:35:35] CHANNEL REFRESH ERROR: Twitch user OAuth token is invalid or expired.

{"error":"Unauthorized","status":401,"message":"Invalid OAuth token"}
[2026-07-24 12:35:37] CHANNEL REFRESH ERROR: Twitch user OAuth token is invalid or expired.

{"error":"Unauthorized","status":401,"message":"Invalid OAuth token"}
[2026-07-24 12:35:39] CHANNEL REFRESH ERROR: Twitch user OAuth token is invalid or expired.

{"error":"Unauthorized","status":401,"message":"Invalid OAuth token"}
[2026-07-24 12:35:41] CHANNEL REFRESH ERROR: Twitch user OAuth token is invalid or expired.

{"error":"Unauthorized","status":401,"message":"Invalid OAuth token"}
[2026-07-24 12:35:43] CHANNEL REFRESH ERROR: Twitch user OAuth token is invalid or expired.

{"error":"Unauthorized","status":401,"message":"Invalid OAuth token"}
[2026-07-24 12:35:45] CHANNEL REFRESH ERROR: Twitch user OAuth token is invalid or expired.

{"error":"Unauthorized","status":401,"message":"Invalid OAuth token"}
[2026-07-24 12:35:47] CHANNEL REFRESH ERROR: Twitch user OAuth token is invalid or expired.

{"error":"Unauthorized","status":401,"message":"Invalid OAuth token"}
[2026-07-24 12:35:49] CHANNEL REFRESH ERROR: Twitch user OAuth token is invalid or expired.

{"error":"Unauthorized","status":401,"message":"Invalid OAuth token"}
[2026-07-24 12:35:51] CHANNEL REFRESH ERROR: Twitch user OAuth token is invalid or expired.

{"error":"Unauthorized","status":401,"message":"Invalid OAuth token"}
[2026-07-24 12:35:53] CHANNEL REFRESH ERROR: Twitch user OAuth token is invalid or expired.

{"error":"Unauthorized","status":401,"message":"Invalid OAuth token"}
[2026-07-24 12:35:55] CHANNEL REFRESH ERROR: Twitch user OAuth token is invalid or expired.

{"error":"Unauthorized","status":401,"message":"Invalid OAuth token"}
[2026-07-24 12:35:57] CHANNEL REFRESH ERROR: Twitch user OAuth token is invalid or expired.

{"error":"Unauthorized","status":401,"message":"Invalid OAuth token"}
[2026-07-24 12:35:59] CHANNEL REFRESH ERROR: Twitch user OAuth token is invalid or expired.

{"error":"Unauthorized","status":401,"message":"Invalid OAuth token"}
[2026-07-24 12:36:01] CHANNEL REFRESH ERROR: Twitch user OAuth token is invalid or expired.

{"error":"Unauthorized","status":401,"message":"Invalid OAuth token"}
[2026-07-24 12:36:03] CHANNEL REFRESH ERROR: Twitch user OAuth token is invalid or expired.

{"error":"Unauthorized","status":401,"message":"Invalid OAuth token"}
[2026-07-24 12:36:05] CHANNEL REFRESH ERROR: Twitch user OAuth token is invalid or expired.

{"error":"Unauthorized","status":401,"message":"Invalid OAuth token"}
[2026-07-24 12:36:07] CHANNEL REFRESH ERROR: Twitch user OAuth token is invalid or expired.

{"error":"Unauthorized","status":401,"message":"Invalid OAuth token"}
[2026-07-24 12:36:09] CHANNEL REFRESH ERROR: Twitch user OAuth token is invalid or expired.

{"error":"Unauthorized","status":401,"message":"Invalid OAuth token"}
[2026-07-24 12:36:11] CHANNEL REFRESH ERROR: Twitch user OAuth token is invalid or expired.

{"error":"Unauthorized","status":401,"message":"Invalid OAuth token"}
[2026-07-24 12:36:13] CHANNEL REFRESH ERROR: Twitch user OAuth token is invalid or expired.

{"error":"Unauthorized","status":401,"message":"Invalid OAuth token"}
[2026-07-24 12:36:15] CHANNEL REFRESH ERROR: Twitch user OAuth token is invalid or expired.

{"error":"Unauthorized","status":401,"message":"Invalid OAuth token"}
[2026-07-24 12:36:17] CHANNEL REFRESH ERROR: Twitch user OAuth token is invalid or expired.

{"error":"Unauthorized","status":401,"message":"Invalid OAuth token"}
[2026-07-24 12:36:19] CHANNEL REFRESH ERROR: Twitch user OAuth token is invalid or expired.

{"error":"Unauthorized","status":401,"message":"Invalid OAuth token"}
[2026-07-24 12:36:21] CHANNEL REFRESH ERROR: Twitch user OAuth token is invalid or expired.

{"error":"Unauthorized","status":401,"message":"Invalid OAuth token"}
[2026-07-24 12:36:23] CHANNEL REFRESH ERROR: Twitch user OAuth token is invalid or expired.

{"error":"Unauthorized","status":401,"message":"Invalid OAuth token"}
[2026-07-24 12:36:25] CHANNEL REFRESH ERROR: Twitch user OAuth token is invalid or expired.

{"error":"Unauthorized","status":401,"message":"Invalid OAuth token"}
[2026-07-24 12:36:27] CHANNEL REFRESH ERROR: Twitch user OAuth token is invalid or expired.

{"error":"Unauthorized","status":401,"message":"Invalid OAuth token"}
[2026-07-24 12:36:29] CHANNEL REFRESH ERROR: Twitch user OAuth token is invalid or expired.

{"error":"Unauthorized","status":401,"message":"Invalid OAuth token"}
[2026-07-24 12:36:31] CHANNEL REFRESH ERROR: Twitch user OAuth token is invalid or expired.

{"error":"Unauthorized","status":401,"message":"Invalid OAuth token"}
[2026-07-24 12:36:35] CHANNEL REFRESH ERROR: Twitch user OAuth token is invalid or expired.

{"error":"Unauthorized","status":401,"message":"Invalid OAuth token"}
[2026-07-24 12:36:35] CHANNEL REFRESH ERROR: Twitch user OAuth token is invalid or expired.

{"error":"Unauthorized","status":401,"message":"Invalid OAuth token"}
[2026-07-24 12:36:38] CHANNEL REFRESH ERROR: Twitch user OAuth token is invalid or expired.

{"error":"Unauthorized","status":401,"message":"Invalid OAuth token"}
[2026-07-24 12:36:42] CHANNEL REFRESH ERROR: Twitch user OAuth token is invalid or expired.

{"error":"Unauthorized","status":401,"message":"Invalid OAuth token"}
[2026-07-24 12:36:44] CHANNEL REFRESH ERROR: Twitch user OAuth token is invalid or expired.

{"error":"Unauthorized","status":401,"message":"Invalid OAuth token"}
[2026-07-24 12:36:45] CHANNEL REFRESH ERROR: Twitch user OAuth token is invalid or expired.

{"error":"Unauthorized","status":401,"message":"Invalid OAuth token"}
[2026-07-24 12:36:47] CHANNEL REFRESH ERROR: Twitch user OAuth token is invalid or expired.

{"error":"Unauthorized","status":401,"message":"Invalid OAuth token"}
[2026-07-24 12:36:50] CHANNEL REFRESH ERROR: Twitch user OAuth token is invalid or expired.

{"error":"Unauthorized","status":401,"message":"Invalid OAuth token"}
[2026-07-24 12:36:51] CHANNEL REFRESH ERROR: Twitch user OAuth token is invalid or expired.

{"error":"Unauthorized","status":401,"message":"Invalid OAuth token"}
[2026-07-24 12:36:53] CHANNEL REFRESH ERROR: Twitch user OAuth token is invalid or expired.

{"error":"Unauthorized","status":401,"message":"Invalid OAuth token"}
[2026-07-24 12:36:57] CHANNEL REFRESH ERROR: Twitch user OAuth token is invalid or expired.

{"error":"Unauthorized","status":401,"message":"Invalid OAuth token"}
[2026-07-24 12:36:57] CHANNEL REFRESH ERROR: Twitch user OAuth token is invalid or expired.

{"error":"Unauthorized","status":401,"message":"Invalid OAuth token"}
[2026-07-24 12:36:59] CHANNEL REFRESH ERROR: Twitch user OAuth token is invalid or expired.

{"error":"Unauthorized","status":401,"message":"Invalid OAuth token"}
[2026-07-24 12:37:01] CHANNEL REFRESH ERROR: Twitch user OAuth token is invalid or expired.

{"error":"Unauthorized","status":401,"message":"Invalid OAuth token"}
[2026-07-24 12:37:03] CHANNEL REFRESH ERROR: Twitch user OAuth token is invalid or expired.

{"error":"Unauthorized","status":401,"message":"Invalid OAuth token"}
[2026-07-24 12:37:05] CHANNEL REFRESH ERROR: Twitch user OAuth token is invalid or expired.

{"error":"Unauthorized","status":401,"message":"Invalid OAuth token"}
[2026-07-24 12:37:09] CHANNEL REFRESH ERROR: Twitch user OAuth token is invalid or expired.

{"error":"Unauthorized","status":401,"message":"Invalid OAuth token"}
[2026-07-24 12:37:09] CHANNEL REFRESH ERROR: Twitch user OAuth token is invalid or expired.

{"error":"Unauthorized","status":401,"message":"Invalid OAuth token"}
[2026-07-24 12:37:11] CHANNEL REFRESH ERROR: Twitch user OAuth token is invalid or expired.

{"error":"Unauthorized","status":401,"message":"Invalid OAuth token"}
[2026-07-24 12:37:13] CHANNEL REFRESH ERROR: Twitch user OAuth token is invalid or expired.

{"error":"Unauthorized","status":401,"message":"Invalid OAuth token"}
[2026-07-24 12:37:15] CHANNEL REFRESH ERROR: Twitch user OAuth token is invalid or expired.

{"error":"Unauthorized","status":401,"message":"Invalid OAuth token"}
[2026-07-24 12:37:17] CHANNEL REFRESH ERROR: Twitch user OAuth token is invalid or expired.

{"error":"Unauthorized","status":401,"message":"Invalid OAuth token"}
[2026-07-24 12:37:21] CHANNEL REFRESH ERROR: Twitch user OAuth token is invalid or expired.

{"error":"Unauthorized","status":401,"message":"Invalid OAuth token"}
[2026-07-24 12:37:21] CHANNEL REFRESH ERROR: Twitch user OAuth token is invalid or expired.

{"error":"Unauthorized","status":401,"message":"Invalid OAuth token"}
[2026-07-24 12:37:25] CHANNEL REFRESH ERROR: Twitch user OAuth token is invalid or expired.

{"error":"Unauthorized","status":401,"message":"Invalid OAuth token"}
[2026-07-24 12:37:25] CHANNEL REFRESH ERROR: Twitch user OAuth token is invalid or expired.

{"error":"Unauthorized","status":401,"message":"Invalid OAuth token"}
[2026-07-24 12:37:27] CHANNEL REFRESH ERROR: Twitch user OAuth token is invalid or expired.

{"error":"Unauthorized","status":401,"message":"Invalid OAuth token"}
[2026-07-24 12:37:29] CHANNEL REFRESH ERROR: Twitch user OAuth token is invalid or expired.

{"error":"Unauthorized","status":401,"message":"Invalid OAuth token"}
[2026-07-24 12:37:32] CHANNEL REFRESH ERROR: Twitch user OAuth token is invalid or expired.

{"error":"Unauthorized","status":401,"message":"Invalid OAuth token"}
[2026-07-24 12:37:33] CHANNEL REFRESH ERROR: Twitch user OAuth token is invalid or expired.

{"error":"Unauthorized","status":401,"message":"Invalid OAuth token"}
[2026-07-24 12:37:35] CHANNEL REFRESH ERROR: Twitch user OAuth token is invalid or expired.

{"error":"Unauthorized","status":401,"message":"Invalid OAuth token"}
[2026-07-24 12:37:37] CHANNEL REFRESH ERROR: Twitch user OAuth token is invalid or expired.

{"error":"Unauthorized","status":401,"message":"Invalid OAuth token"}
[2026-07-24 12:37:39] CHANNEL REFRESH ERROR: Twitch user OAuth token is invalid or expired.

{"error":"Unauthorized","status":401,"message":"Invalid OAuth token"}
[2026-07-24 12:37:41] CHANNEL REFRESH ERROR: Twitch user OAuth token is invalid or expired.

{"error":"Unauthorized","status":401,"message":"Invalid OAuth token"}
[2026-07-24 12:37:43] CHANNEL REFRESH ERROR: Twitch user OAuth token is invalid or expired.

{"error":"Unauthorized","status":401,"message":"Invalid OAuth token"}
[2026-07-24 12:37:45] CHANNEL REFRESH ERROR: Twitch user OAuth token is invalid or expired.

{"error":"Unauthorized","status":401,"message":"Invalid OAuth token"}
[2026-07-24 12:37:47] CHANNEL REFRESH ERROR: Twitch user OAuth token is invalid or expired.

{"error":"Unauthorized","status":401,"message":"Invalid OAuth token"}
[2026-07-24 12:37:49] CHANNEL REFRESH ERROR: Twitch user OAuth token is invalid or expired.

{"error":"Unauthorized","status":401,"message":"Invalid OAuth token"}
[2026-07-24 12:37:51] CHANNEL REFRESH ERROR: Twitch user OAuth token is invalid or expired.

{"error":"Unauthorized","status":401,"message":"Invalid OAuth token"}
[2026-07-24 12:37:53] CHANNEL REFRESH ERROR: Twitch user OAuth token is invalid or expired.

{"error":"Unauthorized","status":401,"message":"Invalid OAuth token"}
[2026-07-24 12:37:55] CHANNEL REFRESH ERROR: Twitch user OAuth token is invalid or expired.

{"error":"Unauthorized","status":401,"message":"Invalid OAuth token"}
[2026-07-24 12:37:57] CHANNEL REFRESH ERROR: Twitch user OAuth token is invalid or expired.

{"error":"Unauthorized","status":401,"message":"Invalid OAuth token"}
[2026-07-24 12:37:59] CHANNEL REFRESH ERROR: Twitch user OAuth token is invalid or expired.

{"error":"Unauthorized","status":401,"message":"Invalid OAuth token"}
[2026-07-24 12:38:01] CHANNEL REFRESH ERROR: Twitch user OAuth token is invalid or expired.

{"error":"Unauthorized","status":401,"message":"Invalid OAuth token"}
[2026-07-24 12:38:03] CHANNEL REFRESH ERROR: Twitch user OAuth token is invalid or expired.

{"error":"Unauthorized","status":401,"message":"Invalid OAuth token"}
[2026-07-24 12:38:05] CHANNEL REFRESH ERROR: Twitch user OAuth token is invalid or expired.

{"error":"Unauthorized","status":401,"message":"Invalid OAuth token"}
[2026-07-24 12:38:07] CHANNEL REFRESH ERROR: Twitch user OAuth token is invalid or expired.

{"error":"Unauthorized","status":401,"message":"Invalid OAuth token"}
[2026-07-24 12:38:09] CHANNEL REFRESH ERROR: Twitch user OAuth token is invalid or expired.

{"error":"Unauthorized","status":401,"message":"Invalid OAuth token"}
[2026-07-24 12:38:11] CHANNEL REFRESH ERROR: Twitch user OAuth token is invalid or expired.

{"error":"Unauthorized","status":401,"message":"Invalid OAuth token"}
[2026-07-24 12:38:13] CHANNEL REFRESH ERROR: Twitch user OAuth token is invalid or expired.

{"error":"Unauthorized","status":401,"message":"Invalid OAuth token"}
[2026-07-24 12:38:15] CHANNEL REFRESH ERROR: Twitch user OAuth token is invalid or expired.

{"error":"Unauthorized","status":401,"message":"Invalid OAuth token"}
[2026-07-24 12:38:17] CHANNEL REFRESH ERROR: Twitch user OAuth token is invalid or expired.

{"error":"Unauthorized","status":401,"message":"Invalid OAuth token"}
[2026-07-24 12:38:20] CHANNEL REFRESH ERROR: Twitch user OAuth token is invalid or expired.

{"error":"Unauthorized","status":401,"message":"Invalid OAuth token"}
[2026-07-24 12:38:21] CHANNEL REFRESH ERROR: Twitch user OAuth token is invalid or expired.

{"error":"Unauthorized","status":401,"message":"Invalid OAuth token"}
[2026-07-24 12:38:23] CHANNEL REFRESH ERROR: Twitch user OAuth token is invalid or expired.

{"error":"Unauthorized","status":401,"message":"Invalid OAuth token"}
[2026-07-24 12:38:26] CHANNEL REFRESH ERROR: Twitch user OAuth token is invalid or expired.

{"error":"Unauthorized","status":401,"message":"Invalid OAuth token"}
[2026-07-24 12:38:27] CHANNEL REFRESH ERROR: Twitch user OAuth token is invalid or expired.

{"error":"Unauthorized","status":401,"message":"Invalid OAuth token"}
[2026-07-24 12:38:29] CHANNEL REFRESH ERROR: Twitch user OAuth token is invalid or expired.

{"error":"Unauthorized","status":401,"message":"Invalid OAuth token"}
[2026-07-24 12:38:32] CHANNEL REFRESH ERROR: Twitch user OAuth token is invalid or expired.

{"error":"Unauthorized","status":401,"message":"Invalid OAuth token"}
[2026-07-24 12:38:33] CHANNEL REFRESH ERROR: Twitch user OAuth token is invalid or expired.

{"error":"Unauthorized","status":401,"message":"Invalid OAuth token"}
[2026-07-24 12:38:35] CHANNEL REFRESH ERROR: Twitch user OAuth token is invalid or expired.

{"error":"Unauthorized","status":401,"message":"Invalid OAuth token"}
[2026-07-24 12:38:38] CHANNEL REFRESH ERROR: Twitch user OAuth token is invalid or expired.

{"error":"Unauthorized","status":401,"message":"Invalid OAuth token"}
[2026-07-24 12:38:41] CHANNEL REFRESH ERROR: Twitch user OAuth token is invalid or expired.

{"error":"Unauthorized","status":401,"message":"Invalid OAuth token"}
[2026-07-24 12:38:42] CHANNEL REFRESH ERROR: Twitch user OAuth token is invalid or expired.

{"error":"Unauthorized","status":401,"message":"Invalid OAuth token"}
[2026-07-24 12:38:44] CHANNEL REFRESH ERROR: Twitch user OAuth token is invalid or expired.

{"error":"Unauthorized","status":401,"message":"Invalid OAuth token"}
[2026-07-24 12:38:45] CHANNEL REFRESH ERROR: Twitch user OAuth token is invalid or expired.

{"error":"Unauthorized","status":401,"message":"Invalid OAuth token"}
[2026-07-24 12:38:47] CHANNEL REFRESH ERROR: Twitch user OAuth token is invalid or expired.

{"error":"Unauthorized","status":401,"message":"Invalid OAuth token"}
[2026-07-24 12:38:50] CHANNEL REFRESH ERROR: Twitch user OAuth token is invalid or expired.

{"error":"Unauthorized","status":401,"message":"Invalid OAuth token"}
[2026-07-24 12:38:52] CHANNEL REFRESH ERROR: Twitch user OAuth token is invalid or expired.

{"error":"Unauthorized","status":401,"message":"Invalid OAuth token"}
[2026-07-24 12:38:54] CHANNEL REFRESH ERROR: Twitch user OAuth token is invalid or expired.

{"error":"Unauthorized","status":401,"message":"Invalid OAuth token"}
[2026-07-24 12:38:56] CHANNEL REFRESH ERROR: Twitch user OAuth token is invalid or expired.

{"error":"Unauthorized","status":401,"message":"Invalid OAuth token"}
[2026-07-24 12:38:57] CHANNEL REFRESH ERROR: Twitch user OAuth token is invalid or expired.

{"error":"Unauthorized","status":401,"message":"Invalid OAuth token"}
[2026-07-24 12:38:59] CHANNEL REFRESH ERROR: Twitch user OAuth token is invalid or expired.

{"error":"Unauthorized","status":401,"message":"Invalid OAuth token"}
[2026-07-24 12:39:02] CHANNEL REFRESH ERROR: Twitch user OAuth token is invalid or expired.

{"error":"Unauthorized","status":401,"message":"Invalid OAuth token"}
[2026-07-24 12:39:05] CHANNEL REFRESH ERROR: Twitch user OAuth token is invalid or expired.

{"error":"Unauthorized","status":401,"message":"Invalid OAuth token"}
[2026-07-24 12:39:06] CHANNEL REFRESH ERROR: Twitch user OAuth token is invalid or expired.

{"error":"Unauthorized","status":401,"message":"Invalid OAuth token"}
[2026-07-24 12:39:08] CHANNEL REFRESH ERROR: Twitch user OAuth token is invalid or expired.

{"error":"Unauthorized","status":401,"message":"Invalid OAuth token"}
[2026-07-24 12:39:09] CHANNEL REFRESH ERROR: Twitch user OAuth token is invalid or expired.

{"error":"Unauthorized","status":401,"message":"Invalid OAuth token"}
[2026-07-24 12:39:13] CHANNEL REFRESH ERROR: Twitch user OAuth token is invalid or expired.

{"error":"Unauthorized","status":401,"message":"Invalid OAuth token"}
[2026-07-24 12:39:16] CHANNEL REFRESH ERROR: Twitch user OAuth token is invalid or expired.

{"error":"Unauthorized","status":401,"message":"Invalid OAuth token"}
[2026-07-24 12:39:18] CHANNEL REFRESH ERROR: Twitch user OAuth token is invalid or expired.

{"error":"Unauthorized","status":401,"message":"Invalid OAuth token"}
[2026-07-24 12:39:21] CHANNEL REFRESH ERROR: Twitch user OAuth token is invalid or expired.

{"error":"Unauthorized","status":401,"message":"Invalid OAuth token"}
[2026-07-24 12:39:22] CHANNEL REFRESH ERROR: Twitch user OAuth token is invalid or expired.

{"error":"Unauthorized","status":401,"message":"Invalid OAuth token"}
[2026-07-24 12:39:24] CHANNEL REFRESH ERROR: Twitch user OAuth token is invalid or expired.

{"error":"Unauthorized","status":401,"message":"Invalid OAuth token"}
[2026-07-24 12:39:26] CHANNEL REFRESH ERROR: Twitch user OAuth token is invalid or expired.

{"error":"Unauthorized","status":401,"message":"Invalid OAuth token"}
[2026-07-24 12:39:28] CHANNEL REFRESH ERROR: Twitch user OAuth token is invalid or expired.

{"error":"Unauthorized","status":401,"message":"Invalid OAuth token"}
[2026-07-24 12:39:30] CHANNEL REFRESH ERROR: Twitch user OAuth token is invalid or expired.

{"error":"Unauthorized","status":401,"message":"Invalid OAuth token"}
[2026-07-24 12:39:32] CHANNEL REFRESH ERROR: Twitch user OAuth token is invalid or expired.

{"error":"Unauthorized","status":401,"message":"Invalid OAuth token"}
[2026-07-24 12:39:34] CHANNEL REFRESH ERROR: Twitch user OAuth token is invalid or expired.

{"error":"Unauthorized","status":401,"message":"Invalid OAuth token"}
[2026-07-24 12:39:36] CHANNEL REFRESH ERROR: Twitch user OAuth token is invalid or expired.

{"error":"Unauthorized","status":401,"message":"Invalid OAuth token"}
[2026-07-24 12:39:37] CHANNEL REFRESH ERROR: Twitch user OAuth token is invalid or expired.

{"error":"Unauthorized","status":401,"message":"Invalid OAuth token"}
[2026-07-24 12:39:40] CHANNEL REFRESH ERROR: Twitch user OAuth token is invalid or expired.

{"error":"Unauthorized","status":401,"message":"Invalid OAuth token"}
[2026-07-24 12:39:41] CHANNEL REFRESH ERROR: Twitch user OAuth token is invalid or expired.

{"error":"Unauthorized","status":401,"message":"Invalid OAuth token"}
[2026-07-24 12:39:44] CHANNEL REFRESH ERROR: Twitch user OAuth token is invalid or expired.

{"error":"Unauthorized","status":401,"message":"Invalid OAuth token"}
[2026-07-24 12:39:46] CHANNEL REFRESH ERROR: Twitch user OAuth token is invalid or expired.

{"error":"Unauthorized","status":401,"message":"Invalid OAuth token"}
[2026-07-24 12:39:48] CHANNEL REFRESH ERROR: Twitch user OAuth token is invalid or expired.

{"error":"Unauthorized","status":401,"message":"Invalid OAuth token"}
[2026-07-24 12:39:49] CHANNEL REFRESH ERROR: Twitch user OAuth token is invalid or expired.

{"error":"Unauthorized","status":401,"message":"Invalid OAuth token"}
[2026-07-24 12:39:52] CHANNEL REFRESH ERROR: Twitch user OAuth token is invalid or expired.

{"error":"Unauthorized","status":401,"message":"Invalid OAuth token"}
[2026-07-24 12:39:53] CHANNEL REFRESH ERROR: Twitch user OAuth token is invalid or expired.

{"error":"Unauthorized","status":401,"message":"Invalid OAuth token"}
[2026-07-24 12:39:55] CHANNEL REFRESH ERROR: Twitch user OAuth token is invalid or expired.

{"error":"Unauthorized","status":401,"message":"Invalid OAuth token"}
[2026-07-24 12:39:58] CHANNEL REFRESH ERROR: Twitch user OAuth token is invalid or expired.

{"error":"Unauthorized","status":401,"message":"Invalid OAuth token"}
[2026-07-24 12:39:59] CHANNEL REFRESH ERROR: Twitch user OAuth token is invalid or expired.

{"error":"Unauthorized","status":401,"message":"Invalid OAuth token"}
[2026-07-24 12:40:01] CHANNEL REFRESH ERROR: Twitch user OAuth token is invalid or expired.

{"error":"Unauthorized","status":401,"message":"Invalid OAuth token"}
[2026-07-24 12:40:04] CHANNEL REFRESH ERROR: Twitch user OAuth token is invalid or expired.

{"error":"Unauthorized","status":401,"message":"Invalid OAuth token"}
[2026-07-24 12:40:05] CHANNEL REFRESH ERROR: Twitch user OAuth token is invalid or expired.

{"error":"Unauthorized","status":401,"message":"Invalid OAuth token"}
[2026-07-24 12:40:07] CHANNEL REFRESH ERROR: Twitch user OAuth token is invalid or expired.

{"error":"Unauthorized","status":401,"message":"Invalid OAuth token"}
[2026-07-24 12:40:10] CHANNEL REFRESH ERROR: Twitch user OAuth token is invalid or expired.

{"error":"Unauthorized","status":401,"message":"Invalid OAuth token"}
[2026-07-24 12:40:11] CHANNEL REFRESH ERROR: Twitch user OAuth token is invalid or expired.

{"error":"Unauthorized","status":401,"message":"Invalid OAuth token"}
[2026-07-24 12:40:14] CHANNEL REFRESH ERROR: Twitch user OAuth token is invalid or expired.

{"error":"Unauthorized","status":401,"message":"Invalid OAuth token"}
[2026-07-24 12:40:16] CHANNEL REFRESH ERROR: Twitch user OAuth token is invalid or expired.

{"error":"Unauthorized","status":401,"message":"Invalid OAuth token"}
[2026-07-24 12:40:17] CHANNEL REFRESH ERROR: Twitch user OAuth token is invalid or expired.

{"error":"Unauthorized","status":401,"message":"Invalid OAuth token"}
[2026-07-24 12:40:19] CHANNEL REFRESH ERROR: Twitch user OAuth token is invalid or expired.

{"error":"Unauthorized","status":401,"message":"Invalid OAuth token"}
[2026-07-24 12:40:22] CHANNEL REFRESH ERROR: Twitch user OAuth token is invalid or expired.

{"error":"Unauthorized","status":401,"message":"Invalid OAuth token"}
[2026-07-24 12:40:23] CHANNEL REFRESH ERROR: Twitch user OAuth token is invalid or expired.

{"error":"Unauthorized","status":401,"message":"Invalid OAuth token"}
[2026-07-24 12:40:26] CHANNEL REFRESH ERROR: Twitch user OAuth token is invalid or expired.

{"error":"Unauthorized","status":401,"message":"Invalid OAuth token"}
[2026-07-24 12:40:28] CHANNEL REFRESH ERROR: Twitch user OAuth token is invalid or expired.

{"error":"Unauthorized","status":401,"message":"Invalid OAuth token"}
[2026-07-24 12:40:29] CHANNEL REFRESH ERROR: Twitch user OAuth token is invalid or expired.

{"error":"Unauthorized","status":401,"message":"Invalid OAuth token"}
[2026-07-24 12:40:31] CHANNEL REFRESH ERROR: Twitch user OAuth token is invalid or expired.

{"error":"Unauthorized","status":401,"message":"Invalid OAuth token"}
[2026-07-24 12:40:34] CHANNEL REFRESH ERROR: Twitch user OAuth token is invalid or expired.

{"error":"Unauthorized","status":401,"message":"Invalid OAuth token"}
[2026-07-24 12:40:35] CHANNEL REFRESH ERROR: Twitch user OAuth token is invalid or expired.

{"error":"Unauthorized","status":401,"message":"Invalid OAuth token"}
[2026-07-24 12:40:37] CHANNEL REFRESH ERROR: Twitch user OAuth token is invalid or expired.

{"error":"Unauthorized","status":401,"message":"Invalid OAuth token"}
[2026-07-24 12:40:40] CHANNEL REFRESH ERROR: Twitch user OAuth token is invalid or expired.

{"error":"Unauthorized","status":401,"message":"Invalid OAuth token"}
[2026-07-24 12:40:41] CHANNEL REFRESH ERROR: Twitch user OAuth token is invalid or expired.

{"error":"Unauthorized","status":401,"message":"Invalid OAuth token"}
[2026-07-24 12:40:43] CHANNEL REFRESH ERROR: Twitch user OAuth token is invalid or expired.

{"error":"Unauthorized","status":401,"message":"Invalid OAuth token"}
[2026-07-24 12:40:46] CHANNEL REFRESH ERROR: Twitch user OAuth token is invalid or expired.

{"error":"Unauthorized","status":401,"message":"Invalid OAuth token"}
[2026-07-24 12:40:47] CHANNEL REFRESH ERROR: Twitch user OAuth token is invalid or expired.

{"error":"Unauthorized","status":401,"message":"Invalid OAuth token"}
[2026-07-24 12:40:49] CHANNEL REFRESH ERROR: Twitch user OAuth token is invalid or expired.

{"error":"Unauthorized","status":401,"message":"Invalid OAuth token"}
[2026-07-24 12:40:52] CHANNEL REFRESH ERROR: Twitch user OAuth token is invalid or expired.

{"error":"Unauthorized","status":401,"message":"Invalid OAuth token"}
[2026-07-24 12:40:53] CHANNEL REFRESH ERROR: Twitch user OAuth token is invalid or expired.

{"error":"Unauthorized","status":401,"message":"Invalid OAuth token"}
[2026-07-24 12:40:55] CHANNEL REFRESH ERROR: Twitch user OAuth token is invalid or expired.

{"error":"Unauthorized","status":401,"message":"Invalid OAuth token"}
[2026-07-24 12:40:58] CHANNEL REFRESH ERROR: Twitch user OAuth token is invalid or expired.

{"error":"Unauthorized","status":401,"message":"Invalid OAuth token"}
[2026-07-24 12:40:59] CHANNEL REFRESH ERROR: Twitch user OAuth token is invalid or expired.

{"error":"Unauthorized","status":401,"message":"Invalid OAuth token"}
[2026-07-24 12:41:01] CHANNEL REFRESH ERROR: Twitch user OAuth token is invalid or expired.

{"error":"Unauthorized","status":401,"message":"Invalid OAuth token"}
[2026-07-24 12:41:04] CHANNEL REFRESH ERROR: Twitch user OAuth token is invalid or expired.

{"error":"Unauthorized","status":401,"message":"Invalid OAuth token"}
[2026-07-24 12:41:05] CHANNEL REFRESH ERROR: Twitch user OAuth token is invalid or expired.

{"error":"Unauthorized","status":401,"message":"Invalid OAuth token"}
[2026-07-24 12:41:07] CHANNEL REFRESH ERROR: Twitch user OAuth token is invalid or expired.

{"error":"Unauthorized","status":401,"message":"Invalid OAuth token"}
[2026-07-24 12:41:10] CHANNEL REFRESH ERROR: Twitch user OAuth token is invalid or expired.

{"error":"Unauthorized","status":401,"message":"Invalid OAuth token"}
[2026-07-24 12:41:11] CHANNEL REFRESH ERROR: Twitch user OAuth token is invalid or expired.

{"error":"Unauthorized","status":401,"message":"Invalid OAuth token"}
[2026-07-24 12:41:14] CHANNEL REFRESH ERROR: Twitch user OAuth token is invalid or expired.

{"error":"Unauthorized","status":401,"message":"Invalid OAuth token"}
[2026-07-24 12:41:16] CHANNEL REFRESH ERROR: Twitch user OAuth token is invalid or expired.

{"error":"Unauthorized","status":401,"message":"Invalid OAuth token"}
[2026-07-24 12:41:17] CHANNEL REFRESH ERROR: Twitch user OAuth token is invalid or expired.

{"error":"Unauthorized","status":401,"message":"Invalid OAuth token"}
[2026-07-24 12:41:19] CHANNEL REFRESH ERROR: Twitch user OAuth token is invalid or expired.

{"error":"Unauthorized","status":401,"message":"Invalid OAuth token"}
[2026-07-24 12:41:22] CHANNEL REFRESH ERROR: Twitch user OAuth token is invalid or expired.

{"error":"Unauthorized","status":401,"message":"Invalid OAuth token"}
[2026-07-24 12:41:23] CHANNEL REFRESH ERROR: Twitch user OAuth token is invalid or expired.

{"error":"Unauthorized","status":401,"message":"Invalid OAuth token"}
[2026-07-24 12:41:25] CHANNEL REFRESH ERROR: Twitch user OAuth token is invalid or expired.

{"error":"Unauthorized","status":401,"message":"Invalid OAuth token"}
[2026-07-24 12:41:28] CHANNEL REFRESH ERROR: Twitch user OAuth token is invalid or expired.

{"error":"Unauthorized","status":401,"message":"Invalid OAuth token"}
[2026-07-24 12:41:29] CHANNEL REFRESH ERROR: Twitch user OAuth token is invalid or expired.

{"error":"Unauthorized","status":401,"message":"Invalid OAuth token"}
[2026-07-24 12:41:31] CHANNEL REFRESH ERROR: Twitch user OAuth token is invalid or expired.

{"error":"Unauthorized","status":401,"message":"Invalid OAuth token"}
[2026-07-24 12:41:34] CHANNEL REFRESH ERROR: Twitch user OAuth token is invalid or expired.

{"error":"Unauthorized","status":401,"message":"Invalid OAuth token"}
[2026-07-24 12:41:35] CHANNEL REFRESH ERROR: Twitch user OAuth token is invalid or expired.

{"error":"Unauthorized","status":401,"message":"Invalid OAuth token"}
[2026-07-24 12:41:37] CHANNEL REFRESH ERROR: Twitch user OAuth token is invalid or expired.

{"error":"Unauthorized","status":401,"message":"Invalid OAuth token"}
[2026-07-24 12:41:40] CHANNEL REFRESH ERROR: Twitch user OAuth token is invalid or expired.

{"error":"Unauthorized","status":401,"message":"Invalid OAuth token"}
[2026-07-24 12:41:41] CHANNEL REFRESH ERROR: Twitch user OAuth token is invalid or expired.

{"error":"Unauthorized","status":401,"message":"Invalid OAuth token"}
[2026-07-24 12:41:43] CHANNEL REFRESH ERROR: Twitch user OAuth token is invalid or expired.

{"error":"Unauthorized","status":401,"message":"Invalid OAuth token"}
[2026-07-24 12:41:46] CHANNEL REFRESH ERROR: Twitch user OAuth token is invalid or expired.

{"error":"Unauthorized","status":401,"message":"Invalid OAuth token"}
[2026-07-24 12:41:47] CHANNEL REFRESH ERROR: Twitch user OAuth token is invalid or expired.

{"error":"Unauthorized","status":401,"message":"Invalid OAuth token"}
[2026-07-24 12:41:49] CHANNEL REFRESH ERROR: Twitch user OAuth token is invalid or expired.

{"error":"Unauthorized","status":401,"message":"Invalid OAuth token"}
[2026-07-24 12:41:52] CHANNEL REFRESH ERROR: Twitch user OAuth token is invalid or expired.

{"error":"Unauthorized","status":401,"message":"Invalid OAuth token"}
[2026-07-24 12:41:53] CHANNEL REFRESH ERROR: Twitch user OAuth token is invalid or expired.

{"error":"Unauthorized","status":401,"message":"Invalid OAuth token"}
[2026-07-24 12:41:55] CHANNEL REFRESH ERROR: Twitch user OAuth token is invalid or expired.

{"error":"Unauthorized","status":401,"message":"Invalid OAuth token"}
[2026-07-24 12:41:58] CHANNEL REFRESH ERROR: Twitch user OAuth token is invalid or expired.

{"error":"Unauthorized","status":401,"message":"Invalid OAuth token"}
[2026-07-24 12:41:59] CHANNEL REFRESH ERROR: Twitch user OAuth token is invalid or expired.

{"error":"Unauthorized","status":401,"message":"Invalid OAuth token"}
[2026-07-24 12:42:01] CHANNEL REFRESH ERROR: Twitch user OAuth token is invalid or expired.

{"error":"Unauthorized","status":401,"message":"Invalid OAuth token"}
[2026-07-24 12:42:04] CHANNEL REFRESH ERROR: Twitch user OAuth token is invalid or expired.

{"error":"Unauthorized","status":401,"message":"Invalid OAuth token"}
[2026-07-24 12:42:06] CHANNEL REFRESH ERROR: Twitch user OAuth token is invalid or expired.

{"error":"Unauthorized","status":401,"message":"Invalid OAuth token"}
[2026-07-24 12:42:07] CHANNEL REFRESH ERROR: Twitch user OAuth token is invalid or expired.

{"error":"Unauthorized","status":401,"message":"Invalid OAuth token"}
[2026-07-24 12:42:10] CHANNEL REFRESH ERROR: Twitch user OAuth token is invalid or expired.

{"error":"Unauthorized","status":401,"message":"Invalid OAuth token"}
[2026-07-24 12:42:11] CHANNEL REFRESH ERROR: Twitch user OAuth token is invalid or expired.

{"error":"Unauthorized","status":401,"message":"Invalid OAuth token"}
[2026-07-24 12:42:14] CHANNEL REFRESH ERROR: Twitch user OAuth token is invalid or expired.

{"error":"Unauthorized","status":401,"message":"Invalid OAuth token"}
[2026-07-24 12:42:16] CHANNEL REFRESH ERROR: Twitch user OAuth token is invalid or expired.

{"error":"Unauthorized","status":401,"message":"Invalid OAuth token"}
[2026-07-24 12:42:18] CHANNEL REFRESH ERROR: Twitch user OAuth token is invalid or expired.

{"error":"Unauthorized","status":401,"message":"Invalid OAuth token"}
[2026-07-24 12:42:19] CHANNEL REFRESH ERROR: Twitch user OAuth token is invalid or expired.

{"error":"Unauthorized","status":401,"message":"Invalid OAuth token"}
[2026-07-24 12:42:22] CHANNEL REFRESH ERROR: Twitch user OAuth token is invalid or expired.

{"error":"Unauthorized","status":401,"message":"Invalid OAuth token"}
[2026-07-24 12:42:23] CHANNEL REFRESH ERROR: Twitch user OAuth token is invalid or expired.

{"error":"Unauthorized","status":401,"message":"Invalid OAuth token"}
[2026-07-24 12:42:26] CHANNEL REFRESH ERROR: Twitch user OAuth token is invalid or expired.

{"error":"Unauthorized","status":401,"message":"Invalid OAuth token"}
[2026-07-24 12:42:28] CHANNEL REFRESH ERROR: Twitch user OAuth token is invalid or expired.

{"error":"Unauthorized","status":401,"message":"Invalid OAuth token"}
[2026-07-24 12:42:30] CHANNEL REFRESH ERROR: Twitch user OAuth token is invalid or expired.

{"error":"Unauthorized","status":401,"message":"Invalid OAuth token"}
[2026-07-24 12:42:32] CHANNEL REFRESH ERROR: Twitch user OAuth token is invalid or expired.

{"error":"Unauthorized","status":401,"message":"Invalid OAuth token"}
[2026-07-24 12:42:34] CHANNEL REFRESH ERROR: Twitch user OAuth token is invalid or expired.

{"error":"Unauthorized","status":401,"message":"Invalid OAuth token"}
[2026-07-24 12:42:36] CHANNEL REFRESH ERROR: Twitch user OAuth token is invalid or expired.

{"error":"Unauthorized","status":401,"message":"Invalid OAuth token"}
[2026-07-24 12:42:38] CHANNEL REFRESH ERROR: Twitch user OAuth token is invalid or expired.

{"error":"Unauthorized","status":401,"message":"Invalid OAuth token"}
[2026-07-24 12:42:40] CHANNEL REFRESH ERROR: Twitch user OAuth token is invalid or expired.

{"error":"Unauthorized","status":401,"message":"Invalid OAuth token"}
[2026-07-24 12:42:42] CHANNEL REFRESH ERROR: Twitch user OAuth token is invalid or expired.

{"error":"Unauthorized","status":401,"message":"Invalid OAuth token"}
[2026-07-24 12:42:44] CHANNEL REFRESH ERROR: Twitch user OAuth token is invalid or expired.

{"error":"Unauthorized","status":401,"message":"Invalid OAuth token"}
[2026-07-24 12:42:46] CHANNEL REFRESH ERROR: Twitch user OAuth token is invalid or expired.

{"error":"Unauthorized","status":401,"message":"Invalid OAuth token"}
[2026-07-24 12:42:48] CHANNEL REFRESH ERROR: Twitch user OAuth token is invalid or expired.

{"error":"Unauthorized","status":401,"message":"Invalid OAuth token"}
[2026-07-24 12:42:50] CHANNEL REFRESH ERROR: Twitch user OAuth token is invalid or expired.

{"error":"Unauthorized","status":401,"message":"Invalid OAuth token"}
[2026-07-24 12:42:52] CHANNEL REFRESH ERROR: Twitch user OAuth token is invalid or expired.

{"error":"Unauthorized","status":401,"message":"Invalid OAuth token"}
[2026-07-24 12:42:54] CHANNEL REFRESH ERROR: Twitch user OAuth token is invalid or expired.

{"error":"Unauthorized","status":401,"message":"Invalid OAuth token"}
[2026-07-24 12:42:56] CHANNEL REFRESH ERROR: Twitch user OAuth token is invalid or expired.

{"error":"Unauthorized","status":401,"message":"Invalid OAuth token"}
[2026-07-24 12:42:58] CHANNEL REFRESH ERROR: Twitch user OAuth token is invalid or expired.

{"error":"Unauthorized","status":401,"message":"Invalid OAuth token"}
[2026-07-24 12:43:00] CHANNEL REFRESH ERROR: Twitch user OAuth token is invalid or expired.

{"error":"Unauthorized","status":401,"message":"Invalid OAuth token"}
[2026-07-24 12:43:02] CHANNEL REFRESH ERROR: Twitch user OAuth token is invalid or expired.

{"error":"Unauthorized","status":401,"message":"Invalid OAuth token"}
[2026-07-24 12:43:04] CHANNEL REFRESH ERROR: Twitch user OAuth token is invalid or expired.

{"error":"Unauthorized","status":401,"message":"Invalid OAuth token"}
[2026-07-24 12:43:06] CHANNEL REFRESH ERROR: Twitch user OAuth token is invalid or expired.

{"error":"Unauthorized","status":401,"message":"Invalid OAuth token"}
[2026-07-24 12:43:08] CHANNEL REFRESH ERROR: Twitch user OAuth token is invalid or expired.

{"error":"Unauthorized","status":401,"message":"Invalid OAuth token"}
[2026-07-24 12:43:10] CHANNEL REFRESH ERROR: Twitch user OAuth token is invalid or expired.

{"error":"Unauthorized","status":401,"message":"Invalid OAuth token"}
[2026-07-24 12:43:12] CHANNEL REFRESH ERROR: Twitch user OAuth token is invalid or expired.

{"error":"Unauthorized","status":401,"message":"Invalid OAuth token"}
[2026-07-24 12:43:14] CHANNEL REFRESH ERROR: Twitch user OAuth token is invalid or expired.

{"error":"Unauthorized","status":401,"message":"Invalid OAuth token"}
[2026-07-24 12:43:16] CHANNEL REFRESH ERROR: Twitch user OAuth token is invalid or expired.

{"error":"Unauthorized","status":401,"message":"Invalid OAuth token"}
[2026-07-24 12:43:18] CHANNEL REFRESH ERROR: Twitch user OAuth token is invalid or expired.

{"error":"Unauthorized","status":401,"message":"Invalid OAuth token"}
[2026-07-24 12:43:20] CHANNEL REFRESH ERROR: Twitch user OAuth token is invalid or expired.

{"error":"Unauthorized","status":401,"message":"Invalid OAuth token"}
[2026-07-24 12:43:22] CHANNEL REFRESH ERROR: Twitch user OAuth token is invalid or expired.

{"error":"Unauthorized","status":401,"message":"Invalid OAuth token"}
[2026-07-24 12:43:24] CHANNEL REFRESH ERROR: Twitch user OAuth token is invalid or expired.

{"error":"Unauthorized","status":401,"message":"Invalid OAuth token"}
[2026-07-24 12:43:26] CHANNEL REFRESH ERROR: Twitch user OAuth token is invalid or expired.

{"error":"Unauthorized","status":401,"message":"Invalid OAuth token"}
[2026-07-24 12:43:28] CHANNEL REFRESH ERROR: Twitch user OAuth token is invalid or expired.

{"error":"Unauthorized","status":401,"message":"Invalid OAuth token"}
[2026-07-24 12:43:30] CHANNEL REFRESH ERROR: Twitch user OAuth token is invalid or expired.

{"error":"Unauthorized","status":401,"message":"Invalid OAuth token"}
[2026-07-24 12:43:32] CHANNEL REFRESH ERROR: Twitch user OAuth token is invalid or expired.

{"error":"Unauthorized","status":401,"message":"Invalid OAuth token"}
[2026-07-24 12:43:34] CHANNEL REFRESH ERROR: Twitch user OAuth token is invalid or expired.

{"error":"Unauthorized","status":401,"message":"Invalid OAuth token"}
[2026-07-24 12:43:36] CHANNEL REFRESH ERROR: Twitch user OAuth token is invalid or expired.

{"error":"Unauthorized","status":401,"message":"Invalid OAuth token"}
[2026-07-24 12:43:38] CHANNEL REFRESH ERROR: Twitch user OAuth token is invalid or expired.

{"error":"Unauthorized","status":401,"message":"Invalid OAuth token"}
[2026-07-24 12:43:40] CHANNEL REFRESH ERROR: Twitch user OAuth token is invalid or expired.

{"error":"Unauthorized","status":401,"message":"Invalid OAuth token"}
[2026-07-24 12:43:42] CHANNEL REFRESH ERROR: Twitch user OAuth token is invalid or expired.

{"error":"Unauthorized","status":401,"message":"Invalid OAuth token"}
[2026-07-24 12:43:44] CHANNEL REFRESH ERROR: Twitch user OAuth token is invalid or expired.

{"error":"Unauthorized","status":401,"message":"Invalid OAuth token"}
[2026-07-24 12:43:46] CHANNEL REFRESH ERROR: Twitch user OAuth token is invalid or expired.

{"error":"Unauthorized","status":401,"message":"Invalid OAuth token"}
[2026-07-24 12:43:48] CHANNEL REFRESH ERROR: Twitch user OAuth token is invalid or expired.

{"error":"Unauthorized","status":401,"message":"Invalid OAuth token"}
[2026-07-24 12:43:50] CHANNEL REFRESH ERROR: Twitch user OAuth token is invalid or expired.

{"error":"Unauthorized","status":401,"message":"Invalid OAuth token"}
[2026-07-24 12:43:52] CHANNEL REFRESH ERROR: Twitch user OAuth token is invalid or expired.

{"error":"Unauthorized","status":401,"message":"Invalid OAuth token"}
[2026-07-24 12:43:54] CHANNEL REFRESH ERROR: Twitch user OAuth token is invalid or expired.

{"error":"Unauthorized","status":401,"message":"Invalid OAuth token"}
[2026-07-24 12:43:56] CHANNEL REFRESH ERROR: Twitch user OAuth token is invalid or expired.

{"error":"Unauthorized","status":401,"message":"Invalid OAuth token"}
[2026-07-24 12:43:58] CHANNEL REFRESH ERROR: Twitch user OAuth token is invalid or expired.

{"error":"Unauthorized","status":401,"message":"Invalid OAuth token"}
[2026-07-24 12:44:00] CHANNEL REFRESH ERROR: Twitch user OAuth token is invalid or expired.

{"error":"Unauthorized","status":401,"message":"Invalid OAuth token"}
[2026-07-24 12:44:02] CHANNEL REFRESH ERROR: Twitch user OAuth token is invalid or expired.

{"error":"Unauthorized","status":401,"message":"Invalid OAuth token"}
[2026-07-24 12:44:04] CHANNEL REFRESH ERROR: Twitch user OAuth token is invalid or expired.

{"error":"Unauthorized","status":401,"message":"Invalid OAuth token"}
[2026-07-24 12:44:06] CHANNEL REFRESH ERROR: Twitch user OAuth token is invalid or expired.

{"error":"Unauthorized","status":401,"message":"Invalid OAuth token"}
[2026-07-24 12:44:08] CHANNEL REFRESH ERROR: Twitch user OAuth token is invalid or expired.

{"error":"Unauthorized","status":401,"message":"Invalid OAuth token"}
[2026-07-24 12:44:10] CHANNEL REFRESH ERROR: Twitch user OAuth token is invalid or expired.

{"error":"Unauthorized","status":401,"message":"Invalid OAuth token"}
[2026-07-24 12:44:12] CHANNEL REFRESH ERROR: Twitch user OAuth token is invalid or expired.

{"error":"Unauthorized","status":401,"message":"Invalid OAuth token"}
[2026-07-24 12:44:14] CHANNEL REFRESH ERROR: Twitch user OAuth token is invalid or expired.

{"error":"Unauthorized","status":401,"message":"Invalid OAuth token"}
[2026-07-24 12:44:16] CHANNEL REFRESH ERROR: Twitch user OAuth token is invalid or expired.

{"error":"Unauthorized","status":401,"message":"Invalid OAuth token"}
[2026-07-24 12:44:18] CHANNEL REFRESH ERROR: Twitch user OAuth token is invalid or expired.

{"error":"Unauthorized","status":401,"message":"Invalid OAuth token"}
[2026-07-24 12:44:20] CHANNEL REFRESH ERROR: Twitch user OAuth token is invalid or expired.

{"error":"Unauthorized","status":401,"message":"Invalid OAuth token"}
[2026-07-24 12:44:22] CHANNEL REFRESH ERROR: Twitch user OAuth token is invalid or expired.

{"error":"Unauthorized","status":401,"message":"Invalid OAuth token"}
[2026-07-24 12:44:24] CHANNEL REFRESH ERROR: Twitch user OAuth token is invalid or expired.

{"error":"Unauthorized","status":401,"message":"Invalid OAuth token"}
[2026-07-24 12:44:26] CHANNEL REFRESH ERROR: Twitch user OAuth token is invalid or expired.

{"error":"Unauthorized","status":401,"message":"Invalid OAuth token"}
[2026-07-24 12:44:28] CHANNEL REFRESH ERROR: Twitch user OAuth token is invalid or expired.

{"error":"Unauthorized","status":401,"message":"Invalid OAuth token"}
[2026-07-24 12:44:30] CHANNEL REFRESH ERROR: Twitch user OAuth token is invalid or expired.

{"error":"Unauthorized","status":401,"message":"Invalid OAuth token"}
[2026-07-24 12:44:32] CHANNEL REFRESH ERROR: Twitch user OAuth token is invalid or expired.

{"error":"Unauthorized","status":401,"message":"Invalid OAuth token"}
[2026-07-24 12:44:34] CHANNEL REFRESH ERROR: Twitch user OAuth token is invalid or expired.

{"error":"Unauthorized","status":401,"message":"Invalid OAuth token"}
[2026-07-24 12:44:36] CHANNEL REFRESH ERROR: Twitch user OAuth token is invalid or expired.

{"error":"Unauthorized","status":401,"message":"Invalid OAuth token"}
[2026-07-24 12:44:38] CHANNEL REFRESH ERROR: Twitch user OAuth token is invalid or expired.

{"error":"Unauthorized","status":401,"message":"Invalid OAuth token"}
[2026-07-24 12:44:40] CHANNEL REFRESH ERROR: Twitch user OAuth token is invalid or expired.

{"error":"Unauthorized","status":401,"message":"Invalid OAuth token"}
[2026-07-24 12:44:42] CHANNEL REFRESH ERROR: Twitch user OAuth token is invalid or expired.

{"error":"Unauthorized","status":401,"message":"Invalid OAuth token"}
[2026-07-24 12:44:44] CHANNEL REFRESH ERROR: Twitch user OAuth token is invalid or expired.

{"error":"Unauthorized","status":401,"message":"Invalid OAuth token"}
[2026-07-24 12:44:46] CHANNEL REFRESH ERROR: Twitch user OAuth token is invalid or expired.

{"error":"Unauthorized","status":401,"message":"Invalid OAuth token"}
[2026-07-24 12:44:48] CHANNEL REFRESH ERROR: Twitch user OAuth token is invalid or expired.

{"error":"Unauthorized","status":401,"message":"Invalid OAuth token"}
[2026-07-24 12:44:50] CHANNEL REFRESH ERROR: Twitch user OAuth token is invalid or expired.

{"error":"Unauthorized","status":401,"message":"Invalid OAuth token"}
[2026-07-24 12:44:52] CHANNEL REFRESH ERROR: Twitch user OAuth token is invalid or expired.

{"error":"Unauthorized","status":401,"message":"Invalid OAuth token"}
[2026-07-24 12:44:54] CHANNEL REFRESH ERROR: Twitch user OAuth token is invalid or expired.

{"error":"Unauthorized","status":401,"message":"Invalid OAuth token"}
[2026-07-24 12:44:56] CHANNEL REFRESH ERROR: Twitch user OAuth token is invalid or expired.

{"error":"Unauthorized","status":401,"message":"Invalid OAuth token"}
[2026-07-24 12:44:58] CHANNEL REFRESH ERROR: Twitch user OAuth token is invalid or expired.

{"error":"Unauthorized","status":401,"message":"Invalid OAuth token"}
[2026-07-24 12:45:00] CHANNEL REFRESH ERROR: Twitch user OAuth token is invalid or expired.

{"error":"Unauthorized","status":401,"message":"Invalid OAuth token"}
[2026-07-24 12:45:02] CHANNEL REFRESH ERROR: Twitch user OAuth token is invalid or expired.

{"error":"Unauthorized","status":401,"message":"Invalid OAuth token"}
[2026-07-24 12:45:04] CHANNEL REFRESH ERROR: Twitch user OAuth token is invalid or expired.

{"error":"Unauthorized","status":401,"message":"Invalid OAuth token"}
[2026-07-24 12:45:06] CHANNEL REFRESH ERROR: Twitch user OAuth token is invalid or expired.

{"error":"Unauthorized","status":401,"message":"Invalid OAuth token"}
[2026-07-24 12:45:08] CHANNEL REFRESH ERROR: Twitch user OAuth token is invalid or expired.

{"error":"Unauthorized","status":401,"message":"Invalid OAuth token"}
[2026-07-24 12:45:10] CHANNEL REFRESH ERROR: Twitch user OAuth token is invalid or expired.

{"error":"Unauthorized","status":401,"message":"Invalid OAuth token"}
[2026-07-24 12:45:12] CHANNEL REFRESH ERROR: Twitch user OAuth token is invalid or expired.

{"error":"Unauthorized","status":401,"message":"Invalid OAuth token"}
[2026-07-24 12:45:14] CHANNEL REFRESH ERROR: Twitch user OAuth token is invalid or expired.

{"error":"Unauthorized","status":401,"message":"Invalid OAuth token"}
[2026-07-24 12:45:16] CHANNEL REFRESH ERROR: Twitch user OAuth token is invalid or expired.

{"error":"Unauthorized","status":401,"message":"Invalid OAuth token"}
[2026-07-24 12:45:18] CHANNEL REFRESH ERROR: Twitch user OAuth token is invalid or expired.

{"error":"Unauthorized","status":401,"message":"Invalid OAuth token"}
[2026-07-24 12:45:20] CHANNEL REFRESH ERROR: Twitch user OAuth token is invalid or expired.

{"error":"Unauthorized","status":401,"message":"Invalid OAuth token"}
[2026-07-24 12:45:22] CHANNEL REFRESH ERROR: Twitch user OAuth token is invalid or expired.

{"error":"Unauthorized","status":401,"message":"Invalid OAuth token"}
[2026-07-24 12:45:24] CHANNEL REFRESH ERROR: Twitch user OAuth token is invalid or expired.

{"error":"Unauthorized","status":401,"message":"Invalid OAuth token"}
[2026-07-24 12:45:26] CHANNEL REFRESH ERROR: Twitch user OAuth token is invalid or expired.

{"error":"Unauthorized","status":401,"message":"Invalid OAuth token"}
[2026-07-24 12:45:28] CHANNEL REFRESH ERROR: Twitch user OAuth token is invalid or expired.

{"error":"Unauthorized","status":401,"message":"Invalid OAuth token"}
[2026-07-24 12:45:30] CHANNEL REFRESH ERROR: Twitch user OAuth token is invalid or expired.

{"error":"Unauthorized","status":401,"message":"Invalid OAuth token"}
[2026-07-24 12:45:32] CHANNEL REFRESH ERROR: Twitch user OAuth token is invalid or expired.

{"error":"Unauthorized","status":401,"message":"Invalid OAuth token"}
[2026-07-24 12:45:34] CHANNEL REFRESH ERROR: Twitch user OAuth token is invalid or expired.

{"error":"Unauthorized","status":401,"message":"Invalid OAuth token"}
[2026-07-24 12:45:36] CHANNEL REFRESH ERROR: Twitch user OAuth token is invalid or expired.

{"error":"Unauthorized","status":401,"message":"Invalid OAuth token"}
[2026-07-24 12:45:38] CHANNEL REFRESH ERROR: Twitch user OAuth token is invalid or expired.

{"error":"Unauthorized","status":401,"message":"Invalid OAuth token"}
[2026-07-24 12:45:40] CHANNEL REFRESH ERROR: Twitch user OAuth token is invalid or expired.

{"error":"Unauthorized","status":401,"message":"Invalid OAuth token"}
[2026-07-24 12:45:42] CHANNEL REFRESH ERROR: Twitch user OAuth token is invalid or expired.

{"error":"Unauthorized","status":401,"message":"Invalid OAuth token"}
[2026-07-24 12:45:44] CHANNEL REFRESH ERROR: Twitch user OAuth token is invalid or expired.

{"error":"Unauthorized","status":401,"message":"Invalid OAuth token"}
[2026-07-24 12:45:46] CHANNEL REFRESH ERROR: Twitch user OAuth token is invalid or expired.

{"error":"Unauthorized","status":401,"message":"Invalid OAuth token"}
[2026-07-24 12:45:48] CHANNEL REFRESH ERROR: Twitch user OAuth token is invalid or expired.

{"error":"Unauthorized","status":401,"message":"Invalid OAuth token"}
[2026-07-24 12:45:50] CHANNEL REFRESH ERROR: Twitch user OAuth token is invalid or expired.

{"error":"Unauthorized","status":401,"message":"Invalid OAuth token"}
[2026-07-24 12:45:52] CHANNEL REFRESH ERROR: Twitch user OAuth token is invalid or expired.

{"error":"Unauthorized","status":401,"message":"Invalid OAuth token"}
[2026-07-24 12:45:54] CHANNEL REFRESH ERROR: Twitch user OAuth token is invalid or expired.

{"error":"Unauthorized","status":401,"message":"Invalid OAuth token"}
[2026-07-24 12:45:56] CHANNEL REFRESH ERROR: Twitch user OAuth token is invalid or expired.

{"error":"Unauthorized","status":401,"message":"Invalid OAuth token"}
[2026-07-24 12:45:58] CHANNEL REFRESH ERROR: Twitch user OAuth token is invalid or expired.

{"error":"Unauthorized","status":401,"message":"Invalid OAuth token"}
[2026-07-24 12:46:00] CHANNEL REFRESH ERROR: Twitch user OAuth token is invalid or expired.

{"error":"Unauthorized","status":401,"message":"Invalid OAuth token"}
[2026-07-24 12:46:02] CHANNEL REFRESH ERROR: Twitch user OAuth token is invalid or expired.

{"error":"Unauthorized","status":401,"message":"Invalid OAuth token"}
[2026-07-24 12:46:04] CHANNEL REFRESH ERROR: Twitch user OAuth token is invalid or expired.

{"error":"Unauthorized","status":401,"message":"Invalid OAuth token"}
[2026-07-24 12:46:06] CHANNEL REFRESH ERROR: Twitch user OAuth token is invalid or expired.

{"error":"Unauthorized","status":401,"message":"Invalid OAuth token"}
[2026-07-24 12:46:08] CHANNEL REFRESH ERROR: Twitch user OAuth token is invalid or expired.

{"error":"Unauthorized","status":401,"message":"Invalid OAuth token"}
[2026-07-24 12:46:10] CHANNEL REFRESH ERROR: Twitch user OAuth token is invalid or expired.

{"error":"Unauthorized","status":401,"message":"Invalid OAuth token"}
[2026-07-24 12:46:12] CHANNEL REFRESH ERROR: Twitch user OAuth token is invalid or expired.

{"error":"Unauthorized","status":401,"message":"Invalid OAuth token"}
[2026-07-24 12:46:14] CHANNEL REFRESH ERROR: Twitch user OAuth token is invalid or expired.

{"error":"Unauthorized","status":401,"message":"Invalid OAuth token"}
[2026-07-24 12:46:16] CHANNEL REFRESH ERROR: Twitch user OAuth token is invalid or expired.

{"error":"Unauthorized","status":401,"message":"Invalid OAuth token"}
[2026-07-24 12:46:18] CHANNEL REFRESH ERROR: Twitch user OAuth token is invalid or expired.

{"error":"Unauthorized","status":401,"message":"Invalid OAuth token"}
[2026-07-24 12:46:20] CHANNEL REFRESH ERROR: Twitch user OAuth token is invalid or expired.

{"error":"Unauthorized","status":401,"message":"Invalid OAuth token"}
[2026-07-24 12:46:22] CHANNEL REFRESH ERROR: Twitch user OAuth token is invalid or expired.

{"error":"Unauthorized","status":401,"message":"Invalid OAuth token"}
[2026-07-24 12:46:24] CHANNEL REFRESH ERROR: Twitch user OAuth token is invalid or expired.

{"error":"Unauthorized","status":401,"message":"Invalid OAuth token"}
[2026-07-24 12:46:26] CHANNEL REFRESH ERROR: Twitch user OAuth token is invalid or expired.

{"error":"Unauthorized","status":401,"message":"Invalid OAuth token"}
[2026-07-24 12:46:28] CHANNEL REFRESH ERROR: Twitch user OAuth token is invalid or expired.

{"error":"Unauthorized","status":401,"message":"Invalid OAuth token"}
[2026-07-24 12:46:30] CHANNEL REFRESH ERROR: Twitch user OAuth token is invalid or expired.

{"error":"Unauthorized","status":401,"message":"Invalid OAuth token"}
[2026-07-24 12:46:32] CHANNEL REFRESH ERROR: Twitch user OAuth token is invalid or expired.

{"error":"Unauthorized","status":401,"message":"Invalid OAuth token"}
[2026-07-24 12:46:34] CHANNEL REFRESH ERROR: Twitch user OAuth token is invalid or expired.

{"error":"Unauthorized","status":401,"message":"Invalid OAuth token"}
[2026-07-24 12:46:36] CHANNEL REFRESH ERROR: Twitch user OAuth token is invalid or expired.

{"error":"Unauthorized","status":401,"message":"Invalid OAuth token"}
[2026-07-24 12:46:38] CHANNEL REFRESH ERROR: Twitch user OAuth token is invalid or expired.

{"error":"Unauthorized","status":401,"message":"Invalid OAuth token"}
[2026-07-24 12:46:40] CHANNEL REFRESH ERROR: Twitch user OAuth token is invalid or expired.

{"error":"Unauthorized","status":401,"message":"Invalid OAuth token"}
[2026-07-24 12:46:42] CHANNEL REFRESH ERROR: Twitch user OAuth token is invalid or expired.

{"error":"Unauthorized","status":401,"message":"Invalid OAuth token"}
[2026-07-24 12:46:44] CHANNEL REFRESH ERROR: Twitch user OAuth token is invalid or expired.

{"error":"Unauthorized","status":401,"message":"Invalid OAuth token"}
[2026-07-24 12:46:46] CHANNEL REFRESH ERROR: Twitch user OAuth token is invalid or expired.

{"error":"Unauthorized","status":401,"message":"Invalid OAuth token"}
[2026-07-24 12:46:48] CHANNEL REFRESH ERROR: Twitch user OAuth token is invalid or expired.

{"error":"Unauthorized","status":401,"message":"Invalid OAuth token"}
[2026-07-24 12:46:50] CHANNEL REFRESH ERROR: Twitch user OAuth token is invalid or expired.

{"error":"Unauthorized","status":401,"message":"Invalid OAuth token"}
[2026-07-24 12:46:52] CHANNEL REFRESH ERROR: Twitch user OAuth token is invalid or expired.

{"error":"Unauthorized","status":401,"message":"Invalid OAuth token"}
[2026-07-24 12:46:54] CHANNEL REFRESH ERROR: Twitch user OAuth token is invalid or expired.

{"error":"Unauthorized","status":401,"message":"Invalid OAuth token"}
[2026-07-24 12:46:56] CHANNEL REFRESH ERROR: Twitch user OAuth token is invalid or expired.

{"error":"Unauthorized","status":401,"message":"Invalid OAuth token"}
[2026-07-24 12:46:58] CHANNEL REFRESH ERROR: Twitch user OAuth token is invalid or expired.

{"error":"Unauthorized","status":401,"message":"Invalid OAuth token"}
[2026-07-24 12:47:00] CHANNEL REFRESH ERROR: Twitch user OAuth token is invalid or expired.

{"error":"Unauthorized","status":401,"message":"Invalid OAuth token"}
[2026-07-24 12:47:02] CHANNEL REFRESH ERROR: Twitch user OAuth token is invalid or expired.

{"error":"Unauthorized","status":401,"message":"Invalid OAuth token"}
[2026-07-24 12:47:04] CHANNEL REFRESH ERROR: Twitch user OAuth token is invalid or expired.

{"error":"Unauthorized","status":401,"message":"Invalid OAuth token"}
[2026-07-24 12:47:06] CHANNEL REFRESH ERROR: Twitch user OAuth token is invalid or expired.

{"error":"Unauthorized","status":401,"message":"Invalid OAuth token"}
[2026-07-24 12:47:08] CHANNEL REFRESH ERROR: Twitch user OAuth token is invalid or expired.

{"error":"Unauthorized","status":401,"message":"Invalid OAuth token"}
[2026-07-24 12:47:10] CHANNEL REFRESH ERROR: Twitch user OAuth token is invalid or expired.

{"error":"Unauthorized","status":401,"message":"Invalid OAuth token"}
[2026-07-24 12:47:12] CHANNEL REFRESH ERROR: Twitch user OAuth token is invalid or expired.

{"error":"Unauthorized","status":401,"message":"Invalid OAuth token"}
[2026-07-24 12:47:14] CHANNEL REFRESH ERROR: Twitch user OAuth token is invalid or expired.

{"error":"Unauthorized","status":401,"message":"Invalid OAuth token"}
[2026-07-24 12:47:16] CHANNEL REFRESH ERROR: Twitch user OAuth token is invalid or expired.

{"error":"Unauthorized","status":401,"message":"Invalid OAuth token"}
[2026-07-24 12:47:18] CHANNEL REFRESH ERROR: Twitch user OAuth token is invalid or expired.

{"error":"Unauthorized","status":401,"message":"Invalid OAuth token"}
[2026-07-24 12:47:20] CHANNEL REFRESH ERROR: Twitch user OAuth token is invalid or expired.

{"error":"Unauthorized","status":401,"message":"Invalid OAuth token"}
[2026-07-24 12:47:22] CHANNEL REFRESH ERROR: Twitch user OAuth token is invalid or expired.

{"error":"Unauthorized","status":401,"message":"Invalid OAuth token"}
[2026-07-24 12:47:24] CHANNEL REFRESH ERROR: Twitch user OAuth token is invalid or expired.

{"error":"Unauthorized","status":401,"message":"Invalid OAuth token"}
[2026-07-24 12:47:26] CHANNEL REFRESH ERROR: Twitch user OAuth token is invalid or expired.

{"error":"Unauthorized","status":401,"message":"Invalid OAuth token"}
[2026-07-24 12:47:28] CHANNEL REFRESH ERROR: Twitch user OAuth token is invalid or expired.

{"error":"Unauthorized","status":401,"message":"Invalid OAuth token"}
[2026-07-24 12:47:30] CHANNEL REFRESH ERROR: Twitch user OAuth token is invalid or expired.

{"error":"Unauthorized","status":401,"message":"Invalid OAuth token"}
[2026-07-24 12:47:32] CHANNEL REFRESH ERROR: Twitch user OAuth token is invalid or expired.

{"error":"Unauthorized","status":401,"message":"Invalid OAuth token"}
[2026-07-24 12:47:34] CHANNEL REFRESH ERROR: Twitch user OAuth token is invalid or expired.

{"error":"Unauthorized","status":401,"message":"Invalid OAuth token"}
[2026-07-24 12:47:36] CHANNEL REFRESH ERROR: Twitch user OAuth token is invalid or expired.

{"error":"Unauthorized","status":401,"message":"Invalid OAuth token"}
[2026-07-24 12:47:38] CHANNEL REFRESH ERROR: Twitch user OAuth token is invalid or expired.

{"error":"Unauthorized","status":401,"message":"Invalid OAuth token"}
[2026-07-24 12:47:40] CHANNEL REFRESH ERROR: Twitch user OAuth token is invalid or expired.

{"error":"Unauthorized","status":401,"message":"Invalid OAuth token"}
[2026-07-24 12:47:42] CHANNEL REFRESH ERROR: Twitch user OAuth token is invalid or expired.

{"error":"Unauthorized","status":401,"message":"Invalid OAuth token"}
[2026-07-24 12:47:44] CHANNEL REFRESH ERROR: Twitch user OAuth token is invalid or expired.

{"error":"Unauthorized","status":401,"message":"Invalid OAuth token"}
[2026-07-24 12:47:46] CHANNEL REFRESH ERROR: Twitch user OAuth token is invalid or expired.

{"error":"Unauthorized","status":401,"message":"Invalid OAuth token"}
[2026-07-24 12:47:48] CHANNEL REFRESH ERROR: Twitch user OAuth token is invalid or expired.

{"error":"Unauthorized","status":401,"message":"Invalid OAuth token"}
[2026-07-24 12:47:50] CHANNEL REFRESH ERROR: Twitch user OAuth token is invalid or expired.

{"error":"Unauthorized","status":401,"message":"Invalid OAuth token"}
[2026-07-24 12:47:52] CHANNEL REFRESH ERROR: Twitch user OAuth token is invalid or expired.

{"error":"Unauthorized","status":401,"message":"Invalid OAuth token"}
[2026-07-24 12:47:54] CHANNEL REFRESH ERROR: Twitch user OAuth token is invalid or expired.

{"error":"Unauthorized","status":401,"message":"Invalid OAuth token"}
[2026-07-24 12:47:56] CHANNEL REFRESH ERROR: Twitch user OAuth token is invalid or expired.

{"error":"Unauthorized","status":401,"message":"Invalid OAuth token"}
[2026-07-24 12:47:58] CHANNEL REFRESH ERROR: Twitch user OAuth token is invalid or expired.

{"error":"Unauthorized","status":401,"message":"Invalid OAuth token"}
[2026-07-24 12:48:00] CHANNEL REFRESH ERROR: Twitch user OAuth token is invalid or expired.

{"error":"Unauthorized","status":401,"message":"Invalid OAuth token"}
[2026-07-24 12:48:02] CHANNEL REFRESH ERROR: Twitch user OAuth token is invalid or expired.

{"error":"Unauthorized","status":401,"message":"Invalid OAuth token"}
[2026-07-24 12:48:04] CHANNEL REFRESH ERROR: Twitch user OAuth token is invalid or expired.

{"error":"Unauthorized","status":401,"message":"Invalid OAuth token"}
[2026-07-24 12:48:06] CHANNEL REFRESH ERROR: Twitch user OAuth token is invalid or expired.

{"error":"Unauthorized","status":401,"message":"Invalid OAuth token"}
[2026-07-24 12:48:08] CHANNEL REFRESH ERROR: Twitch user OAuth token is invalid or expired.

{"error":"Unauthorized","status":401,"message":"Invalid OAuth token"}
[2026-07-24 12:48:10] CHANNEL REFRESH ERROR: Twitch user OAuth token is invalid or expired.

{"error":"Unauthorized","status":401,"message":"Invalid OAuth token"}
[2026-07-24 12:48:12] CHANNEL REFRESH ERROR: Twitch user OAuth token is invalid or expired.

{"error":"Unauthorized","status":401,"message":"Invalid OAuth token"}
[2026-07-24 12:48:14] CHANNEL REFRESH ERROR: Twitch user OAuth token is invalid or expired.

{"error":"Unauthorized","status":401,"message":"Invalid OAuth token"}
[2026-07-24 12:48:16] CHANNEL REFRESH ERROR: Twitch user OAuth token is invalid or expired.

{"error":"Unauthorized","status":401,"message":"Invalid OAuth token"}
[2026-07-24 12:48:18] CHANNEL REFRESH ERROR: Twitch user OAuth token is invalid or expired.

{"error":"Unauthorized","status":401,"message":"Invalid OAuth token"}
[2026-07-24 12:48:20] CHANNEL REFRESH ERROR: Twitch user OAuth token is invalid or expired.

{"error":"Unauthorized","status":401,"message":"Invalid OAuth token"}
[2026-07-24 12:48:22] CHANNEL REFRESH ERROR: Twitch user OAuth token is invalid or expired.

{"error":"Unauthorized","status":401,"message":"Invalid OAuth token"}
[2026-07-24 12:48:24] CHANNEL REFRESH ERROR: Twitch user OAuth token is invalid or expired.

{"error":"Unauthorized","status":401,"message":"Invalid OAuth token"}
[2026-07-24 12:48:26] CHANNEL REFRESH ERROR: Twitch user OAuth token is invalid or expired.

{"error":"Unauthorized","status":401,"message":"Invalid OAuth token"}
[2026-07-24 12:48:28] CHANNEL REFRESH ERROR: Twitch user OAuth token is invalid or expired.

{"error":"Unauthorized","status":401,"message":"Invalid OAuth token"}
[2026-07-24 12:48:30] CHANNEL REFRESH ERROR: Twitch user OAuth token is invalid or expired.

{"error":"Unauthorized","status":401,"message":"Invalid OAuth token"}
[2026-07-24 12:48:32] CHANNEL REFRESH ERROR: Twitch user OAuth token is invalid or expired.

{"error":"Unauthorized","status":401,"message":"Invalid OAuth token"}
[2026-07-24 12:48:34] CHANNEL REFRESH ERROR: Twitch user OAuth token is invalid or expired.

{"error":"Unauthorized","status":401,"message":"Invalid OAuth token"}
[2026-07-24 12:48:36] CHANNEL REFRESH ERROR: Twitch user OAuth token is invalid or expired.

{"error":"Unauthorized","status":401,"message":"Invalid OAuth token"}
[2026-07-24 12:48:38] CHANNEL REFRESH ERROR: Twitch user OAuth token is invalid or expired.

{"error":"Unauthorized","status":401,"message":"Invalid OAuth token"}
[2026-07-24 12:48:40] CHANNEL REFRESH ERROR: Twitch user OAuth token is invalid or expired.

{"error":"Unauthorized","status":401,"message":"Invalid OAuth token"}
[2026-07-24 12:48:42] CHANNEL REFRESH ERROR: Twitch user OAuth token is invalid or expired.

{"error":"Unauthorized","status":401,"message":"Invalid OAuth token"}
[2026-07-24 12:48:44] CHANNEL REFRESH ERROR: Twitch user OAuth token is invalid or expired.

{"error":"Unauthorized","status":401,"message":"Invalid OAuth token"}
[2026-07-24 12:48:46] CHANNEL REFRESH ERROR: Twitch user OAuth token is invalid or expired.

{"error":"Unauthorized","status":401,"message":"Invalid OAuth token"}
[2026-07-24 12:48:48] CHANNEL REFRESH ERROR: Twitch user OAuth token is invalid or expired.

{"error":"Unauthorized","status":401,"message":"Invalid OAuth token"}
[2026-07-24 12:48:50] CHANNEL REFRESH ERROR: Twitch user OAuth token is invalid or expired.

{"error":"Unauthorized","status":401,"message":"Invalid OAuth token"}
[2026-07-24 12:48:52] CHANNEL REFRESH ERROR: Twitch user OAuth token is invalid or expired.

{"error":"Unauthorized","status":401,"message":"Invalid OAuth token"}
[2026-07-24 12:48:54] CHANNEL REFRESH ERROR: Twitch user OAuth token is invalid or expired.

{"error":"Unauthorized","status":401,"message":"Invalid OAuth token"}
[2026-07-24 12:48:56] CHANNEL REFRESH ERROR: Twitch user OAuth token is invalid or expired.

{"error":"Unauthorized","status":401,"message":"Invalid OAuth token"}
[2026-07-24 12:48:58] CHANNEL REFRESH ERROR: Twitch user OAuth token is invalid or expired.

{"error":"Unauthorized","status":401,"message":"Invalid OAuth token"}
[2026-07-24 12:49:00] CHANNEL REFRESH ERROR: Twitch user OAuth token is invalid or expired.

{"error":"Unauthorized","status":401,"message":"Invalid OAuth token"}
[2026-07-24 12:49:02] CHANNEL REFRESH ERROR: Twitch user OAuth token is invalid or expired.

{"error":"Unauthorized","status":401,"message":"Invalid OAuth token"}
[2026-07-24 12:49:04] CHANNEL REFRESH ERROR: Twitch user OAuth token is invalid or expired.

{"error":"Unauthorized","status":401,"message":"Invalid OAuth token"}
[2026-07-24 12:49:06] CHANNEL REFRESH ERROR: Twitch user OAuth token is invalid or expired.

{"error":"Unauthorized","status":401,"message":"Invalid OAuth token"}
[2026-07-24 12:49:08] CHANNEL REFRESH ERROR: Twitch user OAuth token is invalid or expired.

{"error":"Unauthorized","status":401,"message":"Invalid OAuth token"}
[2026-07-24 12:49:10] CHANNEL REFRESH ERROR: Twitch user OAuth token is invalid or expired.

{"error":"Unauthorized","status":401,"message":"Invalid OAuth token"}
[2026-07-24 12:49:12] CHANNEL REFRESH ERROR: Twitch user OAuth token is invalid or expired.

{"error":"Unauthorized","status":401,"message":"Invalid OAuth token"}
[2026-07-24 12:49:14] CHANNEL REFRESH ERROR: Twitch user OAuth token is invalid or expired.

{"error":"Unauthorized","status":401,"message":"Invalid OAuth token"}
[2026-07-24 12:49:16] CHANNEL REFRESH ERROR: Twitch user OAuth token is invalid or expired.

{"error":"Unauthorized","status":401,"message":"Invalid OAuth token"}
[2026-07-24 12:49:18] CHANNEL REFRESH ERROR: Twitch user OAuth token is invalid or expired.

{"error":"Unauthorized","status":401,"message":"Invalid OAuth token"}
[2026-07-24 12:49:20] CHANNEL REFRESH ERROR: Twitch user OAuth token is invalid or expired.

{"error":"Unauthorized","status":401,"message":"Invalid OAuth token"}
[2026-07-24 12:49:22] CHANNEL REFRESH ERROR: Twitch user OAuth token is invalid or expired.

{"error":"Unauthorized","status":401,"message":"Invalid OAuth token"}
[2026-07-24 12:49:24] CHANNEL REFRESH ERROR: Twitch user OAuth token is invalid or expired.

{"error":"Unauthorized","status":401,"message":"Invalid OAuth token"}
[2026-07-24 12:49:26] CHANNEL REFRESH ERROR: Twitch user OAuth token is invalid or expired.

{"error":"Unauthorized","status":401,"message":"Invalid OAuth token"}
[2026-07-24 12:49:28] CHANNEL REFRESH ERROR: Twitch user OAuth token is invalid or expired.

{"error":"Unauthorized","status":401,"message":"Invalid OAuth token"}
[2026-07-24 12:49:30] CHANNEL REFRESH ERROR: Twitch user OAuth token is invalid or expired.

{"error":"Unauthorized","status":401,"message":"Invalid OAuth token"}
[2026-07-24 12:49:32] CHANNEL REFRESH ERROR: Twitch user OAuth token is invalid or expired.

{"error":"Unauthorized","status":401,"message":"Invalid OAuth token"}
[2026-07-24 12:49:34] CHANNEL REFRESH ERROR: Twitch user OAuth token is invalid or expired.

{"error":"Unauthorized","status":401,"message":"Invalid OAuth token"}
[2026-07-24 12:49:36] CHANNEL REFRESH ERROR: Twitch user OAuth token is invalid or expired.

{"error":"Unauthorized","status":401,"message":"Invalid OAuth token"}
[2026-07-24 12:49:38] CHANNEL REFRESH ERROR: Twitch user OAuth token is invalid or expired.

{"error":"Unauthorized","status":401,"message":"Invalid OAuth token"}
[2026-07-24 12:49:40] CHANNEL REFRESH ERROR: Twitch user OAuth token is invalid or expired.

{"error":"Unauthorized","status":401,"message":"Invalid OAuth token"}
[2026-07-24 12:49:42] CHANNEL REFRESH ERROR: Twitch user OAuth token is invalid or expired.

{"error":"Unauthorized","status":401,"message":"Invalid OAuth token"}
[2026-07-24 12:49:44] CHANNEL REFRESH ERROR: Twitch user OAuth token is invalid or expired.

{"error":"Unauthorized","status":401,"message":"Invalid OAuth token"}
[2026-07-24 12:49:46] CHANNEL REFRESH ERROR: Twitch user OAuth token is invalid or expired.

{"error":"Unauthorized","status":401,"message":"Invalid OAuth token"}
[2026-07-24 12:49:48] CHANNEL REFRESH ERROR: Twitch user OAuth token is invalid or expired.

{"error":"Unauthorized","status":401,"message":"Invalid OAuth token"}
[2026-07-24 12:49:50] CHANNEL REFRESH ERROR: Twitch user OAuth token is invalid or expired.

{"error":"Unauthorized","status":401,"message":"Invalid OAuth token"}
[2026-07-24 12:49:52] CHANNEL REFRESH ERROR: Twitch user OAuth token is invalid or expired.

{"error":"Unauthorized","status":401,"message":"Invalid OAuth token"}
[2026-07-24 12:49:54] CHANNEL REFRESH ERROR: Twitch user OAuth token is invalid or expired.

{"error":"Unauthorized","status":401,"message":"Invalid OAuth token"}
[2026-07-24 12:49:56] CHANNEL REFRESH ERROR: Twitch user OAuth token is invalid or expired.

{"error":"Unauthorized","status":401,"message":"Invalid OAuth token"}
[2026-07-24 12:49:58] CHANNEL REFRESH ERROR: Twitch user OAuth token is invalid or expired.

{"error":"Unauthorized","status":401,"message":"Invalid OAuth token"}
[2026-07-24 12:50:00] CHANNEL REFRESH ERROR: Twitch user OAuth token is invalid or expired.

{"error":"Unauthorized","status":401,"message":"Invalid OAuth token"}
[2026-07-24 12:50:02] CHANNEL REFRESH ERROR: Twitch user OAuth token is invalid or expired.

{"error":"Unauthorized","status":401,"message":"Invalid OAuth token"}
[2026-07-24 12:50:04] CHANNEL REFRESH ERROR: Twitch user OAuth token is invalid or expired.

{"error":"Unauthorized","status":401,"message":"Invalid OAuth token"}
[2026-07-24 12:50:06] CHANNEL REFRESH ERROR: Twitch user OAuth token is invalid or expired.

{"error":"Unauthorized","status":401,"message":"Invalid OAuth token"}
[2026-07-24 12:50:08] CHANNEL REFRESH ERROR: Twitch user OAuth token is invalid or expired.

{"error":"Unauthorized","status":401,"message":"Invalid OAuth token"}
[2026-07-24 12:50:10] CHANNEL REFRESH ERROR: Twitch user OAuth token is invalid or expired.

{"error":"Unauthorized","status":401,"message":"Invalid OAuth token"}
[2026-07-24 12:50:12] CHANNEL REFRESH ERROR: Twitch user OAuth token is invalid or expired.

{"error":"Unauthorized","status":401,"message":"Invalid OAuth token"}
[2026-07-24 12:50:14] CHANNEL REFRESH ERROR: Twitch user OAuth token is invalid or expired.

{"error":"Unauthorized","status":401,"message":"Invalid OAuth token"}
[2026-07-24 12:50:16] CHANNEL REFRESH ERROR: Twitch user OAuth token is invalid or expired.

{"error":"Unauthorized","status":401,"message":"Invalid OAuth token"}
[2026-07-24 12:50:18] CHANNEL REFRESH ERROR: Twitch user OAuth token is invalid or expired.

{"error":"Unauthorized","status":401,"message":"Invalid OAuth token"}
[2026-07-24 12:50:20] CHANNEL REFRESH ERROR: Twitch user OAuth token is invalid or expired.

{"error":"Unauthorized","status":401,"message":"Invalid OAuth token"}
[2026-07-24 12:50:22] CHANNEL REFRESH ERROR: Twitch user OAuth token is invalid or expired.

{"error":"Unauthorized","status":401,"message":"Invalid OAuth token"}
[2026-07-24 12:50:24] CHANNEL REFRESH ERROR: Twitch user OAuth token is invalid or expired.

{"error":"Unauthorized","status":401,"message":"Invalid OAuth token"}
[2026-07-24 12:50:26] CHANNEL REFRESH ERROR: Twitch user OAuth token is invalid or expired.

{"error":"Unauthorized","status":401,"message":"Invalid OAuth token"}
[2026-07-24 12:50:28] CHANNEL REFRESH ERROR: Twitch user OAuth token is invalid or expired.

{"error":"Unauthorized","status":401,"message":"Invalid OAuth token"}
[2026-07-24 12:50:30] CHANNEL REFRESH ERROR: Twitch user OAuth token is invalid or expired.

{"error":"Unauthorized","status":401,"message":"Invalid OAuth token"}
[2026-07-24 12:50:32] CHANNEL REFRESH ERROR: Twitch user OAuth token is invalid or expired.

{"error":"Unauthorized","status":401,"message":"Invalid OAuth token"}
[2026-07-24 12:50:34] CHANNEL REFRESH ERROR: Twitch user OAuth token is invalid or expired.

{"error":"Unauthorized","status":401,"message":"Invalid OAuth token"}
[2026-07-24 12:50:36] CHANNEL REFRESH ERROR: Twitch user OAuth token is invalid or expired.

{"error":"Unauthorized","status":401,"message":"Invalid OAuth token"}
[2026-07-24 12:50:38] CHANNEL REFRESH ERROR: Twitch user OAuth token is invalid or expired.

{"error":"Unauthorized","status":401,"message":"Invalid OAuth token"}
[2026-07-24 12:50:40] CHANNEL REFRESH ERROR: Twitch user OAuth token is invalid or expired.

{"error":"Unauthorized","status":401,"message":"Invalid OAuth token"}
[2026-07-24 12:50:42] CHANNEL REFRESH ERROR: Twitch user OAuth token is invalid or expired.

{"error":"Unauthorized","status":401,"message":"Invalid OAuth token"}
[2026-07-24 12:50:44] CHANNEL REFRESH ERROR: Twitch user OAuth token is invalid or expired.

{"error":"Unauthorized","status":401,"message":"Invalid OAuth token"}
[2026-07-24 12:50:46] CHANNEL REFRESH ERROR: Twitch user OAuth token is invalid or expired.

{"error":"Unauthorized","status":401,"message":"Invalid OAuth token"}
[2026-07-24 12:50:48] CHANNEL REFRESH ERROR: Twitch user OAuth token is invalid or expired.

{"error":"Unauthorized","status":401,"message":"Invalid OAuth token"}
[2026-07-24 12:50:50] CHANNEL REFRESH ERROR: Twitch user OAuth token is invalid or expired.

{"error":"Unauthorized","status":401,"message":"Invalid OAuth token"}
[2026-07-24 12:50:52] CHANNEL REFRESH ERROR: Twitch user OAuth token is invalid or expired.

{"error":"Unauthorized","status":401,"message":"Invalid OAuth token"}
[2026-07-24 12:50:54] CHANNEL REFRESH ERROR: Twitch user OAuth token is invalid or expired.

{"error":"Unauthorized","status":401,"message":"Invalid OAuth token"}
[2026-07-24 12:50:56] CHANNEL REFRESH ERROR: Twitch user OAuth token is invalid or expired.

{"error":"Unauthorized","status":401,"message":"Invalid OAuth token"}
[2026-07-24 12:50:58] CHANNEL REFRESH ERROR: Twitch user OAuth token is invalid or expired.

{"error":"Unauthorized","status":401,"message":"Invalid OAuth token"}
[2026-07-24 12:51:00] CHANNEL REFRESH ERROR: Twitch user OAuth token is invalid or expired.

{"error":"Unauthorized","status":401,"message":"Invalid OAuth token"}
[2026-07-24 12:51:02] CHANNEL REFRESH ERROR: Twitch user OAuth token is invalid or expired.

{"error":"Unauthorized","status":401,"message":"Invalid OAuth token"}
[2026-07-24 12:51:04] CHANNEL REFRESH ERROR: Twitch user OAuth token is invalid or expired.

{"error":"Unauthorized","status":401,"message":"Invalid OAuth token"}
[2026-07-24 12:51:06] CHANNEL REFRESH ERROR: Twitch user OAuth token is invalid or expired.

{"error":"Unauthorized","status":401,"message":"Invalid OAuth token"}
[2026-07-24 12:51:08] CHANNEL REFRESH ERROR: Twitch user OAuth token is invalid or expired.

{"error":"Unauthorized","status":401,"message":"Invalid OAuth token"}
[2026-07-24 12:51:10] CHANNEL REFRESH ERROR: Twitch user OAuth token is invalid or expired.

{"error":"Unauthorized","status":401,"message":"Invalid OAuth token"}
[2026-07-24 12:51:12] CHANNEL REFRESH ERROR: Twitch user OAuth token is invalid or expired.

{"error":"Unauthorized","status":401,"message":"Invalid OAuth token"}
[2026-07-24 12:51:14] CHANNEL REFRESH ERROR: Twitch user OAuth token is invalid or expired.

{"error":"Unauthorized","status":401,"message":"Invalid OAuth token"}
[2026-07-24 12:51:16] CHANNEL REFRESH ERROR: Twitch user OAuth token is invalid or expired.

{"error":"Unauthorized","status":401,"message":"Invalid OAuth token"}
[2026-07-24 12:51:18] CHANNEL REFRESH ERROR: Twitch user OAuth token is invalid or expired.

{"error":"Unauthorized","status":401,"message":"Invalid OAuth token"}
[2026-07-24 12:51:20] CHANNEL REFRESH ERROR: Twitch user OAuth token is invalid or expired.

{"error":"Unauthorized","status":401,"message":"Invalid OAuth token"}
[2026-07-24 12:51:22] CHANNEL REFRESH ERROR: Twitch user OAuth token is invalid or expired.

{"error":"Unauthorized","status":401,"message":"Invalid OAuth token"}
[2026-07-24 12:51:24] CHANNEL REFRESH ERROR: Twitch user OAuth token is invalid or expired.

{"error":"Unauthorized","status":401,"message":"Invalid OAuth token"}
[2026-07-24 12:51:26] CHANNEL REFRESH ERROR: Twitch user OAuth token is invalid or expired.

{"error":"Unauthorized","status":401,"message":"Invalid OAuth token"}
[2026-07-24 12:51:28] CHANNEL REFRESH ERROR: Twitch user OAuth token is invalid or expired.

{"error":"Unauthorized","status":401,"message":"Invalid OAuth token"}
[2026-07-24 12:51:30] CHANNEL REFRESH ERROR: Twitch user OAuth token is invalid or expired.

{"error":"Unauthorized","status":401,"message":"Invalid OAuth token"}
[2026-07-24 12:51:32] CHANNEL REFRESH ERROR: Twitch user OAuth token is invalid or expired.

{"error":"Unauthorized","status":401,"message":"Invalid OAuth token"}
[2026-07-24 12:51:34] CHANNEL REFRESH ERROR: Twitch user OAuth token is invalid or expired.

{"error":"Unauthorized","status":401,"message":"Invalid OAuth token"}
[2026-07-24 12:51:36] CHANNEL REFRESH ERROR: Twitch user OAuth token is invalid or expired.

{"error":"Unauthorized","status":401,"message":"Invalid OAuth token"}
[2026-07-24 12:51:38] CHANNEL REFRESH ERROR: Twitch user OAuth token is invalid or expired.

{"error":"Unauthorized","status":401,"message":"Invalid OAuth token"}
[2026-07-24 12:51:40] CHANNEL REFRESH ERROR: Twitch user OAuth token is invalid or expired.

{"error":"Unauthorized","status":401,"message":"Invalid OAuth token"}
[2026-07-24 12:51:42] CHANNEL REFRESH ERROR: Twitch user OAuth token is invalid or expired.

{"error":"Unauthorized","status":401,"message":"Invalid OAuth token"}
[2026-07-24 12:51:44] CHANNEL REFRESH ERROR: Twitch user OAuth token is invalid or expired.

{"error":"Unauthorized","status":401,"message":"Invalid OAuth token"}
[2026-07-24 12:51:46] CHANNEL REFRESH ERROR: Twitch user OAuth token is invalid or expired.

{"error":"Unauthorized","status":401,"message":"Invalid OAuth token"}
[2026-07-24 12:51:48] CHANNEL REFRESH ERROR: Twitch user OAuth token is invalid or expired.

{"error":"Unauthorized","status":401,"message":"Invalid OAuth token"}
[2026-07-24 12:51:50] CHANNEL REFRESH ERROR: Twitch user OAuth token is invalid or expired.

{"error":"Unauthorized","status":401,"message":"Invalid OAuth token"}
[2026-07-24 12:51:52] CHANNEL REFRESH ERROR: Twitch user OAuth token is invalid or expired.

{"error":"Unauthorized","status":401,"message":"Invalid OAuth token"}
[2026-07-24 12:51:54] CHANNEL REFRESH ERROR: Twitch user OAuth token is invalid or expired.

{"error":"Unauthorized","status":401,"message":"Invalid OAuth token"}
[2026-07-24 12:51:56] CHANNEL REFRESH ERROR: Twitch user OAuth token is invalid or expired.

{"error":"Unauthorized","status":401,"message":"Invalid OAuth token"}
[2026-07-24 12:51:58] CHANNEL REFRESH ERROR: Twitch user OAuth token is invalid or expired.

{"error":"Unauthorized","status":401,"message":"Invalid OAuth token"}
[2026-07-24 12:52:00] CHANNEL REFRESH ERROR: Twitch user OAuth token is invalid or expired.

{"error":"Unauthorized","status":401,"message":"Invalid OAuth token"}
[2026-07-24 12:52:02] CHANNEL REFRESH ERROR: Twitch user OAuth token is invalid or expired.

{"error":"Unauthorized","status":401,"message":"Invalid OAuth token"}
[2026-07-24 12:52:04] CHANNEL REFRESH ERROR: Twitch user OAuth token is invalid or expired.

{"error":"Unauthorized","status":401,"message":"Invalid OAuth token"}
[2026-07-24 12:52:06] CHANNEL REFRESH ERROR: Twitch user OAuth token is invalid or expired.

{"error":"Unauthorized","status":401,"message":"Invalid OAuth token"}
[2026-07-24 12:52:08] CHANNEL REFRESH ERROR: Twitch user OAuth token is invalid or expired.

{"error":"Unauthorized","status":401,"message":"Invalid OAuth token"}
[2026-07-24 12:52:10] CHANNEL REFRESH ERROR: Twitch user OAuth token is invalid or expired.

{"error":"Unauthorized","status":401,"message":"Invalid OAuth token"}
[2026-07-24 12:52:12] CHANNEL REFRESH ERROR: Twitch user OAuth token is invalid or expired.

{"error":"Unauthorized","status":401,"message":"Invalid OAuth token"}
[2026-07-24 12:52:14] CHANNEL REFRESH ERROR: Twitch user OAuth token is invalid or expired.

{"error":"Unauthorized","status":401,"message":"Invalid OAuth token"}
[2026-07-24 12:52:16] CHANNEL REFRESH ERROR: Twitch user OAuth token is invalid or expired.

{"error":"Unauthorized","status":401,"message":"Invalid OAuth token"}
[2026-07-24 12:52:18] CHANNEL REFRESH ERROR: Twitch user OAuth token is invalid or expired.

{"error":"Unauthorized","status":401,"message":"Invalid OAuth token"}
[2026-07-24 12:52:20] CHANNEL REFRESH ERROR: Twitch user OAuth token is invalid or expired.

{"error":"Unauthorized","status":401,"message":"Invalid OAuth token"}
[2026-07-24 12:52:22] CHANNEL REFRESH ERROR: Twitch user OAuth token is invalid or expired.

{"error":"Unauthorized","status":401,"message":"Invalid OAuth token"}
[2026-07-24 12:52:24] CHANNEL REFRESH ERROR: Twitch user OAuth token is invalid or expired.

{"error":"Unauthorized","status":401,"message":"Invalid OAuth token"}
[2026-07-24 12:52:26] CHANNEL REFRESH ERROR: Twitch user OAuth token is invalid or expired.

{"error":"Unauthorized","status":401,"message":"Invalid OAuth token"}
[2026-07-24 12:52:28] CHANNEL REFRESH ERROR: Twitch user OAuth token is invalid or expired.

{"error":"Unauthorized","status":401,"message":"Invalid OAuth token"}
[2026-07-24 12:52:30] CHANNEL REFRESH ERROR: Twitch user OAuth token is invalid or expired.

{"error":"Unauthorized","status":401,"message":"Invalid OAuth token"}
[2026-07-24 12:52:32] CHANNEL REFRESH ERROR: Twitch user OAuth token is invalid or expired.

{"error":"Unauthorized","status":401,"message":"Invalid OAuth token"}
[2026-07-24 12:52:34] CHANNEL REFRESH ERROR: Twitch user OAuth token is invalid or expired.

{"error":"Unauthorized","status":401,"message":"Invalid OAuth token"}
[2026-07-24 12:52:36] CHANNEL REFRESH ERROR: Twitch user OAuth token is invalid or expired.

{"error":"Unauthorized","status":401,"message":"Invalid OAuth token"}
[2026-07-24 12:52:38] CHANNEL REFRESH ERROR: Twitch user OAuth token is invalid or expired.

{"error":"Unauthorized","status":401,"message":"Invalid OAuth token"}
[2026-07-24 12:52:40] CHANNEL REFRESH ERROR: Twitch user OAuth token is invalid or expired.

{"error":"Unauthorized","status":401,"message":"Invalid OAuth token"}
[2026-07-24 12:52:42] CHANNEL REFRESH ERROR: Twitch user OAuth token is invalid or expired.

{"error":"Unauthorized","status":401,"message":"Invalid OAuth token"}
[2026-07-24 12:52:44] CHANNEL REFRESH ERROR: Twitch user OAuth token is invalid or expired.

{"error":"Unauthorized","status":401,"message":"Invalid OAuth token"}
[2026-07-24 12:52:46] CHANNEL REFRESH ERROR: Twitch user OAuth token is invalid or expired.

{"error":"Unauthorized","status":401,"message":"Invalid OAuth token"}
[2026-07-24 12:52:48] CHANNEL REFRESH ERROR: Twitch user OAuth token is invalid or expired.

{"error":"Unauthorized","status":401,"message":"Invalid OAuth token"}
[2026-07-24 12:52:50] CHANNEL REFRESH ERROR: Twitch user OAuth token is invalid or expired.

{"error":"Unauthorized","status":401,"message":"Invalid OAuth token"}
[2026-07-24 12:52:52] CHANNEL REFRESH ERROR: Twitch user OAuth token is invalid or expired.

{"error":"Unauthorized","status":401,"message":"Invalid OAuth token"}
[2026-07-24 12:52:54] CHANNEL REFRESH ERROR: Twitch user OAuth token is invalid or expired.

{"error":"Unauthorized","status":401,"message":"Invalid OAuth token"}
[2026-07-24 12:52:56] CHANNEL REFRESH ERROR: Twitch user OAuth token is invalid or expired.

{"error":"Unauthorized","status":401,"message":"Invalid OAuth token"}
[2026-07-24 12:52:58] CHANNEL REFRESH ERROR: Twitch user OAuth token is invalid or expired.

{"error":"Unauthorized","status":401,"message":"Invalid OAuth token"}
[2026-07-24 12:53:00] CHANNEL REFRESH ERROR: Twitch user OAuth token is invalid or expired.

{"error":"Unauthorized","status":401,"message":"Invalid OAuth token"}
[2026-07-24 12:53:02] CHANNEL REFRESH ERROR: Twitch user OAuth token is invalid or expired.

{"error":"Unauthorized","status":401,"message":"Invalid OAuth token"}
[2026-07-24 12:53:04] CHANNEL REFRESH ERROR: Twitch user OAuth token is invalid or expired.

{"error":"Unauthorized","status":401,"message":"Invalid OAuth token"}
[2026-07-24 12:53:06] CHANNEL REFRESH ERROR: Twitch user OAuth token is invalid or expired.

{"error":"Unauthorized","status":401,"message":"Invalid OAuth token"}
[2026-07-24 12:53:08] CHANNEL REFRESH ERROR: Twitch user OAuth token is invalid or expired.

{"error":"Unauthorized","status":401,"message":"Invalid OAuth token"}
[2026-07-24 12:53:10] CHANNEL REFRESH ERROR: Twitch user OAuth token is invalid or expired.

{"error":"Unauthorized","status":401,"message":"Invalid OAuth token"}
[2026-07-24 12:53:12] CHANNEL REFRESH ERROR: Twitch user OAuth token is invalid or expired.

{"error":"Unauthorized","status":401,"message":"Invalid OAuth token"}
[2026-07-24 12:53:14] CHANNEL REFRESH ERROR: Twitch user OAuth token is invalid or expired.

{"error":"Unauthorized","status":401,"message":"Invalid OAuth token"}
[2026-07-24 12:53:16] CHANNEL REFRESH ERROR: Twitch user OAuth token is invalid or expired.

{"error":"Unauthorized","status":401,"message":"Invalid OAuth token"}
[2026-07-24 12:53:18] CHANNEL REFRESH ERROR: Twitch user OAuth token is invalid or expired.

{"error":"Unauthorized","status":401,"message":"Invalid OAuth token"}
[2026-07-24 12:53:20] CHANNEL REFRESH ERROR: Twitch user OAuth token is invalid or expired.

{"error":"Unauthorized","status":401,"message":"Invalid OAuth token"}
[2026-07-24 12:53:22] CHANNEL REFRESH ERROR: Twitch user OAuth token is invalid or expired.

{"error":"Unauthorized","status":401,"message":"Invalid OAuth token"}
[2026-07-24 12:53:24] CHANNEL REFRESH ERROR: Twitch user OAuth token is invalid or expired.

{"error":"Unauthorized","status":401,"message":"Invalid OAuth token"}
[2026-07-24 12:53:26] CHANNEL REFRESH ERROR: Twitch user OAuth token is invalid or expired.

{"error":"Unauthorized","status":401,"message":"Invalid OAuth token"}
[2026-07-24 12:53:28] CHANNEL REFRESH ERROR: Twitch user OAuth token is invalid or expired.

{"error":"Unauthorized","status":401,"message":"Invalid OAuth token"}
[2026-07-24 12:53:30] CHANNEL REFRESH ERROR: Twitch user OAuth token is invalid or expired.

{"error":"Unauthorized","status":401,"message":"Invalid OAuth token"}
[2026-07-24 12:53:32] CHANNEL REFRESH ERROR: Twitch user OAuth token is invalid or expired.

{"error":"Unauthorized","status":401,"message":"Invalid OAuth token"}
[2026-07-24 12:53:34] CHANNEL REFRESH ERROR: Twitch user OAuth token is invalid or expired.

{"error":"Unauthorized","status":401,"message":"Invalid OAuth token"}
[2026-07-24 12:53:36] CHANNEL REFRESH ERROR: Twitch user OAuth token is invalid or expired.

{"error":"Unauthorized","status":401,"message":"Invalid OAuth token"}
[2026-07-24 12:53:38] CHANNEL REFRESH ERROR: Twitch user OAuth token is invalid or expired.

{"error":"Unauthorized","status":401,"message":"Invalid OAuth token"}
[2026-07-24 23:13:48] [STREAM] Dispatcher ready.
[2026-07-24 23:13:49] Logged in as DJdive
[2026-07-24 23:13:50] Last channel #aleksandria94 is offline. Starting #zvezdo4kina
[2026-07-24 23:13:50] Switching to #zvezdo4kina
[2026-07-24 23:13:54] [STREAM] Switching to #zvezdo4kina...
[2026-07-24 23:13:54] [STREAM] Loading stream: #zvezdo4kina
[2026-07-24 23:13:54] [STREAM] ▶ Watching #zvezdo4kina
[2026-07-24 23:13:54] [STREAM] Stream switched successfully to #zvezdo4kina.
[2026-07-24 23:13:55] Chat connecting to #zvezdo4kina
[2026-07-24 23:13:55] [RAID] Raid monitor started for zvezdo4kina
[2026-07-24 23:13:56] [RAID] Connecting to Twitch EventSub for zvezdo4kina...
[2026-07-24 23:13:57] [RAID] EventSub WebSocket connected for zvezdo4kina
[2026-07-24 23:13:57] [RAID] EventSub session established.
[2026-07-24 23:13:57] [RAID] Resolved zvezdo4kina to Twitch ID 435984259
[2026-07-24 23:13:57] [RAID] Creating Twitch raid subscription...
[2026-07-24 23:13:57] [RAID] 🟢 Monitoring raids from #zvezdo4kina
[2026-07-24 23:19:58] Switching to #zheka_pirate25
[2026-07-24 23:20:01] [STREAM] Switching to #zheka_pirate25...
[2026-07-24 23:20:01] [STREAM] Loading stream: #zheka_pirate25
[2026-07-24 23:20:01] RAID ANNOUNCEMENT: {'type': 'stream', 'streamer': 'zheka_pirate25'}
[2026-07-24 23:20:01] [STREAM] ▶ Watching #zheka_pirate25
[2026-07-24 23:20:01] [STREAM] Stream switched successfully to #zheka_pirate25.
[2026-07-24 23:20:02] Chat connecting to #zheka_pirate25
[2026-07-24 23:20:02] [RAID] Raid monitor stopped.
[2026-07-24 23:20:02] [RAID] Raid monitor started for zheka_pirate25
[2026-07-24 23:20:03] [RAID] Connecting to Twitch EventSub for zheka_pirate25...
[2026-07-24 23:20:03] [RAID] EventSub WebSocket connected for zheka_pirate25
[2026-07-24 23:20:03] [RAID] EventSub session established.
[2026-07-24 23:20:03] [RAID] Resolved zheka_pirate25 to Twitch ID 1255113815
[2026-07-24 23:20:03] [RAID] Creating Twitch raid subscription...
[2026-07-24 23:20:03] [RAID] 🟢 Monitoring raids from #zheka_pirate25
[2026-07-24 23:20:06] [RAID] Monitored channel changed.
[2026-07-24 23:20:11] [RAID] Connecting to Twitch EventSub for zheka_pirate25...
[2026-07-24 23:20:12] [RAID] EventSub WebSocket connected for zheka_pirate25
[2026-07-24 23:20:12] [RAID] EventSub session established.
[2026-07-24 23:20:12] [RAID] Resolved zheka_pirate25 to Twitch ID 1255113815
[2026-07-24 23:20:12] [RAID] Creating Twitch raid subscription...
[2026-07-24 23:20:12] [RAID] 🟢 Monitoring raids from #zheka_pirate25
[2026-07-24 23:45:06] CHANNEL REFRESH ERROR: ('Connection aborted.', ConnectionResetError(10054, 'An existing connection was forcibly closed by the remote host', None, 10054, None))
[2026-07-24 23:56:32] CHANNEL REFRESH ERROR: ('Connection aborted.', ConnectionResetError(10054, 'An existing connection was forcibly closed by the remote host', None, 10054, None))
[2026-07-25 00:05:20] CHANNEL REFRESH ERROR: ('Connection aborted.', ConnectionResetError(10054, 'An existing connection was forcibly closed by the remote host', None, 10054, None))
[2026-07-25 00:06:02] [RAID ERROR] Raid monitor error: no close frame received or sent
[2026-07-25 00:06:02] [RAID] Raid monitor reconnecting in 5 seconds...
[2026-07-25 00:06:07] [RAID] Connecting to Twitch EventSub for zheka_pirate25...
[2026-07-25 00:06:07] [RAID] EventSub WebSocket connected for zheka_pirate25
[2026-07-25 00:06:07] [RAID] EventSub session established.
[2026-07-25 00:06:07] [RAID] Resolved zheka_pirate25 to Twitch ID 1255113815
[2026-07-25 00:06:07] [RAID] Creating Twitch raid subscription...
[2026-07-25 00:06:08] [RAID] 🟢 Monitoring raids from #zheka_pirate25
[2026-07-25 00:06:10] CHANNEL REFRESH ERROR: ('Connection aborted.', ConnectionResetError(10054, 'An existing connection was forcibly closed by the remote host', None, 10054, None))
